begin_device "MoS2_GAA"
begin_coordinates
0.000000000000000e+00	0.000000000000000e+00	0.000000000000000e+00
0.000000000000000e+00	2.000000000000000e-07	0.000000000000000e+00
0.000000000000000e+00	4.000000000000000e-07	0.000000000000000e+00
0.000000000000000e+00	6.000000000000000e-07	0.000000000000000e+00
0.000000000000000e+00	8.000000000000000e-07	0.000000000000000e+00
0.000000000000000e+00	1.000000000000000e-06	0.000000000000000e+00
0.000000000000000e+00	1.200000000000000e-06	0.000000000000000e+00
0.000000000000000e+00	1.400000000000000e-06	0.000000000000000e+00
0.000000000000000e+00	1.600000000000000e-06	0.000000000000000e+00
0.000000000000000e+00	1.800000000000000e-06	0.000000000000000e+00
0.000000000000000e+00	2.000000000000000e-06	0.000000000000000e+00
0.000000000000000e+00	2.200000000000000e-06	0.000000000000000e+00
0.000000000000000e+00	2.400000000000000e-06	0.000000000000000e+00
0.000000000000000e+00	2.600000000000000e-06	0.000000000000000e+00
0.000000000000000e+00	2.799999999999999e-06	0.000000000000000e+00
0.000000000000000e+00	2.999999999999999e-06	0.000000000000000e+00
0.000000000000000e+00	3.199999999999999e-06	0.000000000000000e+00
0.000000000000000e+00	3.399999999999999e-06	0.000000000000000e+00
0.000000000000000e+00	3.599999999999999e-06	0.000000000000000e+00
0.000000000000000e+00	3.799999999999998e-06	0.000000000000000e+00
0.000000000000000e+00	3.999999999999998e-06	0.000000000000000e+00
0.000000000000000e+00	4.199999999999998e-06	0.000000000000000e+00
0.000000000000000e+00	4.399999999999998e-06	0.000000000000000e+00
0.000000000000000e+00	4.599999999999997e-06	0.000000000000000e+00
0.000000000000000e+00	4.799999999999997e-06	0.000000000000000e+00
0.000000000000000e+00	4.999999999999997e-06	0.000000000000000e+00
0.000000000000000e+00	5.199999999999997e-06	0.000000000000000e+00
0.000000000000000e+00	5.399999999999997e-06	0.000000000000000e+00
0.000000000000000e+00	5.599999999999996e-06	0.000000000000000e+00
0.000000000000000e+00	5.799999999999996e-06	0.000000000000000e+00
0.000000000000000e+00	5.999999999999996e-06	0.000000000000000e+00
0.000000000000000e+00	6.199999999999996e-06	0.000000000000000e+00
0.000000000000000e+00	6.399999999999995e-06	0.000000000000000e+00
0.000000000000000e+00	6.599999999999995e-06	0.000000000000000e+00
0.000000000000000e+00	6.799999999999995e-06	0.000000000000000e+00
0.000000000000000e+00	6.999999999999995e-06	0.000000000000000e+00
0.000000000000000e+00	7.199999999999995e-06	0.000000000000000e+00
0.000000000000000e+00	7.399999999999994e-06	0.000000000000000e+00
0.000000000000000e+00	7.599999999999994e-06	0.000000000000000e+00
0.000000000000000e+00	7.799999999999995e-06	0.000000000000000e+00
0.000000000000000e+00	7.999999999999995e-06	0.000000000000000e+00
0.000000000000000e+00	8.199999999999994e-06	0.000000000000000e+00
0.000000000000000e+00	8.399999999999994e-06	0.000000000000000e+00
0.000000000000000e+00	8.599999999999994e-06	0.000000000000000e+00
0.000000000000000e+00	8.799999999999994e-06	0.000000000000000e+00
0.000000000000000e+00	8.999999999999993e-06	0.000000000000000e+00
0.000000000000000e+00	9.199999999999993e-06	0.000000000000000e+00
0.000000000000000e+00	9.399999999999993e-06	0.000000000000000e+00
0.000000000000000e+00	9.599999999999993e-06	0.000000000000000e+00
0.000000000000000e+00	9.799999999999993e-06	0.000000000000000e+00
0.000000000000000e+00	9.999999999999999e-06	0.000000000000000e+00
1.000000000000000e-07	0.000000000000000e+00	0.000000000000000e+00
1.000000000000000e-07	2.000000000000000e-07	0.000000000000000e+00
1.000000000000000e-07	4.000000000000000e-07	0.000000000000000e+00
1.000000000000000e-07	6.000000000000000e-07	0.000000000000000e+00
1.000000000000000e-07	8.000000000000000e-07	0.000000000000000e+00
1.000000000000000e-07	1.000000000000000e-06	0.000000000000000e+00
1.000000000000000e-07	1.200000000000000e-06	0.000000000000000e+00
1.000000000000000e-07	1.400000000000000e-06	0.000000000000000e+00
1.000000000000000e-07	1.600000000000000e-06	0.000000000000000e+00
1.000000000000000e-07	1.800000000000000e-06	0.000000000000000e+00
1.000000000000000e-07	2.000000000000000e-06	0.000000000000000e+00
1.000000000000000e-07	2.200000000000000e-06	0.000000000000000e+00
1.000000000000000e-07	2.400000000000000e-06	0.000000000000000e+00
1.000000000000000e-07	2.600000000000000e-06	0.000000000000000e+00
1.000000000000000e-07	2.799999999999999e-06	0.000000000000000e+00
1.000000000000000e-07	2.999999999999999e-06	0.000000000000000e+00
1.000000000000000e-07	3.199999999999999e-06	0.000000000000000e+00
1.000000000000000e-07	3.399999999999999e-06	0.000000000000000e+00
1.000000000000000e-07	3.599999999999999e-06	0.000000000000000e+00
1.000000000000000e-07	3.799999999999998e-06	0.000000000000000e+00
1.000000000000000e-07	3.999999999999998e-06	0.000000000000000e+00
1.000000000000000e-07	4.199999999999998e-06	0.000000000000000e+00
1.000000000000000e-07	4.399999999999998e-06	0.000000000000000e+00
1.000000000000000e-07	4.599999999999997e-06	0.000000000000000e+00
1.000000000000000e-07	4.799999999999997e-06	0.000000000000000e+00
1.000000000000000e-07	4.999999999999997e-06	0.000000000000000e+00
1.000000000000000e-07	5.199999999999997e-06	0.000000000000000e+00
1.000000000000000e-07	5.399999999999997e-06	0.000000000000000e+00
1.000000000000000e-07	5.599999999999996e-06	0.000000000000000e+00
1.000000000000000e-07	5.799999999999996e-06	0.000000000000000e+00
1.000000000000000e-07	5.999999999999996e-06	0.000000000000000e+00
1.000000000000000e-07	6.199999999999996e-06	0.000000000000000e+00
1.000000000000000e-07	6.399999999999995e-06	0.000000000000000e+00
1.000000000000000e-07	6.599999999999995e-06	0.000000000000000e+00
1.000000000000000e-07	6.799999999999995e-06	0.000000000000000e+00
1.000000000000000e-07	6.999999999999995e-06	0.000000000000000e+00
1.000000000000000e-07	7.199999999999995e-06	0.000000000000000e+00
1.000000000000000e-07	7.399999999999994e-06	0.000000000000000e+00
1.000000000000000e-07	7.599999999999994e-06	0.000000000000000e+00
1.000000000000000e-07	7.799999999999995e-06	0.000000000000000e+00
1.000000000000000e-07	7.999999999999995e-06	0.000000000000000e+00
1.000000000000000e-07	8.199999999999994e-06	0.000000000000000e+00
1.000000000000000e-07	8.399999999999994e-06	0.000000000000000e+00
1.000000000000000e-07	8.599999999999994e-06	0.000000000000000e+00
1.000000000000000e-07	8.799999999999994e-06	0.000000000000000e+00
1.000000000000000e-07	8.999999999999993e-06	0.000000000000000e+00
1.000000000000000e-07	9.199999999999993e-06	0.000000000000000e+00
1.000000000000000e-07	9.399999999999993e-06	0.000000000000000e+00
1.000000000000000e-07	9.599999999999993e-06	0.000000000000000e+00
1.000000000000000e-07	9.799999999999993e-06	0.000000000000000e+00
1.000000000000000e-07	9.999999999999999e-06	0.000000000000000e+00
1.947368421052632e-07	0.000000000000000e+00	0.000000000000000e+00
1.947368421052632e-07	2.000000000000000e-07	0.000000000000000e+00
1.947368421052632e-07	4.000000000000000e-07	0.000000000000000e+00
1.947368421052632e-07	6.000000000000000e-07	0.000000000000000e+00
1.947368421052632e-07	8.000000000000000e-07	0.000000000000000e+00
1.947368421052632e-07	1.000000000000000e-06	0.000000000000000e+00
1.947368421052632e-07	1.200000000000000e-06	0.000000000000000e+00
1.947368421052632e-07	1.400000000000000e-06	0.000000000000000e+00
1.947368421052632e-07	1.600000000000000e-06	0.000000000000000e+00
1.947368421052632e-07	1.800000000000000e-06	0.000000000000000e+00
1.947368421052632e-07	2.000000000000000e-06	0.000000000000000e+00
1.947368421052632e-07	2.200000000000000e-06	0.000000000000000e+00
1.947368421052632e-07	2.400000000000000e-06	0.000000000000000e+00
1.947368421052632e-07	2.600000000000000e-06	0.000000000000000e+00
1.947368421052632e-07	2.799999999999999e-06	0.000000000000000e+00
1.947368421052632e-07	2.999999999999999e-06	0.000000000000000e+00
1.947368421052632e-07	3.199999999999999e-06	0.000000000000000e+00
1.947368421052632e-07	3.399999999999999e-06	0.000000000000000e+00
1.947368421052632e-07	3.599999999999999e-06	0.000000000000000e+00
1.947368421052632e-07	3.799999999999998e-06	0.000000000000000e+00
1.947368421052632e-07	3.999999999999998e-06	0.000000000000000e+00
1.947368421052632e-07	4.199999999999998e-06	0.000000000000000e+00
1.947368421052632e-07	4.399999999999998e-06	0.000000000000000e+00
1.947368421052632e-07	4.599999999999997e-06	0.000000000000000e+00
1.947368421052632e-07	4.799999999999997e-06	0.000000000000000e+00
1.947368421052632e-07	4.999999999999997e-06	0.000000000000000e+00
1.947368421052632e-07	5.199999999999997e-06	0.000000000000000e+00
1.947368421052632e-07	5.399999999999997e-06	0.000000000000000e+00
1.947368421052632e-07	5.599999999999996e-06	0.000000000000000e+00
1.947368421052632e-07	5.799999999999996e-06	0.000000000000000e+00
1.947368421052632e-07	5.999999999999996e-06	0.000000000000000e+00
1.947368421052632e-07	6.199999999999996e-06	0.000000000000000e+00
1.947368421052632e-07	6.399999999999995e-06	0.000000000000000e+00
1.947368421052632e-07	6.599999999999995e-06	0.000000000000000e+00
1.947368421052632e-07	6.799999999999995e-06	0.000000000000000e+00
1.947368421052632e-07	6.999999999999995e-06	0.000000000000000e+00
1.947368421052632e-07	7.199999999999995e-06	0.000000000000000e+00
1.947368421052632e-07	7.399999999999994e-06	0.000000000000000e+00
1.947368421052632e-07	7.599999999999994e-06	0.000000000000000e+00
1.947368421052632e-07	7.799999999999995e-06	0.000000000000000e+00
1.947368421052632e-07	7.999999999999995e-06	0.000000000000000e+00
1.947368421052632e-07	8.199999999999994e-06	0.000000000000000e+00
1.947368421052632e-07	8.399999999999994e-06	0.000000000000000e+00
1.947368421052632e-07	8.599999999999994e-06	0.000000000000000e+00
1.947368421052632e-07	8.799999999999994e-06	0.000000000000000e+00
1.947368421052632e-07	8.999999999999993e-06	0.000000000000000e+00
1.947368421052632e-07	9.199999999999993e-06	0.000000000000000e+00
1.947368421052632e-07	9.399999999999993e-06	0.000000000000000e+00
1.947368421052632e-07	9.599999999999993e-06	0.000000000000000e+00
1.947368421052632e-07	9.799999999999993e-06	0.000000000000000e+00
1.947368421052632e-07	9.999999999999999e-06	0.000000000000000e+00
2.844875346260387e-07	0.000000000000000e+00	0.000000000000000e+00
2.844875346260387e-07	2.000000000000000e-07	0.000000000000000e+00
2.844875346260387e-07	4.000000000000000e-07	0.000000000000000e+00
2.844875346260387e-07	6.000000000000000e-07	0.000000000000000e+00
2.844875346260387e-07	8.000000000000000e-07	0.000000000000000e+00
2.844875346260387e-07	1.000000000000000e-06	0.000000000000000e+00
2.844875346260387e-07	1.200000000000000e-06	0.000000000000000e+00
2.844875346260387e-07	1.400000000000000e-06	0.000000000000000e+00
2.844875346260387e-07	1.600000000000000e-06	0.000000000000000e+00
2.844875346260387e-07	1.800000000000000e-06	0.000000000000000e+00
2.844875346260387e-07	2.000000000000000e-06	0.000000000000000e+00
2.844875346260387e-07	2.200000000000000e-06	0.000000000000000e+00
2.844875346260387e-07	2.400000000000000e-06	0.000000000000000e+00
2.844875346260387e-07	2.600000000000000e-06	0.000000000000000e+00
2.844875346260387e-07	2.799999999999999e-06	0.000000000000000e+00
2.844875346260387e-07	2.999999999999999e-06	0.000000000000000e+00
2.844875346260387e-07	3.199999999999999e-06	0.000000000000000e+00
2.844875346260387e-07	3.399999999999999e-06	0.000000000000000e+00
2.844875346260387e-07	3.599999999999999e-06	0.000000000000000e+00
2.844875346260387e-07	3.799999999999998e-06	0.000000000000000e+00
2.844875346260387e-07	3.999999999999998e-06	0.000000000000000e+00
2.844875346260387e-07	4.199999999999998e-06	0.000000000000000e+00
2.844875346260387e-07	4.399999999999998e-06	0.000000000000000e+00
2.844875346260387e-07	4.599999999999997e-06	0.000000000000000e+00
2.844875346260387e-07	4.799999999999997e-06	0.000000000000000e+00
2.844875346260387e-07	4.999999999999997e-06	0.000000000000000e+00
2.844875346260387e-07	5.199999999999997e-06	0.000000000000000e+00
2.844875346260387e-07	5.399999999999997e-06	0.000000000000000e+00
2.844875346260387e-07	5.599999999999996e-06	0.000000000000000e+00
2.844875346260387e-07	5.799999999999996e-06	0.000000000000000e+00
2.844875346260387e-07	5.999999999999996e-06	0.000000000000000e+00
2.844875346260387e-07	6.199999999999996e-06	0.000000000000000e+00
2.844875346260387e-07	6.399999999999995e-06	0.000000000000000e+00
2.844875346260387e-07	6.599999999999995e-06	0.000000000000000e+00
2.844875346260387e-07	6.799999999999995e-06	0.000000000000000e+00
2.844875346260387e-07	6.999999999999995e-06	0.000000000000000e+00
2.844875346260387e-07	7.199999999999995e-06	0.000000000000000e+00
2.844875346260387e-07	7.399999999999994e-06	0.000000000000000e+00
2.844875346260387e-07	7.599999999999994e-06	0.000000000000000e+00
2.844875346260387e-07	7.799999999999995e-06	0.000000000000000e+00
2.844875346260387e-07	7.999999999999995e-06	0.000000000000000e+00
2.844875346260387e-07	8.199999999999994e-06	0.000000000000000e+00
2.844875346260387e-07	8.399999999999994e-06	0.000000000000000e+00
2.844875346260387e-07	8.599999999999994e-06	0.000000000000000e+00
2.844875346260387e-07	8.799999999999994e-06	0.000000000000000e+00
2.844875346260387e-07	8.999999999999993e-06	0.000000000000000e+00
2.844875346260387e-07	9.199999999999993e-06	0.000000000000000e+00
2.844875346260387e-07	9.399999999999993e-06	0.000000000000000e+00
2.844875346260387e-07	9.599999999999993e-06	0.000000000000000e+00
2.844875346260387e-07	9.799999999999993e-06	0.000000000000000e+00
2.844875346260387e-07	9.999999999999999e-06	0.000000000000000e+00
3.695145064878261e-07	0.000000000000000e+00	0.000000000000000e+00
3.695145064878261e-07	2.000000000000000e-07	0.000000000000000e+00
3.695145064878261e-07	4.000000000000000e-07	0.000000000000000e+00
3.695145064878261e-07	6.000000000000000e-07	0.000000000000000e+00
3.695145064878261e-07	8.000000000000000e-07	0.000000000000000e+00
3.695145064878261e-07	1.000000000000000e-06	0.000000000000000e+00
3.695145064878261e-07	1.200000000000000e-06	0.000000000000000e+00
3.695145064878261e-07	1.400000000000000e-06	0.000000000000000e+00
3.695145064878261e-07	1.600000000000000e-06	0.000000000000000e+00
3.695145064878261e-07	1.800000000000000e-06	0.000000000000000e+00
3.695145064878261e-07	2.000000000000000e-06	0.000000000000000e+00
3.695145064878261e-07	2.200000000000000e-06	0.000000000000000e+00
3.695145064878261e-07	2.400000000000000e-06	0.000000000000000e+00
3.695145064878261e-07	2.600000000000000e-06	0.000000000000000e+00
3.695145064878261e-07	2.799999999999999e-06	0.000000000000000e+00
3.695145064878261e-07	2.999999999999999e-06	0.000000000000000e+00
3.695145064878261e-07	3.199999999999999e-06	0.000000000000000e+00
3.695145064878261e-07	3.399999999999999e-06	0.000000000000000e+00
3.695145064878261e-07	3.599999999999999e-06	0.000000000000000e+00
3.695145064878261e-07	3.799999999999998e-06	0.000000000000000e+00
3.695145064878261e-07	3.999999999999998e-06	0.000000000000000e+00
3.695145064878261e-07	4.199999999999998e-06	0.000000000000000e+00
3.695145064878261e-07	4.399999999999998e-06	0.000000000000000e+00
3.695145064878261e-07	4.599999999999997e-06	0.000000000000000e+00
3.695145064878261e-07	4.799999999999997e-06	0.000000000000000e+00
3.695145064878261e-07	4.999999999999997e-06	0.000000000000000e+00
3.695145064878261e-07	5.199999999999997e-06	0.000000000000000e+00
3.695145064878261e-07	5.399999999999997e-06	0.000000000000000e+00
3.695145064878261e-07	5.599999999999996e-06	0.000000000000000e+00
3.695145064878261e-07	5.799999999999996e-06	0.000000000000000e+00
3.695145064878261e-07	5.999999999999996e-06	0.000000000000000e+00
3.695145064878261e-07	6.199999999999996e-06	0.000000000000000e+00
3.695145064878261e-07	6.399999999999995e-06	0.000000000000000e+00
3.695145064878261e-07	6.599999999999995e-06	0.000000000000000e+00
3.695145064878261e-07	6.799999999999995e-06	0.000000000000000e+00
3.695145064878261e-07	6.999999999999995e-06	0.000000000000000e+00
3.695145064878261e-07	7.199999999999995e-06	0.000000000000000e+00
3.695145064878261e-07	7.399999999999994e-06	0.000000000000000e+00
3.695145064878261e-07	7.599999999999994e-06	0.000000000000000e+00
3.695145064878261e-07	7.799999999999995e-06	0.000000000000000e+00
3.695145064878261e-07	7.999999999999995e-06	0.000000000000000e+00
3.695145064878261e-07	8.199999999999994e-06	0.000000000000000e+00
3.695145064878261e-07	8.399999999999994e-06	0.000000000000000e+00
3.695145064878261e-07	8.599999999999994e-06	0.000000000000000e+00
3.695145064878261e-07	8.799999999999994e-06	0.000000000000000e+00
3.695145064878261e-07	8.999999999999993e-06	0.000000000000000e+00
3.695145064878261e-07	9.199999999999993e-06	0.000000000000000e+00
3.695145064878261e-07	9.399999999999993e-06	0.000000000000000e+00
3.695145064878261e-07	9.599999999999993e-06	0.000000000000000e+00
3.695145064878261e-07	9.799999999999993e-06	0.000000000000000e+00
3.695145064878261e-07	9.999999999999999e-06	0.000000000000000e+00
4.500663745674142e-07	0.000000000000000e+00	0.000000000000000e+00
4.500663745674142e-07	2.000000000000000e-07	0.000000000000000e+00
4.500663745674142e-07	4.000000000000000e-07	0.000000000000000e+00
4.500663745674142e-07	6.000000000000000e-07	0.000000000000000e+00
4.500663745674142e-07	8.000000000000000e-07	0.000000000000000e+00
4.500663745674142e-07	1.000000000000000e-06	0.000000000000000e+00
4.500663745674142e-07	1.200000000000000e-06	0.000000000000000e+00
4.500663745674142e-07	1.400000000000000e-06	0.000000000000000e+00
4.500663745674142e-07	1.600000000000000e-06	0.000000000000000e+00
4.500663745674142e-07	1.800000000000000e-06	0.000000000000000e+00
4.500663745674142e-07	2.000000000000000e-06	0.000000000000000e+00
4.500663745674142e-07	2.200000000000000e-06	0.000000000000000e+00
4.500663745674142e-07	2.400000000000000e-06	0.000000000000000e+00
4.500663745674142e-07	2.600000000000000e-06	0.000000000000000e+00
4.500663745674142e-07	2.799999999999999e-06	0.000000000000000e+00
4.500663745674142e-07	2.999999999999999e-06	0.000000000000000e+00
4.500663745674142e-07	3.199999999999999e-06	0.000000000000000e+00
4.500663745674142e-07	3.399999999999999e-06	0.000000000000000e+00
4.500663745674142e-07	3.599999999999999e-06	0.000000000000000e+00
4.500663745674142e-07	3.799999999999998e-06	0.000000000000000e+00
4.500663745674142e-07	3.999999999999998e-06	0.000000000000000e+00
4.500663745674142e-07	4.199999999999998e-06	0.000000000000000e+00
4.500663745674142e-07	4.399999999999998e-06	0.000000000000000e+00
4.500663745674142e-07	4.599999999999997e-06	0.000000000000000e+00
4.500663745674142e-07	4.799999999999997e-06	0.000000000000000e+00
4.500663745674142e-07	4.999999999999997e-06	0.000000000000000e+00
4.500663745674142e-07	5.199999999999997e-06	0.000000000000000e+00
4.500663745674142e-07	5.399999999999997e-06	0.000000000000000e+00
4.500663745674142e-07	5.599999999999996e-06	0.000000000000000e+00
4.500663745674142e-07	5.799999999999996e-06	0.000000000000000e+00
4.500663745674142e-07	5.999999999999996e-06	0.000000000000000e+00
4.500663745674142e-07	6.199999999999996e-06	0.000000000000000e+00
4.500663745674142e-07	6.399999999999995e-06	0.000000000000000e+00
4.500663745674142e-07	6.599999999999995e-06	0.000000000000000e+00
4.500663745674142e-07	6.799999999999995e-06	0.000000000000000e+00
4.500663745674142e-07	6.999999999999995e-06	0.000000000000000e+00
4.500663745674142e-07	7.199999999999995e-06	0.000000000000000e+00
4.500663745674142e-07	7.399999999999994e-06	0.000000000000000e+00
4.500663745674142e-07	7.599999999999994e-06	0.000000000000000e+00
4.500663745674142e-07	7.799999999999995e-06	0.000000000000000e+00
4.500663745674142e-07	7.999999999999995e-06	0.000000000000000e+00
4.500663745674142e-07	8.199999999999994e-06	0.000000000000000e+00
4.500663745674142e-07	8.399999999999994e-06	0.000000000000000e+00
4.500663745674142e-07	8.599999999999994e-06	0.000000000000000e+00
4.500663745674142e-07	8.799999999999994e-06	0.000000000000000e+00
4.500663745674142e-07	8.999999999999993e-06	0.000000000000000e+00
4.500663745674142e-07	9.199999999999993e-06	0.000000000000000e+00
4.500663745674142e-07	9.399999999999993e-06	0.000000000000000e+00
4.500663745674142e-07	9.599999999999993e-06	0.000000000000000e+00
4.500663745674142e-07	9.799999999999993e-06	0.000000000000000e+00
4.500663745674142e-07	9.999999999999999e-06	0.000000000000000e+00
5.263786706428135e-07	0.000000000000000e+00	0.000000000000000e+00
5.263786706428135e-07	2.000000000000000e-07	0.000000000000000e+00
5.263786706428135e-07	4.000000000000000e-07	0.000000000000000e+00
5.263786706428135e-07	6.000000000000000e-07	0.000000000000000e+00
5.263786706428135e-07	8.000000000000000e-07	0.000000000000000e+00
5.263786706428135e-07	1.000000000000000e-06	0.000000000000000e+00
5.263786706428135e-07	1.200000000000000e-06	0.000000000000000e+00
5.263786706428135e-07	1.400000000000000e-06	0.000000000000000e+00
5.263786706428135e-07	1.600000000000000e-06	0.000000000000000e+00
5.263786706428135e-07	1.800000000000000e-06	0.000000000000000e+00
5.263786706428135e-07	2.000000000000000e-06	0.000000000000000e+00
5.263786706428135e-07	2.200000000000000e-06	0.000000000000000e+00
5.263786706428135e-07	2.400000000000000e-06	0.000000000000000e+00
5.263786706428135e-07	2.600000000000000e-06	0.000000000000000e+00
5.263786706428135e-07	2.799999999999999e-06	0.000000000000000e+00
5.263786706428135e-07	2.999999999999999e-06	0.000000000000000e+00
5.263786706428135e-07	3.199999999999999e-06	0.000000000000000e+00
5.263786706428135e-07	3.399999999999999e-06	0.000000000000000e+00
5.263786706428135e-07	3.599999999999999e-06	0.000000000000000e+00
5.263786706428135e-07	3.799999999999998e-06	0.000000000000000e+00
5.263786706428135e-07	3.999999999999998e-06	0.000000000000000e+00
5.263786706428135e-07	4.199999999999998e-06	0.000000000000000e+00
5.263786706428135e-07	4.399999999999998e-06	0.000000000000000e+00
5.263786706428135e-07	4.599999999999997e-06	0.000000000000000e+00
5.263786706428135e-07	4.799999999999997e-06	0.000000000000000e+00
5.263786706428135e-07	4.999999999999997e-06	0.000000000000000e+00
5.263786706428135e-07	5.199999999999997e-06	0.000000000000000e+00
5.263786706428135e-07	5.399999999999997e-06	0.000000000000000e+00
5.263786706428135e-07	5.599999999999996e-06	0.000000000000000e+00
5.263786706428135e-07	5.799999999999996e-06	0.000000000000000e+00
5.263786706428135e-07	5.999999999999996e-06	0.000000000000000e+00
5.263786706428135e-07	6.199999999999996e-06	0.000000000000000e+00
5.263786706428135e-07	6.399999999999995e-06	0.000000000000000e+00
5.263786706428135e-07	6.599999999999995e-06	0.000000000000000e+00
5.263786706428135e-07	6.799999999999995e-06	0.000000000000000e+00
5.263786706428135e-07	6.999999999999995e-06	0.000000000000000e+00
5.263786706428135e-07	7.199999999999995e-06	0.000000000000000e+00
5.263786706428135e-07	7.399999999999994e-06	0.000000000000000e+00
5.263786706428135e-07	7.599999999999994e-06	0.000000000000000e+00
5.263786706428135e-07	7.799999999999995e-06	0.000000000000000e+00
5.263786706428135e-07	7.999999999999995e-06	0.000000000000000e+00
5.263786706428135e-07	8.199999999999994e-06	0.000000000000000e+00
5.263786706428135e-07	8.399999999999994e-06	0.000000000000000e+00
5.263786706428135e-07	8.599999999999994e-06	0.000000000000000e+00
5.263786706428135e-07	8.799999999999994e-06	0.000000000000000e+00
5.263786706428135e-07	8.999999999999993e-06	0.000000000000000e+00
5.263786706428135e-07	9.199999999999993e-06	0.000000000000000e+00
5.263786706428135e-07	9.399999999999993e-06	0.000000000000000e+00
5.263786706428135e-07	9.599999999999993e-06	0.000000000000000e+00
5.263786706428135e-07	9.799999999999993e-06	0.000000000000000e+00
5.263786706428135e-07	9.999999999999999e-06	0.000000000000000e+00
5.986745300826654e-07	0.000000000000000e+00	0.000000000000000e+00
5.986745300826654e-07	2.000000000000000e-07	0.000000000000000e+00
5.986745300826654e-07	4.000000000000000e-07	0.000000000000000e+00
5.986745300826654e-07	6.000000000000000e-07	0.000000000000000e+00
5.986745300826654e-07	8.000000000000000e-07	0.000000000000000e+00
5.986745300826654e-07	1.000000000000000e-06	0.000000000000000e+00
5.986745300826654e-07	1.200000000000000e-06	0.000000000000000e+00
5.986745300826654e-07	1.400000000000000e-06	0.000000000000000e+00
5.986745300826654e-07	1.600000000000000e-06	0.000000000000000e+00
5.986745300826654e-07	1.800000000000000e-06	0.000000000000000e+00
5.986745300826654e-07	2.000000000000000e-06	0.000000000000000e+00
5.986745300826654e-07	2.200000000000000e-06	0.000000000000000e+00
5.986745300826654e-07	2.400000000000000e-06	0.000000000000000e+00
5.986745300826654e-07	2.600000000000000e-06	0.000000000000000e+00
5.986745300826654e-07	2.799999999999999e-06	0.000000000000000e+00
5.986745300826654e-07	2.999999999999999e-06	0.000000000000000e+00
5.986745300826654e-07	3.199999999999999e-06	0.000000000000000e+00
5.986745300826654e-07	3.399999999999999e-06	0.000000000000000e+00
5.986745300826654e-07	3.599999999999999e-06	0.000000000000000e+00
5.986745300826654e-07	3.799999999999998e-06	0.000000000000000e+00
5.986745300826654e-07	3.999999999999998e-06	0.000000000000000e+00
5.986745300826654e-07	4.199999999999998e-06	0.000000000000000e+00
5.986745300826654e-07	4.399999999999998e-06	0.000000000000000e+00
5.986745300826654e-07	4.599999999999997e-06	0.000000000000000e+00
5.986745300826654e-07	4.799999999999997e-06	0.000000000000000e+00
5.986745300826654e-07	4.999999999999997e-06	0.000000000000000e+00
5.986745300826654e-07	5.199999999999997e-06	0.000000000000000e+00
5.986745300826654e-07	5.399999999999997e-06	0.000000000000000e+00
5.986745300826654e-07	5.599999999999996e-06	0.000000000000000e+00
5.986745300826654e-07	5.799999999999996e-06	0.000000000000000e+00
5.986745300826654e-07	5.999999999999996e-06	0.000000000000000e+00
5.986745300826654e-07	6.199999999999996e-06	0.000000000000000e+00
5.986745300826654e-07	6.399999999999995e-06	0.000000000000000e+00
5.986745300826654e-07	6.599999999999995e-06	0.000000000000000e+00
5.986745300826654e-07	6.799999999999995e-06	0.000000000000000e+00
5.986745300826654e-07	6.999999999999995e-06	0.000000000000000e+00
5.986745300826654e-07	7.199999999999995e-06	0.000000000000000e+00
5.986745300826654e-07	7.399999999999994e-06	0.000000000000000e+00
5.986745300826654e-07	7.599999999999994e-06	0.000000000000000e+00
5.986745300826654e-07	7.799999999999995e-06	0.000000000000000e+00
5.986745300826654e-07	7.999999999999995e-06	0.000000000000000e+00
5.986745300826654e-07	8.199999999999994e-06	0.000000000000000e+00
5.986745300826654e-07	8.399999999999994e-06	0.000000000000000e+00
5.986745300826654e-07	8.599999999999994e-06	0.000000000000000e+00
5.986745300826654e-07	8.799999999999994e-06	0.000000000000000e+00
5.986745300826654e-07	8.999999999999993e-06	0.000000000000000e+00
5.986745300826654e-07	9.199999999999993e-06	0.000000000000000e+00
5.986745300826654e-07	9.399999999999993e-06	0.000000000000000e+00
5.986745300826654e-07	9.599999999999993e-06	0.000000000000000e+00
5.986745300826654e-07	9.799999999999993e-06	0.000000000000000e+00
5.986745300826654e-07	9.999999999999999e-06	0.000000000000000e+00
6.671653442888408e-07	0.000000000000000e+00	0.000000000000000e+00
6.671653442888408e-07	2.000000000000000e-07	0.000000000000000e+00
6.671653442888408e-07	4.000000000000000e-07	0.000000000000000e+00
6.671653442888408e-07	6.000000000000000e-07	0.000000000000000e+00
6.671653442888408e-07	8.000000000000000e-07	0.000000000000000e+00
6.671653442888408e-07	1.000000000000000e-06	0.000000000000000e+00
6.671653442888408e-07	1.200000000000000e-06	0.000000000000000e+00
6.671653442888408e-07	1.400000000000000e-06	0.000000000000000e+00
6.671653442888408e-07	1.600000000000000e-06	0.000000000000000e+00
6.671653442888408e-07	1.800000000000000e-06	0.000000000000000e+00
6.671653442888408e-07	2.000000000000000e-06	0.000000000000000e+00
6.671653442888408e-07	2.200000000000000e-06	0.000000000000000e+00
6.671653442888408e-07	2.400000000000000e-06	0.000000000000000e+00
6.671653442888408e-07	2.600000000000000e-06	0.000000000000000e+00
6.671653442888408e-07	2.799999999999999e-06	0.000000000000000e+00
6.671653442888408e-07	2.999999999999999e-06	0.000000000000000e+00
6.671653442888408e-07	3.199999999999999e-06	0.000000000000000e+00
6.671653442888408e-07	3.399999999999999e-06	0.000000000000000e+00
6.671653442888408e-07	3.599999999999999e-06	0.000000000000000e+00
6.671653442888408e-07	3.799999999999998e-06	0.000000000000000e+00
6.671653442888408e-07	3.999999999999998e-06	0.000000000000000e+00
6.671653442888408e-07	4.199999999999998e-06	0.000000000000000e+00
6.671653442888408e-07	4.399999999999998e-06	0.000000000000000e+00
6.671653442888408e-07	4.599999999999997e-06	0.000000000000000e+00
6.671653442888408e-07	4.799999999999997e-06	0.000000000000000e+00
6.671653442888408e-07	4.999999999999997e-06	0.000000000000000e+00
6.671653442888408e-07	5.199999999999997e-06	0.000000000000000e+00
6.671653442888408e-07	5.399999999999997e-06	0.000000000000000e+00
6.671653442888408e-07	5.599999999999996e-06	0.000000000000000e+00
6.671653442888408e-07	5.799999999999996e-06	0.000000000000000e+00
6.671653442888408e-07	5.999999999999996e-06	0.000000000000000e+00
6.671653442888408e-07	6.199999999999996e-06	0.000000000000000e+00
6.671653442888408e-07	6.399999999999995e-06	0.000000000000000e+00
6.671653442888408e-07	6.599999999999995e-06	0.000000000000000e+00
6.671653442888408e-07	6.799999999999995e-06	0.000000000000000e+00
6.671653442888408e-07	6.999999999999995e-06	0.000000000000000e+00
6.671653442888408e-07	7.199999999999995e-06	0.000000000000000e+00
6.671653442888408e-07	7.399999999999994e-06	0.000000000000000e+00
6.671653442888408e-07	7.599999999999994e-06	0.000000000000000e+00
6.671653442888408e-07	7.799999999999995e-06	0.000000000000000e+00
6.671653442888408e-07	7.999999999999995e-06	0.000000000000000e+00
6.671653442888408e-07	8.199999999999994e-06	0.000000000000000e+00
6.671653442888408e-07	8.399999999999994e-06	0.000000000000000e+00
6.671653442888408e-07	8.599999999999994e-06	0.000000000000000e+00
6.671653442888408e-07	8.799999999999994e-06	0.000000000000000e+00
6.671653442888408e-07	8.999999999999993e-06	0.000000000000000e+00
6.671653442888408e-07	9.199999999999993e-06	0.000000000000000e+00
6.671653442888408e-07	9.399999999999993e-06	0.000000000000000e+00
6.671653442888408e-07	9.599999999999993e-06	0.000000000000000e+00
6.671653442888408e-07	9.799999999999993e-06	0.000000000000000e+00
6.671653442888408e-07	9.999999999999999e-06	0.000000000000000e+00
7.320513787999544e-07	0.000000000000000e+00	0.000000000000000e+00
7.320513787999544e-07	2.000000000000000e-07	0.000000000000000e+00
7.320513787999544e-07	4.000000000000000e-07	0.000000000000000e+00
7.320513787999544e-07	6.000000000000000e-07	0.000000000000000e+00
7.320513787999544e-07	8.000000000000000e-07	0.000000000000000e+00
7.320513787999544e-07	1.000000000000000e-06	0.000000000000000e+00
7.320513787999544e-07	1.200000000000000e-06	0.000000000000000e+00
7.320513787999544e-07	1.400000000000000e-06	0.000000000000000e+00
7.320513787999544e-07	1.600000000000000e-06	0.000000000000000e+00
7.320513787999544e-07	1.800000000000000e-06	0.000000000000000e+00
7.320513787999544e-07	2.000000000000000e-06	0.000000000000000e+00
7.320513787999544e-07	2.200000000000000e-06	0.000000000000000e+00
7.320513787999544e-07	2.400000000000000e-06	0.000000000000000e+00
7.320513787999544e-07	2.600000000000000e-06	0.000000000000000e+00
7.320513787999544e-07	2.799999999999999e-06	0.000000000000000e+00
7.320513787999544e-07	2.999999999999999e-06	0.000000000000000e+00
7.320513787999544e-07	3.199999999999999e-06	0.000000000000000e+00
7.320513787999544e-07	3.399999999999999e-06	0.000000000000000e+00
7.320513787999544e-07	3.599999999999999e-06	0.000000000000000e+00
7.320513787999544e-07	3.799999999999998e-06	0.000000000000000e+00
7.320513787999544e-07	3.999999999999998e-06	0.000000000000000e+00
7.320513787999544e-07	4.199999999999998e-06	0.000000000000000e+00
7.320513787999544e-07	4.399999999999998e-06	0.000000000000000e+00
7.320513787999544e-07	4.599999999999997e-06	0.000000000000000e+00
7.320513787999544e-07	4.799999999999997e-06	0.000000000000000e+00
7.320513787999544e-07	4.999999999999997e-06	0.000000000000000e+00
7.320513787999544e-07	5.199999999999997e-06	0.000000000000000e+00
7.320513787999544e-07	5.399999999999997e-06	0.000000000000000e+00
7.320513787999544e-07	5.599999999999996e-06	0.000000000000000e+00
7.320513787999544e-07	5.799999999999996e-06	0.000000000000000e+00
7.320513787999544e-07	5.999999999999996e-06	0.000000000000000e+00
7.320513787999544e-07	6.199999999999996e-06	0.000000000000000e+00
7.320513787999544e-07	6.399999999999995e-06	0.000000000000000e+00
7.320513787999544e-07	6.599999999999995e-06	0.000000000000000e+00
7.320513787999544e-07	6.799999999999995e-06	0.000000000000000e+00
7.320513787999544e-07	6.999999999999995e-06	0.000000000000000e+00
7.320513787999544e-07	7.199999999999995e-06	0.000000000000000e+00
7.320513787999544e-07	7.399999999999994e-06	0.000000000000000e+00
7.320513787999544e-07	7.599999999999994e-06	0.000000000000000e+00
7.320513787999544e-07	7.799999999999995e-06	0.000000000000000e+00
7.320513787999544e-07	7.999999999999995e-06	0.000000000000000e+00
7.320513787999544e-07	8.199999999999994e-06	0.000000000000000e+00
7.320513787999544e-07	8.399999999999994e-06	0.000000000000000e+00
7.320513787999544e-07	8.599999999999994e-06	0.000000000000000e+00
7.320513787999544e-07	8.799999999999994e-06	0.000000000000000e+00
7.320513787999544e-07	8.999999999999993e-06	0.000000000000000e+00
7.320513787999544e-07	9.199999999999993e-06	0.000000000000000e+00
7.320513787999544e-07	9.399999999999993e-06	0.000000000000000e+00
7.320513787999544e-07	9.599999999999993e-06	0.000000000000000e+00
7.320513787999544e-07	9.799999999999993e-06	0.000000000000000e+00
7.320513787999544e-07	9.999999999999999e-06	0.000000000000000e+00
7.935223588631146e-07	0.000000000000000e+00	0.000000000000000e+00
7.935223588631146e-07	2.000000000000000e-07	0.000000000000000e+00
7.935223588631146e-07	4.000000000000000e-07	0.000000000000000e+00
7.935223588631146e-07	6.000000000000000e-07	0.000000000000000e+00
7.935223588631146e-07	8.000000000000000e-07	0.000000000000000e+00
7.935223588631146e-07	1.000000000000000e-06	0.000000000000000e+00
7.935223588631146e-07	1.200000000000000e-06	0.000000000000000e+00
7.935223588631146e-07	1.400000000000000e-06	0.000000000000000e+00
7.935223588631146e-07	1.600000000000000e-06	0.000000000000000e+00
7.935223588631146e-07	1.800000000000000e-06	0.000000000000000e+00
7.935223588631146e-07	2.000000000000000e-06	0.000000000000000e+00
7.935223588631146e-07	2.200000000000000e-06	0.000000000000000e+00
7.935223588631146e-07	2.400000000000000e-06	0.000000000000000e+00
7.935223588631146e-07	2.600000000000000e-06	0.000000000000000e+00
7.935223588631146e-07	2.799999999999999e-06	0.000000000000000e+00
7.935223588631146e-07	2.999999999999999e-06	0.000000000000000e+00
7.935223588631146e-07	3.199999999999999e-06	0.000000000000000e+00
7.935223588631146e-07	3.399999999999999e-06	0.000000000000000e+00
7.935223588631146e-07	3.599999999999999e-06	0.000000000000000e+00
7.935223588631146e-07	3.799999999999998e-06	0.000000000000000e+00
7.935223588631146e-07	3.999999999999998e-06	0.000000000000000e+00
7.935223588631146e-07	4.199999999999998e-06	0.000000000000000e+00
7.935223588631146e-07	4.399999999999998e-06	0.000000000000000e+00
7.935223588631146e-07	4.599999999999997e-06	0.000000000000000e+00
7.935223588631146e-07	4.799999999999997e-06	0.000000000000000e+00
7.935223588631146e-07	4.999999999999997e-06	0.000000000000000e+00
7.935223588631146e-07	5.199999999999997e-06	0.000000000000000e+00
7.935223588631146e-07	5.399999999999997e-06	0.000000000000000e+00
7.935223588631146e-07	5.599999999999996e-06	0.000000000000000e+00
7.935223588631146e-07	5.799999999999996e-06	0.000000000000000e+00
7.935223588631146e-07	5.999999999999996e-06	0.000000000000000e+00
7.935223588631146e-07	6.199999999999996e-06	0.000000000000000e+00
7.935223588631146e-07	6.399999999999995e-06	0.000000000000000e+00
7.935223588631146e-07	6.599999999999995e-06	0.000000000000000e+00
7.935223588631146e-07	6.799999999999995e-06	0.000000000000000e+00
7.935223588631146e-07	6.999999999999995e-06	0.000000000000000e+00
7.935223588631146e-07	7.199999999999995e-06	0.000000000000000e+00
7.935223588631146e-07	7.399999999999994e-06	0.000000000000000e+00
7.935223588631146e-07	7.599999999999994e-06	0.000000000000000e+00
7.935223588631146e-07	7.799999999999995e-06	0.000000000000000e+00
7.935223588631146e-07	7.999999999999995e-06	0.000000000000000e+00
7.935223588631146e-07	8.199999999999994e-06	0.000000000000000e+00
7.935223588631146e-07	8.399999999999994e-06	0.000000000000000e+00
7.935223588631146e-07	8.599999999999994e-06	0.000000000000000e+00
7.935223588631146e-07	8.799999999999994e-06	0.000000000000000e+00
7.935223588631146e-07	8.999999999999993e-06	0.000000000000000e+00
7.935223588631146e-07	9.199999999999993e-06	0.000000000000000e+00
7.935223588631146e-07	9.399999999999993e-06	0.000000000000000e+00
7.935223588631146e-07	9.599999999999993e-06	0.000000000000000e+00
7.935223588631146e-07	9.799999999999993e-06	0.000000000000000e+00
7.935223588631146e-07	9.999999999999999e-06	0.000000000000000e+00
8.517580241861085e-07	0.000000000000000e+00	0.000000000000000e+00
8.517580241861085e-07	2.000000000000000e-07	0.000000000000000e+00
8.517580241861085e-07	4.000000000000000e-07	0.000000000000000e+00
8.517580241861085e-07	6.000000000000000e-07	0.000000000000000e+00
8.517580241861085e-07	8.000000000000000e-07	0.000000000000000e+00
8.517580241861085e-07	1.000000000000000e-06	0.000000000000000e+00
8.517580241861085e-07	1.200000000000000e-06	0.000000000000000e+00
8.517580241861085e-07	1.400000000000000e-06	0.000000000000000e+00
8.517580241861085e-07	1.600000000000000e-06	0.000000000000000e+00
8.517580241861085e-07	1.800000000000000e-06	0.000000000000000e+00
8.517580241861085e-07	2.000000000000000e-06	0.000000000000000e+00
8.517580241861085e-07	2.200000000000000e-06	0.000000000000000e+00
8.517580241861085e-07	2.400000000000000e-06	0.000000000000000e+00
8.517580241861085e-07	2.600000000000000e-06	0.000000000000000e+00
8.517580241861085e-07	2.799999999999999e-06	0.000000000000000e+00
8.517580241861085e-07	2.999999999999999e-06	0.000000000000000e+00
8.517580241861085e-07	3.199999999999999e-06	0.000000000000000e+00
8.517580241861085e-07	3.399999999999999e-06	0.000000000000000e+00
8.517580241861085e-07	3.599999999999999e-06	0.000000000000000e+00
8.517580241861085e-07	3.799999999999998e-06	0.000000000000000e+00
8.517580241861085e-07	3.999999999999998e-06	0.000000000000000e+00
8.517580241861085e-07	4.199999999999998e-06	0.000000000000000e+00
8.517580241861085e-07	4.399999999999998e-06	0.000000000000000e+00
8.517580241861085e-07	4.599999999999997e-06	0.000000000000000e+00
8.517580241861085e-07	4.799999999999997e-06	0.000000000000000e+00
8.517580241861085e-07	4.999999999999997e-06	0.000000000000000e+00
8.517580241861085e-07	5.199999999999997e-06	0.000000000000000e+00
8.517580241861085e-07	5.399999999999997e-06	0.000000000000000e+00
8.517580241861085e-07	5.599999999999996e-06	0.000000000000000e+00
8.517580241861085e-07	5.799999999999996e-06	0.000000000000000e+00
8.517580241861085e-07	5.999999999999996e-06	0.000000000000000e+00
8.517580241861085e-07	6.199999999999996e-06	0.000000000000000e+00
8.517580241861085e-07	6.399999999999995e-06	0.000000000000000e+00
8.517580241861085e-07	6.599999999999995e-06	0.000000000000000e+00
8.517580241861085e-07	6.799999999999995e-06	0.000000000000000e+00
8.517580241861085e-07	6.999999999999995e-06	0.000000000000000e+00
8.517580241861085e-07	7.199999999999995e-06	0.000000000000000e+00
8.517580241861085e-07	7.399999999999994e-06	0.000000000000000e+00
8.517580241861085e-07	7.599999999999994e-06	0.000000000000000e+00
8.517580241861085e-07	7.799999999999995e-06	0.000000000000000e+00
8.517580241861085e-07	7.999999999999995e-06	0.000000000000000e+00
8.517580241861085e-07	8.199999999999994e-06	0.000000000000000e+00
8.517580241861085e-07	8.399999999999994e-06	0.000000000000000e+00
8.517580241861085e-07	8.599999999999994e-06	0.000000000000000e+00
8.517580241861085e-07	8.799999999999994e-06	0.000000000000000e+00
8.517580241861085e-07	8.999999999999993e-06	0.000000000000000e+00
8.517580241861085e-07	9.199999999999993e-06	0.000000000000000e+00
8.517580241861085e-07	9.399999999999993e-06	0.000000000000000e+00
8.517580241861085e-07	9.599999999999993e-06	0.000000000000000e+00
8.517580241861085e-07	9.799999999999993e-06	0.000000000000000e+00
8.517580241861085e-07	9.999999999999999e-06	0.000000000000000e+00
9.069286544921028e-07	0.000000000000000e+00	0.000000000000000e+00
9.069286544921028e-07	2.000000000000000e-07	0.000000000000000e+00
9.069286544921028e-07	4.000000000000000e-07	0.000000000000000e+00
9.069286544921028e-07	6.000000000000000e-07	0.000000000000000e+00
9.069286544921028e-07	8.000000000000000e-07	0.000000000000000e+00
9.069286544921028e-07	1.000000000000000e-06	0.000000000000000e+00
9.069286544921028e-07	1.200000000000000e-06	0.000000000000000e+00
9.069286544921028e-07	1.400000000000000e-06	0.000000000000000e+00
9.069286544921028e-07	1.600000000000000e-06	0.000000000000000e+00
9.069286544921028e-07	1.800000000000000e-06	0.000000000000000e+00
9.069286544921028e-07	2.000000000000000e-06	0.000000000000000e+00
9.069286544921028e-07	2.200000000000000e-06	0.000000000000000e+00
9.069286544921028e-07	2.400000000000000e-06	0.000000000000000e+00
9.069286544921028e-07	2.600000000000000e-06	0.000000000000000e+00
9.069286544921028e-07	2.799999999999999e-06	0.000000000000000e+00
9.069286544921028e-07	2.999999999999999e-06	0.000000000000000e+00
9.069286544921028e-07	3.199999999999999e-06	0.000000000000000e+00
9.069286544921028e-07	3.399999999999999e-06	0.000000000000000e+00
9.069286544921028e-07	3.599999999999999e-06	0.000000000000000e+00
9.069286544921028e-07	3.799999999999998e-06	0.000000000000000e+00
9.069286544921028e-07	3.999999999999998e-06	0.000000000000000e+00
9.069286544921028e-07	4.199999999999998e-06	0.000000000000000e+00
9.069286544921028e-07	4.399999999999998e-06	0.000000000000000e+00
9.069286544921028e-07	4.599999999999997e-06	0.000000000000000e+00
9.069286544921028e-07	4.799999999999997e-06	0.000000000000000e+00
9.069286544921028e-07	4.999999999999997e-06	0.000000000000000e+00
9.069286544921028e-07	5.199999999999997e-06	0.000000000000000e+00
9.069286544921028e-07	5.399999999999997e-06	0.000000000000000e+00
9.069286544921028e-07	5.599999999999996e-06	0.000000000000000e+00
9.069286544921028e-07	5.799999999999996e-06	0.000000000000000e+00
9.069286544921028e-07	5.999999999999996e-06	0.000000000000000e+00
9.069286544921028e-07	6.199999999999996e-06	0.000000000000000e+00
9.069286544921028e-07	6.399999999999995e-06	0.000000000000000e+00
9.069286544921028e-07	6.599999999999995e-06	0.000000000000000e+00
9.069286544921028e-07	6.799999999999995e-06	0.000000000000000e+00
9.069286544921028e-07	6.999999999999995e-06	0.000000000000000e+00
9.069286544921028e-07	7.199999999999995e-06	0.000000000000000e+00
9.069286544921028e-07	7.399999999999994e-06	0.000000000000000e+00
9.069286544921028e-07	7.599999999999994e-06	0.000000000000000e+00
9.069286544921028e-07	7.799999999999995e-06	0.000000000000000e+00
9.069286544921028e-07	7.999999999999995e-06	0.000000000000000e+00
9.069286544921028e-07	8.199999999999994e-06	0.000000000000000e+00
9.069286544921028e-07	8.399999999999994e-06	0.000000000000000e+00
9.069286544921028e-07	8.599999999999994e-06	0.000000000000000e+00
9.069286544921028e-07	8.799999999999994e-06	0.000000000000000e+00
9.069286544921028e-07	8.999999999999993e-06	0.000000000000000e+00
9.069286544921028e-07	9.199999999999993e-06	0.000000000000000e+00
9.069286544921028e-07	9.399999999999993e-06	0.000000000000000e+00
9.069286544921028e-07	9.599999999999993e-06	0.000000000000000e+00
9.069286544921028e-07	9.799999999999993e-06	0.000000000000000e+00
9.069286544921028e-07	9.999999999999999e-06	0.000000000000000e+00
9.591955674135710e-07	0.000000000000000e+00	0.000000000000000e+00
9.591955674135710e-07	2.000000000000000e-07	0.000000000000000e+00
9.591955674135710e-07	4.000000000000000e-07	0.000000000000000e+00
9.591955674135710e-07	6.000000000000000e-07	0.000000000000000e+00
9.591955674135710e-07	8.000000000000000e-07	0.000000000000000e+00
9.591955674135710e-07	1.000000000000000e-06	0.000000000000000e+00
9.591955674135710e-07	1.200000000000000e-06	0.000000000000000e+00
9.591955674135710e-07	1.400000000000000e-06	0.000000000000000e+00
9.591955674135710e-07	1.600000000000000e-06	0.000000000000000e+00
9.591955674135710e-07	1.800000000000000e-06	0.000000000000000e+00
9.591955674135710e-07	2.000000000000000e-06	0.000000000000000e+00
9.591955674135710e-07	2.200000000000000e-06	0.000000000000000e+00
9.591955674135710e-07	2.400000000000000e-06	0.000000000000000e+00
9.591955674135710e-07	2.600000000000000e-06	0.000000000000000e+00
9.591955674135710e-07	2.799999999999999e-06	0.000000000000000e+00
9.591955674135710e-07	2.999999999999999e-06	0.000000000000000e+00
9.591955674135710e-07	3.199999999999999e-06	0.000000000000000e+00
9.591955674135710e-07	3.399999999999999e-06	0.000000000000000e+00
9.591955674135710e-07	3.599999999999999e-06	0.000000000000000e+00
9.591955674135710e-07	3.799999999999998e-06	0.000000000000000e+00
9.591955674135710e-07	3.999999999999998e-06	0.000000000000000e+00
9.591955674135710e-07	4.199999999999998e-06	0.000000000000000e+00
9.591955674135710e-07	4.399999999999998e-06	0.000000000000000e+00
9.591955674135710e-07	4.599999999999997e-06	0.000000000000000e+00
9.591955674135710e-07	4.799999999999997e-06	0.000000000000000e+00
9.591955674135710e-07	4.999999999999997e-06	0.000000000000000e+00
9.591955674135710e-07	5.199999999999997e-06	0.000000000000000e+00
9.591955674135710e-07	5.399999999999997e-06	0.000000000000000e+00
9.591955674135710e-07	5.599999999999996e-06	0.000000000000000e+00
9.591955674135710e-07	5.799999999999996e-06	0.000000000000000e+00
9.591955674135710e-07	5.999999999999996e-06	0.000000000000000e+00
9.591955674135710e-07	6.199999999999996e-06	0.000000000000000e+00
9.591955674135710e-07	6.399999999999995e-06	0.000000000000000e+00
9.591955674135710e-07	6.599999999999995e-06	0.000000000000000e+00
9.591955674135710e-07	6.799999999999995e-06	0.000000000000000e+00
9.591955674135710e-07	6.999999999999995e-06	0.000000000000000e+00
9.591955674135710e-07	7.199999999999995e-06	0.000000000000000e+00
9.591955674135710e-07	7.399999999999994e-06	0.000000000000000e+00
9.591955674135710e-07	7.599999999999994e-06	0.000000000000000e+00
9.591955674135710e-07	7.799999999999995e-06	0.000000000000000e+00
9.591955674135710e-07	7.999999999999995e-06	0.000000000000000e+00
9.591955674135710e-07	8.199999999999994e-06	0.000000000000000e+00
9.591955674135710e-07	8.399999999999994e-06	0.000000000000000e+00
9.591955674135710e-07	8.599999999999994e-06	0.000000000000000e+00
9.591955674135710e-07	8.799999999999994e-06	0.000000000000000e+00
9.591955674135710e-07	8.999999999999993e-06	0.000000000000000e+00
9.591955674135710e-07	9.199999999999993e-06	0.000000000000000e+00
9.591955674135710e-07	9.399999999999993e-06	0.000000000000000e+00
9.591955674135710e-07	9.599999999999993e-06	0.000000000000000e+00
9.591955674135710e-07	9.799999999999993e-06	0.000000000000000e+00
9.591955674135710e-07	9.999999999999999e-06	0.000000000000000e+00
1.000000000000000e-06	0.000000000000000e+00	0.000000000000000e+00
1.000000000000000e-06	2.000000000000000e-07	0.000000000000000e+00
1.000000000000000e-06	4.000000000000000e-07	0.000000000000000e+00
1.000000000000000e-06	6.000000000000000e-07	0.000000000000000e+00
1.000000000000000e-06	8.000000000000000e-07	0.000000000000000e+00
1.000000000000000e-06	1.000000000000000e-06	0.000000000000000e+00
1.000000000000000e-06	1.200000000000000e-06	0.000000000000000e+00
1.000000000000000e-06	1.400000000000000e-06	0.000000000000000e+00
1.000000000000000e-06	1.600000000000000e-06	0.000000000000000e+00
1.000000000000000e-06	1.800000000000000e-06	0.000000000000000e+00
1.000000000000000e-06	2.000000000000000e-06	0.000000000000000e+00
1.000000000000000e-06	2.200000000000000e-06	0.000000000000000e+00
1.000000000000000e-06	2.400000000000000e-06	0.000000000000000e+00
1.000000000000000e-06	2.600000000000000e-06	0.000000000000000e+00
1.000000000000000e-06	2.799999999999999e-06	0.000000000000000e+00
1.000000000000000e-06	2.999999999999999e-06	0.000000000000000e+00
1.000000000000000e-06	3.199999999999999e-06	0.000000000000000e+00
1.000000000000000e-06	3.399999999999999e-06	0.000000000000000e+00
1.000000000000000e-06	3.599999999999999e-06	0.000000000000000e+00
1.000000000000000e-06	3.799999999999998e-06	0.000000000000000e+00
1.000000000000000e-06	3.999999999999998e-06	0.000000000000000e+00
1.000000000000000e-06	4.199999999999998e-06	0.000000000000000e+00
1.000000000000000e-06	4.399999999999998e-06	0.000000000000000e+00
1.000000000000000e-06	4.599999999999997e-06	0.000000000000000e+00
1.000000000000000e-06	4.799999999999997e-06	0.000000000000000e+00
1.000000000000000e-06	4.999999999999997e-06	0.000000000000000e+00
1.000000000000000e-06	5.199999999999997e-06	0.000000000000000e+00
1.000000000000000e-06	5.399999999999997e-06	0.000000000000000e+00
1.000000000000000e-06	5.599999999999996e-06	0.000000000000000e+00
1.000000000000000e-06	5.799999999999996e-06	0.000000000000000e+00
1.000000000000000e-06	5.999999999999996e-06	0.000000000000000e+00
1.000000000000000e-06	6.199999999999996e-06	0.000000000000000e+00
1.000000000000000e-06	6.399999999999995e-06	0.000000000000000e+00
1.000000000000000e-06	6.599999999999995e-06	0.000000000000000e+00
1.000000000000000e-06	6.799999999999995e-06	0.000000000000000e+00
1.000000000000000e-06	6.999999999999995e-06	0.000000000000000e+00
1.000000000000000e-06	7.199999999999995e-06	0.000000000000000e+00
1.000000000000000e-06	7.399999999999994e-06	0.000000000000000e+00
1.000000000000000e-06	7.599999999999994e-06	0.000000000000000e+00
1.000000000000000e-06	7.799999999999995e-06	0.000000000000000e+00
1.000000000000000e-06	7.999999999999995e-06	0.000000000000000e+00
1.000000000000000e-06	8.199999999999994e-06	0.000000000000000e+00
1.000000000000000e-06	8.399999999999994e-06	0.000000000000000e+00
1.000000000000000e-06	8.599999999999994e-06	0.000000000000000e+00
1.000000000000000e-06	8.799999999999994e-06	0.000000000000000e+00
1.000000000000000e-06	8.999999999999993e-06	0.000000000000000e+00
1.000000000000000e-06	9.199999999999993e-06	0.000000000000000e+00
1.000000000000000e-06	9.399999999999993e-06	0.000000000000000e+00
1.000000000000000e-06	9.599999999999993e-06	0.000000000000000e+00
1.000000000000000e-06	9.799999999999993e-06	0.000000000000000e+00
1.000000000000000e-06	9.999999999999999e-06	0.000000000000000e+00
1.050000000000000e-06	0.000000000000000e+00	0.000000000000000e+00
1.050000000000000e-06	2.000000000000000e-07	0.000000000000000e+00
1.050000000000000e-06	4.000000000000000e-07	0.000000000000000e+00
1.050000000000000e-06	6.000000000000000e-07	0.000000000000000e+00
1.050000000000000e-06	8.000000000000000e-07	0.000000000000000e+00
1.050000000000000e-06	1.000000000000000e-06	0.000000000000000e+00
1.050000000000000e-06	1.200000000000000e-06	0.000000000000000e+00
1.050000000000000e-06	1.400000000000000e-06	0.000000000000000e+00
1.050000000000000e-06	1.600000000000000e-06	0.000000000000000e+00
1.050000000000000e-06	1.800000000000000e-06	0.000000000000000e+00
1.050000000000000e-06	2.000000000000000e-06	0.000000000000000e+00
1.050000000000000e-06	2.200000000000000e-06	0.000000000000000e+00
1.050000000000000e-06	2.400000000000000e-06	0.000000000000000e+00
1.050000000000000e-06	2.600000000000000e-06	0.000000000000000e+00
1.050000000000000e-06	2.799999999999999e-06	0.000000000000000e+00
1.050000000000000e-06	2.999999999999999e-06	0.000000000000000e+00
1.050000000000000e-06	3.199999999999999e-06	0.000000000000000e+00
1.050000000000000e-06	3.399999999999999e-06	0.000000000000000e+00
1.050000000000000e-06	3.599999999999999e-06	0.000000000000000e+00
1.050000000000000e-06	3.799999999999998e-06	0.000000000000000e+00
1.050000000000000e-06	3.999999999999998e-06	0.000000000000000e+00
1.050000000000000e-06	4.199999999999998e-06	0.000000000000000e+00
1.050000000000000e-06	4.399999999999998e-06	0.000000000000000e+00
1.050000000000000e-06	4.599999999999997e-06	0.000000000000000e+00
1.050000000000000e-06	4.799999999999997e-06	0.000000000000000e+00
1.050000000000000e-06	4.999999999999997e-06	0.000000000000000e+00
1.050000000000000e-06	5.199999999999997e-06	0.000000000000000e+00
1.050000000000000e-06	5.399999999999997e-06	0.000000000000000e+00
1.050000000000000e-06	5.599999999999996e-06	0.000000000000000e+00
1.050000000000000e-06	5.799999999999996e-06	0.000000000000000e+00
1.050000000000000e-06	5.999999999999996e-06	0.000000000000000e+00
1.050000000000000e-06	6.199999999999996e-06	0.000000000000000e+00
1.050000000000000e-06	6.399999999999995e-06	0.000000000000000e+00
1.050000000000000e-06	6.599999999999995e-06	0.000000000000000e+00
1.050000000000000e-06	6.799999999999995e-06	0.000000000000000e+00
1.050000000000000e-06	6.999999999999995e-06	0.000000000000000e+00
1.050000000000000e-06	7.199999999999995e-06	0.000000000000000e+00
1.050000000000000e-06	7.399999999999994e-06	0.000000000000000e+00
1.050000000000000e-06	7.599999999999994e-06	0.000000000000000e+00
1.050000000000000e-06	7.799999999999995e-06	0.000000000000000e+00
1.050000000000000e-06	7.999999999999995e-06	0.000000000000000e+00
1.050000000000000e-06	8.199999999999994e-06	0.000000000000000e+00
1.050000000000000e-06	8.399999999999994e-06	0.000000000000000e+00
1.050000000000000e-06	8.599999999999994e-06	0.000000000000000e+00
1.050000000000000e-06	8.799999999999994e-06	0.000000000000000e+00
1.050000000000000e-06	8.999999999999993e-06	0.000000000000000e+00
1.050000000000000e-06	9.199999999999993e-06	0.000000000000000e+00
1.050000000000000e-06	9.399999999999993e-06	0.000000000000000e+00
1.050000000000000e-06	9.599999999999993e-06	0.000000000000000e+00
1.050000000000000e-06	9.799999999999993e-06	0.000000000000000e+00
1.050000000000000e-06	9.999999999999999e-06	0.000000000000000e+00
1.091666666666667e-06	0.000000000000000e+00	0.000000000000000e+00
1.091666666666667e-06	2.000000000000000e-07	0.000000000000000e+00
1.091666666666667e-06	4.000000000000000e-07	0.000000000000000e+00
1.091666666666667e-06	6.000000000000000e-07	0.000000000000000e+00
1.091666666666667e-06	8.000000000000000e-07	0.000000000000000e+00
1.091666666666667e-06	1.000000000000000e-06	0.000000000000000e+00
1.091666666666667e-06	1.200000000000000e-06	0.000000000000000e+00
1.091666666666667e-06	1.400000000000000e-06	0.000000000000000e+00
1.091666666666667e-06	1.600000000000000e-06	0.000000000000000e+00
1.091666666666667e-06	1.800000000000000e-06	0.000000000000000e+00
1.091666666666667e-06	2.000000000000000e-06	0.000000000000000e+00
1.091666666666667e-06	2.200000000000000e-06	0.000000000000000e+00
1.091666666666667e-06	2.400000000000000e-06	0.000000000000000e+00
1.091666666666667e-06	2.600000000000000e-06	0.000000000000000e+00
1.091666666666667e-06	2.799999999999999e-06	0.000000000000000e+00
1.091666666666667e-06	2.999999999999999e-06	0.000000000000000e+00
1.091666666666667e-06	3.199999999999999e-06	0.000000000000000e+00
1.091666666666667e-06	3.399999999999999e-06	0.000000000000000e+00
1.091666666666667e-06	3.599999999999999e-06	0.000000000000000e+00
1.091666666666667e-06	3.799999999999998e-06	0.000000000000000e+00
1.091666666666667e-06	3.999999999999998e-06	0.000000000000000e+00
1.091666666666667e-06	4.199999999999998e-06	0.000000000000000e+00
1.091666666666667e-06	4.399999999999998e-06	0.000000000000000e+00
1.091666666666667e-06	4.599999999999997e-06	0.000000000000000e+00
1.091666666666667e-06	4.799999999999997e-06	0.000000000000000e+00
1.091666666666667e-06	4.999999999999997e-06	0.000000000000000e+00
1.091666666666667e-06	5.199999999999997e-06	0.000000000000000e+00
1.091666666666667e-06	5.399999999999997e-06	0.000000000000000e+00
1.091666666666667e-06	5.599999999999996e-06	0.000000000000000e+00
1.091666666666667e-06	5.799999999999996e-06	0.000000000000000e+00
1.091666666666667e-06	5.999999999999996e-06	0.000000000000000e+00
1.091666666666667e-06	6.199999999999996e-06	0.000000000000000e+00
1.091666666666667e-06	6.399999999999995e-06	0.000000000000000e+00
1.091666666666667e-06	6.599999999999995e-06	0.000000000000000e+00
1.091666666666667e-06	6.799999999999995e-06	0.000000000000000e+00
1.091666666666667e-06	6.999999999999995e-06	0.000000000000000e+00
1.091666666666667e-06	7.199999999999995e-06	0.000000000000000e+00
1.091666666666667e-06	7.399999999999994e-06	0.000000000000000e+00
1.091666666666667e-06	7.599999999999994e-06	0.000000000000000e+00
1.091666666666667e-06	7.799999999999995e-06	0.000000000000000e+00
1.091666666666667e-06	7.999999999999995e-06	0.000000000000000e+00
1.091666666666667e-06	8.199999999999994e-06	0.000000000000000e+00
1.091666666666667e-06	8.399999999999994e-06	0.000000000000000e+00
1.091666666666667e-06	8.599999999999994e-06	0.000000000000000e+00
1.091666666666667e-06	8.799999999999994e-06	0.000000000000000e+00
1.091666666666667e-06	8.999999999999993e-06	0.000000000000000e+00
1.091666666666667e-06	9.199999999999993e-06	0.000000000000000e+00
1.091666666666667e-06	9.399999999999993e-06	0.000000000000000e+00
1.091666666666667e-06	9.599999999999993e-06	0.000000000000000e+00
1.091666666666667e-06	9.799999999999993e-06	0.000000000000000e+00
1.091666666666667e-06	9.999999999999999e-06	0.000000000000000e+00
1.126388888888889e-06	0.000000000000000e+00	0.000000000000000e+00
1.126388888888889e-06	2.000000000000000e-07	0.000000000000000e+00
1.126388888888889e-06	4.000000000000000e-07	0.000000000000000e+00
1.126388888888889e-06	6.000000000000000e-07	0.000000000000000e+00
1.126388888888889e-06	8.000000000000000e-07	0.000000000000000e+00
1.126388888888889e-06	1.000000000000000e-06	0.000000000000000e+00
1.126388888888889e-06	1.200000000000000e-06	0.000000000000000e+00
1.126388888888889e-06	1.400000000000000e-06	0.000000000000000e+00
1.126388888888889e-06	1.600000000000000e-06	0.000000000000000e+00
1.126388888888889e-06	1.800000000000000e-06	0.000000000000000e+00
1.126388888888889e-06	2.000000000000000e-06	0.000000000000000e+00
1.126388888888889e-06	2.200000000000000e-06	0.000000000000000e+00
1.126388888888889e-06	2.400000000000000e-06	0.000000000000000e+00
1.126388888888889e-06	2.600000000000000e-06	0.000000000000000e+00
1.126388888888889e-06	2.799999999999999e-06	0.000000000000000e+00
1.126388888888889e-06	2.999999999999999e-06	0.000000000000000e+00
1.126388888888889e-06	3.199999999999999e-06	0.000000000000000e+00
1.126388888888889e-06	3.399999999999999e-06	0.000000000000000e+00
1.126388888888889e-06	3.599999999999999e-06	0.000000000000000e+00
1.126388888888889e-06	3.799999999999998e-06	0.000000000000000e+00
1.126388888888889e-06	3.999999999999998e-06	0.000000000000000e+00
1.126388888888889e-06	4.199999999999998e-06	0.000000000000000e+00
1.126388888888889e-06	4.399999999999998e-06	0.000000000000000e+00
1.126388888888889e-06	4.599999999999997e-06	0.000000000000000e+00
1.126388888888889e-06	4.799999999999997e-06	0.000000000000000e+00
1.126388888888889e-06	4.999999999999997e-06	0.000000000000000e+00
1.126388888888889e-06	5.199999999999997e-06	0.000000000000000e+00
1.126388888888889e-06	5.399999999999997e-06	0.000000000000000e+00
1.126388888888889e-06	5.599999999999996e-06	0.000000000000000e+00
1.126388888888889e-06	5.799999999999996e-06	0.000000000000000e+00
1.126388888888889e-06	5.999999999999996e-06	0.000000000000000e+00
1.126388888888889e-06	6.199999999999996e-06	0.000000000000000e+00
1.126388888888889e-06	6.399999999999995e-06	0.000000000000000e+00
1.126388888888889e-06	6.599999999999995e-06	0.000000000000000e+00
1.126388888888889e-06	6.799999999999995e-06	0.000000000000000e+00
1.126388888888889e-06	6.999999999999995e-06	0.000000000000000e+00
1.126388888888889e-06	7.199999999999995e-06	0.000000000000000e+00
1.126388888888889e-06	7.399999999999994e-06	0.000000000000000e+00
1.126388888888889e-06	7.599999999999994e-06	0.000000000000000e+00
1.126388888888889e-06	7.799999999999995e-06	0.000000000000000e+00
1.126388888888889e-06	7.999999999999995e-06	0.000000000000000e+00
1.126388888888889e-06	8.199999999999994e-06	0.000000000000000e+00
1.126388888888889e-06	8.399999999999994e-06	0.000000000000000e+00
1.126388888888889e-06	8.599999999999994e-06	0.000000000000000e+00
1.126388888888889e-06	8.799999999999994e-06	0.000000000000000e+00
1.126388888888889e-06	8.999999999999993e-06	0.000000000000000e+00
1.126388888888889e-06	9.199999999999993e-06	0.000000000000000e+00
1.126388888888889e-06	9.399999999999993e-06	0.000000000000000e+00
1.126388888888889e-06	9.599999999999993e-06	0.000000000000000e+00
1.126388888888889e-06	9.799999999999993e-06	0.000000000000000e+00
1.126388888888889e-06	9.999999999999999e-06	0.000000000000000e+00
1.155324074074074e-06	0.000000000000000e+00	0.000000000000000e+00
1.155324074074074e-06	2.000000000000000e-07	0.000000000000000e+00
1.155324074074074e-06	4.000000000000000e-07	0.000000000000000e+00
1.155324074074074e-06	6.000000000000000e-07	0.000000000000000e+00
1.155324074074074e-06	8.000000000000000e-07	0.000000000000000e+00
1.155324074074074e-06	1.000000000000000e-06	0.000000000000000e+00
1.155324074074074e-06	1.200000000000000e-06	0.000000000000000e+00
1.155324074074074e-06	1.400000000000000e-06	0.000000000000000e+00
1.155324074074074e-06	1.600000000000000e-06	0.000000000000000e+00
1.155324074074074e-06	1.800000000000000e-06	0.000000000000000e+00
1.155324074074074e-06	2.000000000000000e-06	0.000000000000000e+00
1.155324074074074e-06	2.200000000000000e-06	0.000000000000000e+00
1.155324074074074e-06	2.400000000000000e-06	0.000000000000000e+00
1.155324074074074e-06	2.600000000000000e-06	0.000000000000000e+00
1.155324074074074e-06	2.799999999999999e-06	0.000000000000000e+00
1.155324074074074e-06	2.999999999999999e-06	0.000000000000000e+00
1.155324074074074e-06	3.199999999999999e-06	0.000000000000000e+00
1.155324074074074e-06	3.399999999999999e-06	0.000000000000000e+00
1.155324074074074e-06	3.599999999999999e-06	0.000000000000000e+00
1.155324074074074e-06	3.799999999999998e-06	0.000000000000000e+00
1.155324074074074e-06	3.999999999999998e-06	0.000000000000000e+00
1.155324074074074e-06	4.199999999999998e-06	0.000000000000000e+00
1.155324074074074e-06	4.399999999999998e-06	0.000000000000000e+00
1.155324074074074e-06	4.599999999999997e-06	0.000000000000000e+00
1.155324074074074e-06	4.799999999999997e-06	0.000000000000000e+00
1.155324074074074e-06	4.999999999999997e-06	0.000000000000000e+00
1.155324074074074e-06	5.199999999999997e-06	0.000000000000000e+00
1.155324074074074e-06	5.399999999999997e-06	0.000000000000000e+00
1.155324074074074e-06	5.599999999999996e-06	0.000000000000000e+00
1.155324074074074e-06	5.799999999999996e-06	0.000000000000000e+00
1.155324074074074e-06	5.999999999999996e-06	0.000000000000000e+00
1.155324074074074e-06	6.199999999999996e-06	0.000000000000000e+00
1.155324074074074e-06	6.399999999999995e-06	0.000000000000000e+00
1.155324074074074e-06	6.599999999999995e-06	0.000000000000000e+00
1.155324074074074e-06	6.799999999999995e-06	0.000000000000000e+00
1.155324074074074e-06	6.999999999999995e-06	0.000000000000000e+00
1.155324074074074e-06	7.199999999999995e-06	0.000000000000000e+00
1.155324074074074e-06	7.399999999999994e-06	0.000000000000000e+00
1.155324074074074e-06	7.599999999999994e-06	0.000000000000000e+00
1.155324074074074e-06	7.799999999999995e-06	0.000000000000000e+00
1.155324074074074e-06	7.999999999999995e-06	0.000000000000000e+00
1.155324074074074e-06	8.199999999999994e-06	0.000000000000000e+00
1.155324074074074e-06	8.399999999999994e-06	0.000000000000000e+00
1.155324074074074e-06	8.599999999999994e-06	0.000000000000000e+00
1.155324074074074e-06	8.799999999999994e-06	0.000000000000000e+00
1.155324074074074e-06	8.999999999999993e-06	0.000000000000000e+00
1.155324074074074e-06	9.199999999999993e-06	0.000000000000000e+00
1.155324074074074e-06	9.399999999999993e-06	0.000000000000000e+00
1.155324074074074e-06	9.599999999999993e-06	0.000000000000000e+00
1.155324074074074e-06	9.799999999999993e-06	0.000000000000000e+00
1.155324074074074e-06	9.999999999999999e-06	0.000000000000000e+00
1.179436728395062e-06	0.000000000000000e+00	0.000000000000000e+00
1.179436728395062e-06	2.000000000000000e-07	0.000000000000000e+00
1.179436728395062e-06	4.000000000000000e-07	0.000000000000000e+00
1.179436728395062e-06	6.000000000000000e-07	0.000000000000000e+00
1.179436728395062e-06	8.000000000000000e-07	0.000000000000000e+00
1.179436728395062e-06	1.000000000000000e-06	0.000000000000000e+00
1.179436728395062e-06	1.200000000000000e-06	0.000000000000000e+00
1.179436728395062e-06	1.400000000000000e-06	0.000000000000000e+00
1.179436728395062e-06	1.600000000000000e-06	0.000000000000000e+00
1.179436728395062e-06	1.800000000000000e-06	0.000000000000000e+00
1.179436728395062e-06	2.000000000000000e-06	0.000000000000000e+00
1.179436728395062e-06	2.200000000000000e-06	0.000000000000000e+00
1.179436728395062e-06	2.400000000000000e-06	0.000000000000000e+00
1.179436728395062e-06	2.600000000000000e-06	0.000000000000000e+00
1.179436728395062e-06	2.799999999999999e-06	0.000000000000000e+00
1.179436728395062e-06	2.999999999999999e-06	0.000000000000000e+00
1.179436728395062e-06	3.199999999999999e-06	0.000000000000000e+00
1.179436728395062e-06	3.399999999999999e-06	0.000000000000000e+00
1.179436728395062e-06	3.599999999999999e-06	0.000000000000000e+00
1.179436728395062e-06	3.799999999999998e-06	0.000000000000000e+00
1.179436728395062e-06	3.999999999999998e-06	0.000000000000000e+00
1.179436728395062e-06	4.199999999999998e-06	0.000000000000000e+00
1.179436728395062e-06	4.399999999999998e-06	0.000000000000000e+00
1.179436728395062e-06	4.599999999999997e-06	0.000000000000000e+00
1.179436728395062e-06	4.799999999999997e-06	0.000000000000000e+00
1.179436728395062e-06	4.999999999999997e-06	0.000000000000000e+00
1.179436728395062e-06	5.199999999999997e-06	0.000000000000000e+00
1.179436728395062e-06	5.399999999999997e-06	0.000000000000000e+00
1.179436728395062e-06	5.599999999999996e-06	0.000000000000000e+00
1.179436728395062e-06	5.799999999999996e-06	0.000000000000000e+00
1.179436728395062e-06	5.999999999999996e-06	0.000000000000000e+00
1.179436728395062e-06	6.199999999999996e-06	0.000000000000000e+00
1.179436728395062e-06	6.399999999999995e-06	0.000000000000000e+00
1.179436728395062e-06	6.599999999999995e-06	0.000000000000000e+00
1.179436728395062e-06	6.799999999999995e-06	0.000000000000000e+00
1.179436728395062e-06	6.999999999999995e-06	0.000000000000000e+00
1.179436728395062e-06	7.199999999999995e-06	0.000000000000000e+00
1.179436728395062e-06	7.399999999999994e-06	0.000000000000000e+00
1.179436728395062e-06	7.599999999999994e-06	0.000000000000000e+00
1.179436728395062e-06	7.799999999999995e-06	0.000000000000000e+00
1.179436728395062e-06	7.999999999999995e-06	0.000000000000000e+00
1.179436728395062e-06	8.199999999999994e-06	0.000000000000000e+00
1.179436728395062e-06	8.399999999999994e-06	0.000000000000000e+00
1.179436728395062e-06	8.599999999999994e-06	0.000000000000000e+00
1.179436728395062e-06	8.799999999999994e-06	0.000000000000000e+00
1.179436728395062e-06	8.999999999999993e-06	0.000000000000000e+00
1.179436728395062e-06	9.199999999999993e-06	0.000000000000000e+00
1.179436728395062e-06	9.399999999999993e-06	0.000000000000000e+00
1.179436728395062e-06	9.599999999999993e-06	0.000000000000000e+00
1.179436728395062e-06	9.799999999999993e-06	0.000000000000000e+00
1.179436728395062e-06	9.999999999999999e-06	0.000000000000000e+00
1.199530606995885e-06	0.000000000000000e+00	0.000000000000000e+00
1.199530606995885e-06	2.000000000000000e-07	0.000000000000000e+00
1.199530606995885e-06	4.000000000000000e-07	0.000000000000000e+00
1.199530606995885e-06	6.000000000000000e-07	0.000000000000000e+00
1.199530606995885e-06	8.000000000000000e-07	0.000000000000000e+00
1.199530606995885e-06	1.000000000000000e-06	0.000000000000000e+00
1.199530606995885e-06	1.200000000000000e-06	0.000000000000000e+00
1.199530606995885e-06	1.400000000000000e-06	0.000000000000000e+00
1.199530606995885e-06	1.600000000000000e-06	0.000000000000000e+00
1.199530606995885e-06	1.800000000000000e-06	0.000000000000000e+00
1.199530606995885e-06	2.000000000000000e-06	0.000000000000000e+00
1.199530606995885e-06	2.200000000000000e-06	0.000000000000000e+00
1.199530606995885e-06	2.400000000000000e-06	0.000000000000000e+00
1.199530606995885e-06	2.600000000000000e-06	0.000000000000000e+00
1.199530606995885e-06	2.799999999999999e-06	0.000000000000000e+00
1.199530606995885e-06	2.999999999999999e-06	0.000000000000000e+00
1.199530606995885e-06	3.199999999999999e-06	0.000000000000000e+00
1.199530606995885e-06	3.399999999999999e-06	0.000000000000000e+00
1.199530606995885e-06	3.599999999999999e-06	0.000000000000000e+00
1.199530606995885e-06	3.799999999999998e-06	0.000000000000000e+00
1.199530606995885e-06	3.999999999999998e-06	0.000000000000000e+00
1.199530606995885e-06	4.199999999999998e-06	0.000000000000000e+00
1.199530606995885e-06	4.399999999999998e-06	0.000000000000000e+00
1.199530606995885e-06	4.599999999999997e-06	0.000000000000000e+00
1.199530606995885e-06	4.799999999999997e-06	0.000000000000000e+00
1.199530606995885e-06	4.999999999999997e-06	0.000000000000000e+00
1.199530606995885e-06	5.199999999999997e-06	0.000000000000000e+00
1.199530606995885e-06	5.399999999999997e-06	0.000000000000000e+00
1.199530606995885e-06	5.599999999999996e-06	0.000000000000000e+00
1.199530606995885e-06	5.799999999999996e-06	0.000000000000000e+00
1.199530606995885e-06	5.999999999999996e-06	0.000000000000000e+00
1.199530606995885e-06	6.199999999999996e-06	0.000000000000000e+00
1.199530606995885e-06	6.399999999999995e-06	0.000000000000000e+00
1.199530606995885e-06	6.599999999999995e-06	0.000000000000000e+00
1.199530606995885e-06	6.799999999999995e-06	0.000000000000000e+00
1.199530606995885e-06	6.999999999999995e-06	0.000000000000000e+00
1.199530606995885e-06	7.199999999999995e-06	0.000000000000000e+00
1.199530606995885e-06	7.399999999999994e-06	0.000000000000000e+00
1.199530606995885e-06	7.599999999999994e-06	0.000000000000000e+00
1.199530606995885e-06	7.799999999999995e-06	0.000000000000000e+00
1.199530606995885e-06	7.999999999999995e-06	0.000000000000000e+00
1.199530606995885e-06	8.199999999999994e-06	0.000000000000000e+00
1.199530606995885e-06	8.399999999999994e-06	0.000000000000000e+00
1.199530606995885e-06	8.599999999999994e-06	0.000000000000000e+00
1.199530606995885e-06	8.799999999999994e-06	0.000000000000000e+00
1.199530606995885e-06	8.999999999999993e-06	0.000000000000000e+00
1.199530606995885e-06	9.199999999999993e-06	0.000000000000000e+00
1.199530606995885e-06	9.399999999999993e-06	0.000000000000000e+00
1.199530606995885e-06	9.599999999999993e-06	0.000000000000000e+00
1.199530606995885e-06	9.799999999999993e-06	0.000000000000000e+00
1.199530606995885e-06	9.999999999999999e-06	0.000000000000000e+00
1.200000000000000e-06	0.000000000000000e+00	0.000000000000000e+00
1.200000000000000e-06	2.000000000000000e-07	0.000000000000000e+00
1.200000000000000e-06	4.000000000000000e-07	0.000000000000000e+00
1.200000000000000e-06	6.000000000000000e-07	0.000000000000000e+00
1.200000000000000e-06	8.000000000000000e-07	0.000000000000000e+00
1.200000000000000e-06	1.000000000000000e-06	0.000000000000000e+00
1.200000000000000e-06	1.200000000000000e-06	0.000000000000000e+00
1.200000000000000e-06	1.400000000000000e-06	0.000000000000000e+00
1.200000000000000e-06	1.600000000000000e-06	0.000000000000000e+00
1.200000000000000e-06	1.800000000000000e-06	0.000000000000000e+00
1.200000000000000e-06	2.000000000000000e-06	0.000000000000000e+00
1.200000000000000e-06	2.200000000000000e-06	0.000000000000000e+00
1.200000000000000e-06	2.400000000000000e-06	0.000000000000000e+00
1.200000000000000e-06	2.600000000000000e-06	0.000000000000000e+00
1.200000000000000e-06	2.799999999999999e-06	0.000000000000000e+00
1.200000000000000e-06	2.999999999999999e-06	0.000000000000000e+00
1.200000000000000e-06	3.199999999999999e-06	0.000000000000000e+00
1.200000000000000e-06	3.399999999999999e-06	0.000000000000000e+00
1.200000000000000e-06	3.599999999999999e-06	0.000000000000000e+00
1.200000000000000e-06	3.799999999999998e-06	0.000000000000000e+00
1.200000000000000e-06	3.999999999999998e-06	0.000000000000000e+00
1.200000000000000e-06	4.199999999999998e-06	0.000000000000000e+00
1.200000000000000e-06	4.399999999999998e-06	0.000000000000000e+00
1.200000000000000e-06	4.599999999999997e-06	0.000000000000000e+00
1.200000000000000e-06	4.799999999999997e-06	0.000000000000000e+00
1.200000000000000e-06	4.999999999999997e-06	0.000000000000000e+00
1.200000000000000e-06	5.199999999999997e-06	0.000000000000000e+00
1.200000000000000e-06	5.399999999999997e-06	0.000000000000000e+00
1.200000000000000e-06	5.599999999999996e-06	0.000000000000000e+00
1.200000000000000e-06	5.799999999999996e-06	0.000000000000000e+00
1.200000000000000e-06	5.999999999999996e-06	0.000000000000000e+00
1.200000000000000e-06	6.199999999999996e-06	0.000000000000000e+00
1.200000000000000e-06	6.399999999999995e-06	0.000000000000000e+00
1.200000000000000e-06	6.599999999999995e-06	0.000000000000000e+00
1.200000000000000e-06	6.799999999999995e-06	0.000000000000000e+00
1.200000000000000e-06	6.999999999999995e-06	0.000000000000000e+00
1.200000000000000e-06	7.199999999999995e-06	0.000000000000000e+00
1.200000000000000e-06	7.399999999999994e-06	0.000000000000000e+00
1.200000000000000e-06	7.599999999999994e-06	0.000000000000000e+00
1.200000000000000e-06	7.799999999999995e-06	0.000000000000000e+00
1.200000000000000e-06	7.999999999999995e-06	0.000000000000000e+00
1.200000000000000e-06	8.199999999999994e-06	0.000000000000000e+00
1.200000000000000e-06	8.399999999999994e-06	0.000000000000000e+00
1.200000000000000e-06	8.599999999999994e-06	0.000000000000000e+00
1.200000000000000e-06	8.799999999999994e-06	0.000000000000000e+00
1.200000000000000e-06	8.999999999999993e-06	0.000000000000000e+00
1.200000000000000e-06	9.199999999999993e-06	0.000000000000000e+00
1.200000000000000e-06	9.399999999999993e-06	0.000000000000000e+00
1.200000000000000e-06	9.599999999999993e-06	0.000000000000000e+00
1.200000000000000e-06	9.799999999999993e-06	0.000000000000000e+00
1.200000000000000e-06	9.999999999999999e-06	0.000000000000000e+00
1.220000000000000e-06	0.000000000000000e+00	0.000000000000000e+00
1.220000000000000e-06	2.000000000000000e-07	0.000000000000000e+00
1.220000000000000e-06	4.000000000000000e-07	0.000000000000000e+00
1.220000000000000e-06	6.000000000000000e-07	0.000000000000000e+00
1.220000000000000e-06	8.000000000000000e-07	0.000000000000000e+00
1.220000000000000e-06	1.000000000000000e-06	0.000000000000000e+00
1.220000000000000e-06	1.200000000000000e-06	0.000000000000000e+00
1.220000000000000e-06	1.400000000000000e-06	0.000000000000000e+00
1.220000000000000e-06	1.600000000000000e-06	0.000000000000000e+00
1.220000000000000e-06	1.800000000000000e-06	0.000000000000000e+00
1.220000000000000e-06	2.000000000000000e-06	0.000000000000000e+00
1.220000000000000e-06	2.200000000000000e-06	0.000000000000000e+00
1.220000000000000e-06	2.400000000000000e-06	0.000000000000000e+00
1.220000000000000e-06	2.600000000000000e-06	0.000000000000000e+00
1.220000000000000e-06	2.799999999999999e-06	0.000000000000000e+00
1.220000000000000e-06	2.999999999999999e-06	0.000000000000000e+00
1.220000000000000e-06	3.199999999999999e-06	0.000000000000000e+00
1.220000000000000e-06	3.399999999999999e-06	0.000000000000000e+00
1.220000000000000e-06	3.599999999999999e-06	0.000000000000000e+00
1.220000000000000e-06	3.799999999999998e-06	0.000000000000000e+00
1.220000000000000e-06	3.999999999999998e-06	0.000000000000000e+00
1.220000000000000e-06	4.199999999999998e-06	0.000000000000000e+00
1.220000000000000e-06	4.399999999999998e-06	0.000000000000000e+00
1.220000000000000e-06	4.599999999999997e-06	0.000000000000000e+00
1.220000000000000e-06	4.799999999999997e-06	0.000000000000000e+00
1.220000000000000e-06	4.999999999999997e-06	0.000000000000000e+00
1.220000000000000e-06	5.199999999999997e-06	0.000000000000000e+00
1.220000000000000e-06	5.399999999999997e-06	0.000000000000000e+00
1.220000000000000e-06	5.599999999999996e-06	0.000000000000000e+00
1.220000000000000e-06	5.799999999999996e-06	0.000000000000000e+00
1.220000000000000e-06	5.999999999999996e-06	0.000000000000000e+00
1.220000000000000e-06	6.199999999999996e-06	0.000000000000000e+00
1.220000000000000e-06	6.399999999999995e-06	0.000000000000000e+00
1.220000000000000e-06	6.599999999999995e-06	0.000000000000000e+00
1.220000000000000e-06	6.799999999999995e-06	0.000000000000000e+00
1.220000000000000e-06	6.999999999999995e-06	0.000000000000000e+00
1.220000000000000e-06	7.199999999999995e-06	0.000000000000000e+00
1.220000000000000e-06	7.399999999999994e-06	0.000000000000000e+00
1.220000000000000e-06	7.599999999999994e-06	0.000000000000000e+00
1.220000000000000e-06	7.799999999999995e-06	0.000000000000000e+00
1.220000000000000e-06	7.999999999999995e-06	0.000000000000000e+00
1.220000000000000e-06	8.199999999999994e-06	0.000000000000000e+00
1.220000000000000e-06	8.399999999999994e-06	0.000000000000000e+00
1.220000000000000e-06	8.599999999999994e-06	0.000000000000000e+00
1.220000000000000e-06	8.799999999999994e-06	0.000000000000000e+00
1.220000000000000e-06	8.999999999999993e-06	0.000000000000000e+00
1.220000000000000e-06	9.199999999999993e-06	0.000000000000000e+00
1.220000000000000e-06	9.399999999999993e-06	0.000000000000000e+00
1.220000000000000e-06	9.599999999999993e-06	0.000000000000000e+00
1.220000000000000e-06	9.799999999999993e-06	0.000000000000000e+00
1.220000000000000e-06	9.999999999999999e-06	0.000000000000000e+00
1.242400000000000e-06	0.000000000000000e+00	0.000000000000000e+00
1.242400000000000e-06	2.000000000000000e-07	0.000000000000000e+00
1.242400000000000e-06	4.000000000000000e-07	0.000000000000000e+00
1.242400000000000e-06	6.000000000000000e-07	0.000000000000000e+00
1.242400000000000e-06	8.000000000000000e-07	0.000000000000000e+00
1.242400000000000e-06	1.000000000000000e-06	0.000000000000000e+00
1.242400000000000e-06	1.200000000000000e-06	0.000000000000000e+00
1.242400000000000e-06	1.400000000000000e-06	0.000000000000000e+00
1.242400000000000e-06	1.600000000000000e-06	0.000000000000000e+00
1.242400000000000e-06	1.800000000000000e-06	0.000000000000000e+00
1.242400000000000e-06	2.000000000000000e-06	0.000000000000000e+00
1.242400000000000e-06	2.200000000000000e-06	0.000000000000000e+00
1.242400000000000e-06	2.400000000000000e-06	0.000000000000000e+00
1.242400000000000e-06	2.600000000000000e-06	0.000000000000000e+00
1.242400000000000e-06	2.799999999999999e-06	0.000000000000000e+00
1.242400000000000e-06	2.999999999999999e-06	0.000000000000000e+00
1.242400000000000e-06	3.199999999999999e-06	0.000000000000000e+00
1.242400000000000e-06	3.399999999999999e-06	0.000000000000000e+00
1.242400000000000e-06	3.599999999999999e-06	0.000000000000000e+00
1.242400000000000e-06	3.799999999999998e-06	0.000000000000000e+00
1.242400000000000e-06	3.999999999999998e-06	0.000000000000000e+00
1.242400000000000e-06	4.199999999999998e-06	0.000000000000000e+00
1.242400000000000e-06	4.399999999999998e-06	0.000000000000000e+00
1.242400000000000e-06	4.599999999999997e-06	0.000000000000000e+00
1.242400000000000e-06	4.799999999999997e-06	0.000000000000000e+00
1.242400000000000e-06	4.999999999999997e-06	0.000000000000000e+00
1.242400000000000e-06	5.199999999999997e-06	0.000000000000000e+00
1.242400000000000e-06	5.399999999999997e-06	0.000000000000000e+00
1.242400000000000e-06	5.599999999999996e-06	0.000000000000000e+00
1.242400000000000e-06	5.799999999999996e-06	0.000000000000000e+00
1.242400000000000e-06	5.999999999999996e-06	0.000000000000000e+00
1.242400000000000e-06	6.199999999999996e-06	0.000000000000000e+00
1.242400000000000e-06	6.399999999999995e-06	0.000000000000000e+00
1.242400000000000e-06	6.599999999999995e-06	0.000000000000000e+00
1.242400000000000e-06	6.799999999999995e-06	0.000000000000000e+00
1.242400000000000e-06	6.999999999999995e-06	0.000000000000000e+00
1.242400000000000e-06	7.199999999999995e-06	0.000000000000000e+00
1.242400000000000e-06	7.399999999999994e-06	0.000000000000000e+00
1.242400000000000e-06	7.599999999999994e-06	0.000000000000000e+00
1.242400000000000e-06	7.799999999999995e-06	0.000000000000000e+00
1.242400000000000e-06	7.999999999999995e-06	0.000000000000000e+00
1.242400000000000e-06	8.199999999999994e-06	0.000000000000000e+00
1.242400000000000e-06	8.399999999999994e-06	0.000000000000000e+00
1.242400000000000e-06	8.599999999999994e-06	0.000000000000000e+00
1.242400000000000e-06	8.799999999999994e-06	0.000000000000000e+00
1.242400000000000e-06	8.999999999999993e-06	0.000000000000000e+00
1.242400000000000e-06	9.199999999999993e-06	0.000000000000000e+00
1.242400000000000e-06	9.399999999999993e-06	0.000000000000000e+00
1.242400000000000e-06	9.599999999999993e-06	0.000000000000000e+00
1.242400000000000e-06	9.799999999999993e-06	0.000000000000000e+00
1.242400000000000e-06	9.999999999999999e-06	0.000000000000000e+00
1.267488000000000e-06	0.000000000000000e+00	0.000000000000000e+00
1.267488000000000e-06	2.000000000000000e-07	0.000000000000000e+00
1.267488000000000e-06	4.000000000000000e-07	0.000000000000000e+00
1.267488000000000e-06	6.000000000000000e-07	0.000000000000000e+00
1.267488000000000e-06	8.000000000000000e-07	0.000000000000000e+00
1.267488000000000e-06	1.000000000000000e-06	0.000000000000000e+00
1.267488000000000e-06	1.200000000000000e-06	0.000000000000000e+00
1.267488000000000e-06	1.400000000000000e-06	0.000000000000000e+00
1.267488000000000e-06	1.600000000000000e-06	0.000000000000000e+00
1.267488000000000e-06	1.800000000000000e-06	0.000000000000000e+00
1.267488000000000e-06	2.000000000000000e-06	0.000000000000000e+00
1.267488000000000e-06	2.200000000000000e-06	0.000000000000000e+00
1.267488000000000e-06	2.400000000000000e-06	0.000000000000000e+00
1.267488000000000e-06	2.600000000000000e-06	0.000000000000000e+00
1.267488000000000e-06	2.799999999999999e-06	0.000000000000000e+00
1.267488000000000e-06	2.999999999999999e-06	0.000000000000000e+00
1.267488000000000e-06	3.199999999999999e-06	0.000000000000000e+00
1.267488000000000e-06	3.399999999999999e-06	0.000000000000000e+00
1.267488000000000e-06	3.599999999999999e-06	0.000000000000000e+00
1.267488000000000e-06	3.799999999999998e-06	0.000000000000000e+00
1.267488000000000e-06	3.999999999999998e-06	0.000000000000000e+00
1.267488000000000e-06	4.199999999999998e-06	0.000000000000000e+00
1.267488000000000e-06	4.399999999999998e-06	0.000000000000000e+00
1.267488000000000e-06	4.599999999999997e-06	0.000000000000000e+00
1.267488000000000e-06	4.799999999999997e-06	0.000000000000000e+00
1.267488000000000e-06	4.999999999999997e-06	0.000000000000000e+00
1.267488000000000e-06	5.199999999999997e-06	0.000000000000000e+00
1.267488000000000e-06	5.399999999999997e-06	0.000000000000000e+00
1.267488000000000e-06	5.599999999999996e-06	0.000000000000000e+00
1.267488000000000e-06	5.799999999999996e-06	0.000000000000000e+00
1.267488000000000e-06	5.999999999999996e-06	0.000000000000000e+00
1.267488000000000e-06	6.199999999999996e-06	0.000000000000000e+00
1.267488000000000e-06	6.399999999999995e-06	0.000000000000000e+00
1.267488000000000e-06	6.599999999999995e-06	0.000000000000000e+00
1.267488000000000e-06	6.799999999999995e-06	0.000000000000000e+00
1.267488000000000e-06	6.999999999999995e-06	0.000000000000000e+00
1.267488000000000e-06	7.199999999999995e-06	0.000000000000000e+00
1.267488000000000e-06	7.399999999999994e-06	0.000000000000000e+00
1.267488000000000e-06	7.599999999999994e-06	0.000000000000000e+00
1.267488000000000e-06	7.799999999999995e-06	0.000000000000000e+00
1.267488000000000e-06	7.999999999999995e-06	0.000000000000000e+00
1.267488000000000e-06	8.199999999999994e-06	0.000000000000000e+00
1.267488000000000e-06	8.399999999999994e-06	0.000000000000000e+00
1.267488000000000e-06	8.599999999999994e-06	0.000000000000000e+00
1.267488000000000e-06	8.799999999999994e-06	0.000000000000000e+00
1.267488000000000e-06	8.999999999999993e-06	0.000000000000000e+00
1.267488000000000e-06	9.199999999999993e-06	0.000000000000000e+00
1.267488000000000e-06	9.399999999999993e-06	0.000000000000000e+00
1.267488000000000e-06	9.599999999999993e-06	0.000000000000000e+00
1.267488000000000e-06	9.799999999999993e-06	0.000000000000000e+00
1.267488000000000e-06	9.999999999999999e-06	0.000000000000000e+00
1.295586560000000e-06	0.000000000000000e+00	0.000000000000000e+00
1.295586560000000e-06	2.000000000000000e-07	0.000000000000000e+00
1.295586560000000e-06	4.000000000000000e-07	0.000000000000000e+00
1.295586560000000e-06	6.000000000000000e-07	0.000000000000000e+00
1.295586560000000e-06	8.000000000000000e-07	0.000000000000000e+00
1.295586560000000e-06	1.000000000000000e-06	0.000000000000000e+00
1.295586560000000e-06	1.200000000000000e-06	0.000000000000000e+00
1.295586560000000e-06	1.400000000000000e-06	0.000000000000000e+00
1.295586560000000e-06	1.600000000000000e-06	0.000000000000000e+00
1.295586560000000e-06	1.800000000000000e-06	0.000000000000000e+00
1.295586560000000e-06	2.000000000000000e-06	0.000000000000000e+00
1.295586560000000e-06	2.200000000000000e-06	0.000000000000000e+00
1.295586560000000e-06	2.400000000000000e-06	0.000000000000000e+00
1.295586560000000e-06	2.600000000000000e-06	0.000000000000000e+00
1.295586560000000e-06	2.799999999999999e-06	0.000000000000000e+00
1.295586560000000e-06	2.999999999999999e-06	0.000000000000000e+00
1.295586560000000e-06	3.199999999999999e-06	0.000000000000000e+00
1.295586560000000e-06	3.399999999999999e-06	0.000000000000000e+00
1.295586560000000e-06	3.599999999999999e-06	0.000000000000000e+00
1.295586560000000e-06	3.799999999999998e-06	0.000000000000000e+00
1.295586560000000e-06	3.999999999999998e-06	0.000000000000000e+00
1.295586560000000e-06	4.199999999999998e-06	0.000000000000000e+00
1.295586560000000e-06	4.399999999999998e-06	0.000000000000000e+00
1.295586560000000e-06	4.599999999999997e-06	0.000000000000000e+00
1.295586560000000e-06	4.799999999999997e-06	0.000000000000000e+00
1.295586560000000e-06	4.999999999999997e-06	0.000000000000000e+00
1.295586560000000e-06	5.199999999999997e-06	0.000000000000000e+00
1.295586560000000e-06	5.399999999999997e-06	0.000000000000000e+00
1.295586560000000e-06	5.599999999999996e-06	0.000000000000000e+00
1.295586560000000e-06	5.799999999999996e-06	0.000000000000000e+00
1.295586560000000e-06	5.999999999999996e-06	0.000000000000000e+00
1.295586560000000e-06	6.199999999999996e-06	0.000000000000000e+00
1.295586560000000e-06	6.399999999999995e-06	0.000000000000000e+00
1.295586560000000e-06	6.599999999999995e-06	0.000000000000000e+00
1.295586560000000e-06	6.799999999999995e-06	0.000000000000000e+00
1.295586560000000e-06	6.999999999999995e-06	0.000000000000000e+00
1.295586560000000e-06	7.199999999999995e-06	0.000000000000000e+00
1.295586560000000e-06	7.399999999999994e-06	0.000000000000000e+00
1.295586560000000e-06	7.599999999999994e-06	0.000000000000000e+00
1.295586560000000e-06	7.799999999999995e-06	0.000000000000000e+00
1.295586560000000e-06	7.999999999999995e-06	0.000000000000000e+00
1.295586560000000e-06	8.199999999999994e-06	0.000000000000000e+00
1.295586560000000e-06	8.399999999999994e-06	0.000000000000000e+00
1.295586560000000e-06	8.599999999999994e-06	0.000000000000000e+00
1.295586560000000e-06	8.799999999999994e-06	0.000000000000000e+00
1.295586560000000e-06	8.999999999999993e-06	0.000000000000000e+00
1.295586560000000e-06	9.199999999999993e-06	0.000000000000000e+00
1.295586560000000e-06	9.399999999999993e-06	0.000000000000000e+00
1.295586560000000e-06	9.599999999999993e-06	0.000000000000000e+00
1.295586560000000e-06	9.799999999999993e-06	0.000000000000000e+00
1.295586560000000e-06	9.999999999999999e-06	0.000000000000000e+00
1.327056947200000e-06	0.000000000000000e+00	0.000000000000000e+00
1.327056947200000e-06	2.000000000000000e-07	0.000000000000000e+00
1.327056947200000e-06	4.000000000000000e-07	0.000000000000000e+00
1.327056947200000e-06	6.000000000000000e-07	0.000000000000000e+00
1.327056947200000e-06	8.000000000000000e-07	0.000000000000000e+00
1.327056947200000e-06	1.000000000000000e-06	0.000000000000000e+00
1.327056947200000e-06	1.200000000000000e-06	0.000000000000000e+00
1.327056947200000e-06	1.400000000000000e-06	0.000000000000000e+00
1.327056947200000e-06	1.600000000000000e-06	0.000000000000000e+00
1.327056947200000e-06	1.800000000000000e-06	0.000000000000000e+00
1.327056947200000e-06	2.000000000000000e-06	0.000000000000000e+00
1.327056947200000e-06	2.200000000000000e-06	0.000000000000000e+00
1.327056947200000e-06	2.400000000000000e-06	0.000000000000000e+00
1.327056947200000e-06	2.600000000000000e-06	0.000000000000000e+00
1.327056947200000e-06	2.799999999999999e-06	0.000000000000000e+00
1.327056947200000e-06	2.999999999999999e-06	0.000000000000000e+00
1.327056947200000e-06	3.199999999999999e-06	0.000000000000000e+00
1.327056947200000e-06	3.399999999999999e-06	0.000000000000000e+00
1.327056947200000e-06	3.599999999999999e-06	0.000000000000000e+00
1.327056947200000e-06	3.799999999999998e-06	0.000000000000000e+00
1.327056947200000e-06	3.999999999999998e-06	0.000000000000000e+00
1.327056947200000e-06	4.199999999999998e-06	0.000000000000000e+00
1.327056947200000e-06	4.399999999999998e-06	0.000000000000000e+00
1.327056947200000e-06	4.599999999999997e-06	0.000000000000000e+00
1.327056947200000e-06	4.799999999999997e-06	0.000000000000000e+00
1.327056947200000e-06	4.999999999999997e-06	0.000000000000000e+00
1.327056947200000e-06	5.199999999999997e-06	0.000000000000000e+00
1.327056947200000e-06	5.399999999999997e-06	0.000000000000000e+00
1.327056947200000e-06	5.599999999999996e-06	0.000000000000000e+00
1.327056947200000e-06	5.799999999999996e-06	0.000000000000000e+00
1.327056947200000e-06	5.999999999999996e-06	0.000000000000000e+00
1.327056947200000e-06	6.199999999999996e-06	0.000000000000000e+00
1.327056947200000e-06	6.399999999999995e-06	0.000000000000000e+00
1.327056947200000e-06	6.599999999999995e-06	0.000000000000000e+00
1.327056947200000e-06	6.799999999999995e-06	0.000000000000000e+00
1.327056947200000e-06	6.999999999999995e-06	0.000000000000000e+00
1.327056947200000e-06	7.199999999999995e-06	0.000000000000000e+00
1.327056947200000e-06	7.399999999999994e-06	0.000000000000000e+00
1.327056947200000e-06	7.599999999999994e-06	0.000000000000000e+00
1.327056947200000e-06	7.799999999999995e-06	0.000000000000000e+00
1.327056947200000e-06	7.999999999999995e-06	0.000000000000000e+00
1.327056947200000e-06	8.199999999999994e-06	0.000000000000000e+00
1.327056947200000e-06	8.399999999999994e-06	0.000000000000000e+00
1.327056947200000e-06	8.599999999999994e-06	0.000000000000000e+00
1.327056947200000e-06	8.799999999999994e-06	0.000000000000000e+00
1.327056947200000e-06	8.999999999999993e-06	0.000000000000000e+00
1.327056947200000e-06	9.199999999999993e-06	0.000000000000000e+00
1.327056947200000e-06	9.399999999999993e-06	0.000000000000000e+00
1.327056947200000e-06	9.599999999999993e-06	0.000000000000000e+00
1.327056947200000e-06	9.799999999999993e-06	0.000000000000000e+00
1.327056947200000e-06	9.999999999999999e-06	0.000000000000000e+00
1.362303780864000e-06	0.000000000000000e+00	0.000000000000000e+00
1.362303780864000e-06	2.000000000000000e-07	0.000000000000000e+00
1.362303780864000e-06	4.000000000000000e-07	0.000000000000000e+00
1.362303780864000e-06	6.000000000000000e-07	0.000000000000000e+00
1.362303780864000e-06	8.000000000000000e-07	0.000000000000000e+00
1.362303780864000e-06	1.000000000000000e-06	0.000000000000000e+00
1.362303780864000e-06	1.200000000000000e-06	0.000000000000000e+00
1.362303780864000e-06	1.400000000000000e-06	0.000000000000000e+00
1.362303780864000e-06	1.600000000000000e-06	0.000000000000000e+00
1.362303780864000e-06	1.800000000000000e-06	0.000000000000000e+00
1.362303780864000e-06	2.000000000000000e-06	0.000000000000000e+00
1.362303780864000e-06	2.200000000000000e-06	0.000000000000000e+00
1.362303780864000e-06	2.400000000000000e-06	0.000000000000000e+00
1.362303780864000e-06	2.600000000000000e-06	0.000000000000000e+00
1.362303780864000e-06	2.799999999999999e-06	0.000000000000000e+00
1.362303780864000e-06	2.999999999999999e-06	0.000000000000000e+00
1.362303780864000e-06	3.199999999999999e-06	0.000000000000000e+00
1.362303780864000e-06	3.399999999999999e-06	0.000000000000000e+00
1.362303780864000e-06	3.599999999999999e-06	0.000000000000000e+00
1.362303780864000e-06	3.799999999999998e-06	0.000000000000000e+00
1.362303780864000e-06	3.999999999999998e-06	0.000000000000000e+00
1.362303780864000e-06	4.199999999999998e-06	0.000000000000000e+00
1.362303780864000e-06	4.399999999999998e-06	0.000000000000000e+00
1.362303780864000e-06	4.599999999999997e-06	0.000000000000000e+00
1.362303780864000e-06	4.799999999999997e-06	0.000000000000000e+00
1.362303780864000e-06	4.999999999999997e-06	0.000000000000000e+00
1.362303780864000e-06	5.199999999999997e-06	0.000000000000000e+00
1.362303780864000e-06	5.399999999999997e-06	0.000000000000000e+00
1.362303780864000e-06	5.599999999999996e-06	0.000000000000000e+00
1.362303780864000e-06	5.799999999999996e-06	0.000000000000000e+00
1.362303780864000e-06	5.999999999999996e-06	0.000000000000000e+00
1.362303780864000e-06	6.199999999999996e-06	0.000000000000000e+00
1.362303780864000e-06	6.399999999999995e-06	0.000000000000000e+00
1.362303780864000e-06	6.599999999999995e-06	0.000000000000000e+00
1.362303780864000e-06	6.799999999999995e-06	0.000000000000000e+00
1.362303780864000e-06	6.999999999999995e-06	0.000000000000000e+00
1.362303780864000e-06	7.199999999999995e-06	0.000000000000000e+00
1.362303780864000e-06	7.399999999999994e-06	0.000000000000000e+00
1.362303780864000e-06	7.599999999999994e-06	0.000000000000000e+00
1.362303780864000e-06	7.799999999999995e-06	0.000000000000000e+00
1.362303780864000e-06	7.999999999999995e-06	0.000000000000000e+00
1.362303780864000e-06	8.199999999999994e-06	0.000000000000000e+00
1.362303780864000e-06	8.399999999999994e-06	0.000000000000000e+00
1.362303780864000e-06	8.599999999999994e-06	0.000000000000000e+00
1.362303780864000e-06	8.799999999999994e-06	0.000000000000000e+00
1.362303780864000e-06	8.999999999999993e-06	0.000000000000000e+00
1.362303780864000e-06	9.199999999999993e-06	0.000000000000000e+00
1.362303780864000e-06	9.399999999999993e-06	0.000000000000000e+00
1.362303780864000e-06	9.599999999999993e-06	0.000000000000000e+00
1.362303780864000e-06	9.799999999999993e-06	0.000000000000000e+00
1.362303780864000e-06	9.999999999999999e-06	0.000000000000000e+00
1.401780234567680e-06	0.000000000000000e+00	0.000000000000000e+00
1.401780234567680e-06	2.000000000000000e-07	0.000000000000000e+00
1.401780234567680e-06	4.000000000000000e-07	0.000000000000000e+00
1.401780234567680e-06	6.000000000000000e-07	0.000000000000000e+00
1.401780234567680e-06	8.000000000000000e-07	0.000000000000000e+00
1.401780234567680e-06	1.000000000000000e-06	0.000000000000000e+00
1.401780234567680e-06	1.200000000000000e-06	0.000000000000000e+00
1.401780234567680e-06	1.400000000000000e-06	0.000000000000000e+00
1.401780234567680e-06	1.600000000000000e-06	0.000000000000000e+00
1.401780234567680e-06	1.800000000000000e-06	0.000000000000000e+00
1.401780234567680e-06	2.000000000000000e-06	0.000000000000000e+00
1.401780234567680e-06	2.200000000000000e-06	0.000000000000000e+00
1.401780234567680e-06	2.400000000000000e-06	0.000000000000000e+00
1.401780234567680e-06	2.600000000000000e-06	0.000000000000000e+00
1.401780234567680e-06	2.799999999999999e-06	0.000000000000000e+00
1.401780234567680e-06	2.999999999999999e-06	0.000000000000000e+00
1.401780234567680e-06	3.199999999999999e-06	0.000000000000000e+00
1.401780234567680e-06	3.399999999999999e-06	0.000000000000000e+00
1.401780234567680e-06	3.599999999999999e-06	0.000000000000000e+00
1.401780234567680e-06	3.799999999999998e-06	0.000000000000000e+00
1.401780234567680e-06	3.999999999999998e-06	0.000000000000000e+00
1.401780234567680e-06	4.199999999999998e-06	0.000000000000000e+00
1.401780234567680e-06	4.399999999999998e-06	0.000000000000000e+00
1.401780234567680e-06	4.599999999999997e-06	0.000000000000000e+00
1.401780234567680e-06	4.799999999999997e-06	0.000000000000000e+00
1.401780234567680e-06	4.999999999999997e-06	0.000000000000000e+00
1.401780234567680e-06	5.199999999999997e-06	0.000000000000000e+00
1.401780234567680e-06	5.399999999999997e-06	0.000000000000000e+00
1.401780234567680e-06	5.599999999999996e-06	0.000000000000000e+00
1.401780234567680e-06	5.799999999999996e-06	0.000000000000000e+00
1.401780234567680e-06	5.999999999999996e-06	0.000000000000000e+00
1.401780234567680e-06	6.199999999999996e-06	0.000000000000000e+00
1.401780234567680e-06	6.399999999999995e-06	0.000000000000000e+00
1.401780234567680e-06	6.599999999999995e-06	0.000000000000000e+00
1.401780234567680e-06	6.799999999999995e-06	0.000000000000000e+00
1.401780234567680e-06	6.999999999999995e-06	0.000000000000000e+00
1.401780234567680e-06	7.199999999999995e-06	0.000000000000000e+00
1.401780234567680e-06	7.399999999999994e-06	0.000000000000000e+00
1.401780234567680e-06	7.599999999999994e-06	0.000000000000000e+00
1.401780234567680e-06	7.799999999999995e-06	0.000000000000000e+00
1.401780234567680e-06	7.999999999999995e-06	0.000000000000000e+00
1.401780234567680e-06	8.199999999999994e-06	0.000000000000000e+00
1.401780234567680e-06	8.399999999999994e-06	0.000000000000000e+00
1.401780234567680e-06	8.599999999999994e-06	0.000000000000000e+00
1.401780234567680e-06	8.799999999999994e-06	0.000000000000000e+00
1.401780234567680e-06	8.999999999999993e-06	0.000000000000000e+00
1.401780234567680e-06	9.199999999999993e-06	0.000000000000000e+00
1.401780234567680e-06	9.399999999999993e-06	0.000000000000000e+00
1.401780234567680e-06	9.599999999999993e-06	0.000000000000000e+00
1.401780234567680e-06	9.799999999999993e-06	0.000000000000000e+00
1.401780234567680e-06	9.999999999999999e-06	0.000000000000000e+00
1.445993862715802e-06	0.000000000000000e+00	0.000000000000000e+00
1.445993862715802e-06	2.000000000000000e-07	0.000000000000000e+00
1.445993862715802e-06	4.000000000000000e-07	0.000000000000000e+00
1.445993862715802e-06	6.000000000000000e-07	0.000000000000000e+00
1.445993862715802e-06	8.000000000000000e-07	0.000000000000000e+00
1.445993862715802e-06	1.000000000000000e-06	0.000000000000000e+00
1.445993862715802e-06	1.200000000000000e-06	0.000000000000000e+00
1.445993862715802e-06	1.400000000000000e-06	0.000000000000000e+00
1.445993862715802e-06	1.600000000000000e-06	0.000000000000000e+00
1.445993862715802e-06	1.800000000000000e-06	0.000000000000000e+00
1.445993862715802e-06	2.000000000000000e-06	0.000000000000000e+00
1.445993862715802e-06	2.200000000000000e-06	0.000000000000000e+00
1.445993862715802e-06	2.400000000000000e-06	0.000000000000000e+00
1.445993862715802e-06	2.600000000000000e-06	0.000000000000000e+00
1.445993862715802e-06	2.799999999999999e-06	0.000000000000000e+00
1.445993862715802e-06	2.999999999999999e-06	0.000000000000000e+00
1.445993862715802e-06	3.199999999999999e-06	0.000000000000000e+00
1.445993862715802e-06	3.399999999999999e-06	0.000000000000000e+00
1.445993862715802e-06	3.599999999999999e-06	0.000000000000000e+00
1.445993862715802e-06	3.799999999999998e-06	0.000000000000000e+00
1.445993862715802e-06	3.999999999999998e-06	0.000000000000000e+00
1.445993862715802e-06	4.199999999999998e-06	0.000000000000000e+00
1.445993862715802e-06	4.399999999999998e-06	0.000000000000000e+00
1.445993862715802e-06	4.599999999999997e-06	0.000000000000000e+00
1.445993862715802e-06	4.799999999999997e-06	0.000000000000000e+00
1.445993862715802e-06	4.999999999999997e-06	0.000000000000000e+00
1.445993862715802e-06	5.199999999999997e-06	0.000000000000000e+00
1.445993862715802e-06	5.399999999999997e-06	0.000000000000000e+00
1.445993862715802e-06	5.599999999999996e-06	0.000000000000000e+00
1.445993862715802e-06	5.799999999999996e-06	0.000000000000000e+00
1.445993862715802e-06	5.999999999999996e-06	0.000000000000000e+00
1.445993862715802e-06	6.199999999999996e-06	0.000000000000000e+00
1.445993862715802e-06	6.399999999999995e-06	0.000000000000000e+00
1.445993862715802e-06	6.599999999999995e-06	0.000000000000000e+00
1.445993862715802e-06	6.799999999999995e-06	0.000000000000000e+00
1.445993862715802e-06	6.999999999999995e-06	0.000000000000000e+00
1.445993862715802e-06	7.199999999999995e-06	0.000000000000000e+00
1.445993862715802e-06	7.399999999999994e-06	0.000000000000000e+00
1.445993862715802e-06	7.599999999999994e-06	0.000000000000000e+00
1.445993862715802e-06	7.799999999999995e-06	0.000000000000000e+00
1.445993862715802e-06	7.999999999999995e-06	0.000000000000000e+00
1.445993862715802e-06	8.199999999999994e-06	0.000000000000000e+00
1.445993862715802e-06	8.399999999999994e-06	0.000000000000000e+00
1.445993862715802e-06	8.599999999999994e-06	0.000000000000000e+00
1.445993862715802e-06	8.799999999999994e-06	0.000000000000000e+00
1.445993862715802e-06	8.999999999999993e-06	0.000000000000000e+00
1.445993862715802e-06	9.199999999999993e-06	0.000000000000000e+00
1.445993862715802e-06	9.399999999999993e-06	0.000000000000000e+00
1.445993862715802e-06	9.599999999999993e-06	0.000000000000000e+00
1.445993862715802e-06	9.799999999999993e-06	0.000000000000000e+00
1.445993862715802e-06	9.999999999999999e-06	0.000000000000000e+00
1.495513126241698e-06	0.000000000000000e+00	0.000000000000000e+00
1.495513126241698e-06	2.000000000000000e-07	0.000000000000000e+00
1.495513126241698e-06	4.000000000000000e-07	0.000000000000000e+00
1.495513126241698e-06	6.000000000000000e-07	0.000000000000000e+00
1.495513126241698e-06	8.000000000000000e-07	0.000000000000000e+00
1.495513126241698e-06	1.000000000000000e-06	0.000000000000000e+00
1.495513126241698e-06	1.200000000000000e-06	0.000000000000000e+00
1.495513126241698e-06	1.400000000000000e-06	0.000000000000000e+00
1.495513126241698e-06	1.600000000000000e-06	0.000000000000000e+00
1.495513126241698e-06	1.800000000000000e-06	0.000000000000000e+00
1.495513126241698e-06	2.000000000000000e-06	0.000000000000000e+00
1.495513126241698e-06	2.200000000000000e-06	0.000000000000000e+00
1.495513126241698e-06	2.400000000000000e-06	0.000000000000000e+00
1.495513126241698e-06	2.600000000000000e-06	0.000000000000000e+00
1.495513126241698e-06	2.799999999999999e-06	0.000000000000000e+00
1.495513126241698e-06	2.999999999999999e-06	0.000000000000000e+00
1.495513126241698e-06	3.199999999999999e-06	0.000000000000000e+00
1.495513126241698e-06	3.399999999999999e-06	0.000000000000000e+00
1.495513126241698e-06	3.599999999999999e-06	0.000000000000000e+00
1.495513126241698e-06	3.799999999999998e-06	0.000000000000000e+00
1.495513126241698e-06	3.999999999999998e-06	0.000000000000000e+00
1.495513126241698e-06	4.199999999999998e-06	0.000000000000000e+00
1.495513126241698e-06	4.399999999999998e-06	0.000000000000000e+00
1.495513126241698e-06	4.599999999999997e-06	0.000000000000000e+00
1.495513126241698e-06	4.799999999999997e-06	0.000000000000000e+00
1.495513126241698e-06	4.999999999999997e-06	0.000000000000000e+00
1.495513126241698e-06	5.199999999999997e-06	0.000000000000000e+00
1.495513126241698e-06	5.399999999999997e-06	0.000000000000000e+00
1.495513126241698e-06	5.599999999999996e-06	0.000000000000000e+00
1.495513126241698e-06	5.799999999999996e-06	0.000000000000000e+00
1.495513126241698e-06	5.999999999999996e-06	0.000000000000000e+00
1.495513126241698e-06	6.199999999999996e-06	0.000000000000000e+00
1.495513126241698e-06	6.399999999999995e-06	0.000000000000000e+00
1.495513126241698e-06	6.599999999999995e-06	0.000000000000000e+00
1.495513126241698e-06	6.799999999999995e-06	0.000000000000000e+00
1.495513126241698e-06	6.999999999999995e-06	0.000000000000000e+00
1.495513126241698e-06	7.199999999999995e-06	0.000000000000000e+00
1.495513126241698e-06	7.399999999999994e-06	0.000000000000000e+00
1.495513126241698e-06	7.599999999999994e-06	0.000000000000000e+00
1.495513126241698e-06	7.799999999999995e-06	0.000000000000000e+00
1.495513126241698e-06	7.999999999999995e-06	0.000000000000000e+00
1.495513126241698e-06	8.199999999999994e-06	0.000000000000000e+00
1.495513126241698e-06	8.399999999999994e-06	0.000000000000000e+00
1.495513126241698e-06	8.599999999999994e-06	0.000000000000000e+00
1.495513126241698e-06	8.799999999999994e-06	0.000000000000000e+00
1.495513126241698e-06	8.999999999999993e-06	0.000000000000000e+00
1.495513126241698e-06	9.199999999999993e-06	0.000000000000000e+00
1.495513126241698e-06	9.399999999999993e-06	0.000000000000000e+00
1.495513126241698e-06	9.599999999999993e-06	0.000000000000000e+00
1.495513126241698e-06	9.799999999999993e-06	0.000000000000000e+00
1.495513126241698e-06	9.999999999999999e-06	0.000000000000000e+00
1.500000000000000e-06	0.000000000000000e+00	0.000000000000000e+00
1.500000000000000e-06	2.000000000000000e-07	0.000000000000000e+00
1.500000000000000e-06	4.000000000000000e-07	0.000000000000000e+00
1.500000000000000e-06	6.000000000000000e-07	0.000000000000000e+00
1.500000000000000e-06	8.000000000000000e-07	0.000000000000000e+00
1.500000000000000e-06	1.000000000000000e-06	0.000000000000000e+00
1.500000000000000e-06	1.200000000000000e-06	0.000000000000000e+00
1.500000000000000e-06	1.400000000000000e-06	0.000000000000000e+00
1.500000000000000e-06	1.600000000000000e-06	0.000000000000000e+00
1.500000000000000e-06	1.800000000000000e-06	0.000000000000000e+00
1.500000000000000e-06	2.000000000000000e-06	0.000000000000000e+00
1.500000000000000e-06	2.200000000000000e-06	0.000000000000000e+00
1.500000000000000e-06	2.400000000000000e-06	0.000000000000000e+00
1.500000000000000e-06	2.600000000000000e-06	0.000000000000000e+00
1.500000000000000e-06	2.799999999999999e-06	0.000000000000000e+00
1.500000000000000e-06	2.999999999999999e-06	0.000000000000000e+00
1.500000000000000e-06	3.199999999999999e-06	0.000000000000000e+00
1.500000000000000e-06	3.399999999999999e-06	0.000000000000000e+00
1.500000000000000e-06	3.599999999999999e-06	0.000000000000000e+00
1.500000000000000e-06	3.799999999999998e-06	0.000000000000000e+00
1.500000000000000e-06	3.999999999999998e-06	0.000000000000000e+00
1.500000000000000e-06	4.199999999999998e-06	0.000000000000000e+00
1.500000000000000e-06	4.399999999999998e-06	0.000000000000000e+00
1.500000000000000e-06	4.599999999999997e-06	0.000000000000000e+00
1.500000000000000e-06	4.799999999999997e-06	0.000000000000000e+00
1.500000000000000e-06	4.999999999999997e-06	0.000000000000000e+00
1.500000000000000e-06	5.199999999999997e-06	0.000000000000000e+00
1.500000000000000e-06	5.399999999999997e-06	0.000000000000000e+00
1.500000000000000e-06	5.599999999999996e-06	0.000000000000000e+00
1.500000000000000e-06	5.799999999999996e-06	0.000000000000000e+00
1.500000000000000e-06	5.999999999999996e-06	0.000000000000000e+00
1.500000000000000e-06	6.199999999999996e-06	0.000000000000000e+00
1.500000000000000e-06	6.399999999999995e-06	0.000000000000000e+00
1.500000000000000e-06	6.599999999999995e-06	0.000000000000000e+00
1.500000000000000e-06	6.799999999999995e-06	0.000000000000000e+00
1.500000000000000e-06	6.999999999999995e-06	0.000000000000000e+00
1.500000000000000e-06	7.199999999999995e-06	0.000000000000000e+00
1.500000000000000e-06	7.399999999999994e-06	0.000000000000000e+00
1.500000000000000e-06	7.599999999999994e-06	0.000000000000000e+00
1.500000000000000e-06	7.799999999999995e-06	0.000000000000000e+00
1.500000000000000e-06	7.999999999999995e-06	0.000000000000000e+00
1.500000000000000e-06	8.199999999999994e-06	0.000000000000000e+00
1.500000000000000e-06	8.399999999999994e-06	0.000000000000000e+00
1.500000000000000e-06	8.599999999999994e-06	0.000000000000000e+00
1.500000000000000e-06	8.799999999999994e-06	0.000000000000000e+00
1.500000000000000e-06	8.999999999999993e-06	0.000000000000000e+00
1.500000000000000e-06	9.199999999999993e-06	0.000000000000000e+00
1.500000000000000e-06	9.399999999999993e-06	0.000000000000000e+00
1.500000000000000e-06	9.599999999999993e-06	0.000000000000000e+00
1.500000000000000e-06	9.799999999999993e-06	0.000000000000000e+00
1.500000000000000e-06	9.999999999999999e-06	0.000000000000000e+00
1.550000000000000e-06	0.000000000000000e+00	0.000000000000000e+00
1.550000000000000e-06	2.000000000000000e-07	0.000000000000000e+00
1.550000000000000e-06	4.000000000000000e-07	0.000000000000000e+00
1.550000000000000e-06	6.000000000000000e-07	0.000000000000000e+00
1.550000000000000e-06	8.000000000000000e-07	0.000000000000000e+00
1.550000000000000e-06	1.000000000000000e-06	0.000000000000000e+00
1.550000000000000e-06	1.200000000000000e-06	0.000000000000000e+00
1.550000000000000e-06	1.400000000000000e-06	0.000000000000000e+00
1.550000000000000e-06	1.600000000000000e-06	0.000000000000000e+00
1.550000000000000e-06	1.800000000000000e-06	0.000000000000000e+00
1.550000000000000e-06	2.000000000000000e-06	0.000000000000000e+00
1.550000000000000e-06	2.200000000000000e-06	0.000000000000000e+00
1.550000000000000e-06	2.400000000000000e-06	0.000000000000000e+00
1.550000000000000e-06	2.600000000000000e-06	0.000000000000000e+00
1.550000000000000e-06	2.799999999999999e-06	0.000000000000000e+00
1.550000000000000e-06	2.999999999999999e-06	0.000000000000000e+00
1.550000000000000e-06	3.199999999999999e-06	0.000000000000000e+00
1.550000000000000e-06	3.399999999999999e-06	0.000000000000000e+00
1.550000000000000e-06	3.599999999999999e-06	0.000000000000000e+00
1.550000000000000e-06	3.799999999999998e-06	0.000000000000000e+00
1.550000000000000e-06	3.999999999999998e-06	0.000000000000000e+00
1.550000000000000e-06	4.199999999999998e-06	0.000000000000000e+00
1.550000000000000e-06	4.399999999999998e-06	0.000000000000000e+00
1.550000000000000e-06	4.599999999999997e-06	0.000000000000000e+00
1.550000000000000e-06	4.799999999999997e-06	0.000000000000000e+00
1.550000000000000e-06	4.999999999999997e-06	0.000000000000000e+00
1.550000000000000e-06	5.199999999999997e-06	0.000000000000000e+00
1.550000000000000e-06	5.399999999999997e-06	0.000000000000000e+00
1.550000000000000e-06	5.599999999999996e-06	0.000000000000000e+00
1.550000000000000e-06	5.799999999999996e-06	0.000000000000000e+00
1.550000000000000e-06	5.999999999999996e-06	0.000000000000000e+00
1.550000000000000e-06	6.199999999999996e-06	0.000000000000000e+00
1.550000000000000e-06	6.399999999999995e-06	0.000000000000000e+00
1.550000000000000e-06	6.599999999999995e-06	0.000000000000000e+00
1.550000000000000e-06	6.799999999999995e-06	0.000000000000000e+00
1.550000000000000e-06	6.999999999999995e-06	0.000000000000000e+00
1.550000000000000e-06	7.199999999999995e-06	0.000000000000000e+00
1.550000000000000e-06	7.399999999999994e-06	0.000000000000000e+00
1.550000000000000e-06	7.599999999999994e-06	0.000000000000000e+00
1.550000000000000e-06	7.799999999999995e-06	0.000000000000000e+00
1.550000000000000e-06	7.999999999999995e-06	0.000000000000000e+00
1.550000000000000e-06	8.199999999999994e-06	0.000000000000000e+00
1.550000000000000e-06	8.399999999999994e-06	0.000000000000000e+00
1.550000000000000e-06	8.599999999999994e-06	0.000000000000000e+00
1.550000000000000e-06	8.799999999999994e-06	0.000000000000000e+00
1.550000000000000e-06	8.999999999999993e-06	0.000000000000000e+00
1.550000000000000e-06	9.199999999999993e-06	0.000000000000000e+00
1.550000000000000e-06	9.399999999999993e-06	0.000000000000000e+00
1.550000000000000e-06	9.599999999999993e-06	0.000000000000000e+00
1.550000000000000e-06	9.799999999999993e-06	0.000000000000000e+00
1.550000000000000e-06	9.999999999999999e-06	0.000000000000000e+00
1.600000000000000e-06	0.000000000000000e+00	0.000000000000000e+00
1.600000000000000e-06	2.000000000000000e-07	0.000000000000000e+00
1.600000000000000e-06	4.000000000000000e-07	0.000000000000000e+00
1.600000000000000e-06	6.000000000000000e-07	0.000000000000000e+00
1.600000000000000e-06	8.000000000000000e-07	0.000000000000000e+00
1.600000000000000e-06	1.000000000000000e-06	0.000000000000000e+00
1.600000000000000e-06	1.200000000000000e-06	0.000000000000000e+00
1.600000000000000e-06	1.400000000000000e-06	0.000000000000000e+00
1.600000000000000e-06	1.600000000000000e-06	0.000000000000000e+00
1.600000000000000e-06	1.800000000000000e-06	0.000000000000000e+00
1.600000000000000e-06	2.000000000000000e-06	0.000000000000000e+00
1.600000000000000e-06	2.200000000000000e-06	0.000000000000000e+00
1.600000000000000e-06	2.400000000000000e-06	0.000000000000000e+00
1.600000000000000e-06	2.600000000000000e-06	0.000000000000000e+00
1.600000000000000e-06	2.799999999999999e-06	0.000000000000000e+00
1.600000000000000e-06	2.999999999999999e-06	0.000000000000000e+00
1.600000000000000e-06	3.199999999999999e-06	0.000000000000000e+00
1.600000000000000e-06	3.399999999999999e-06	0.000000000000000e+00
1.600000000000000e-06	3.599999999999999e-06	0.000000000000000e+00
1.600000000000000e-06	3.799999999999998e-06	0.000000000000000e+00
1.600000000000000e-06	3.999999999999998e-06	0.000000000000000e+00
1.600000000000000e-06	4.199999999999998e-06	0.000000000000000e+00
1.600000000000000e-06	4.399999999999998e-06	0.000000000000000e+00
1.600000000000000e-06	4.599999999999997e-06	0.000000000000000e+00
1.600000000000000e-06	4.799999999999997e-06	0.000000000000000e+00
1.600000000000000e-06	4.999999999999997e-06	0.000000000000000e+00
1.600000000000000e-06	5.199999999999997e-06	0.000000000000000e+00
1.600000000000000e-06	5.399999999999997e-06	0.000000000000000e+00
1.600000000000000e-06	5.599999999999996e-06	0.000000000000000e+00
1.600000000000000e-06	5.799999999999996e-06	0.000000000000000e+00
1.600000000000000e-06	5.999999999999996e-06	0.000000000000000e+00
1.600000000000000e-06	6.199999999999996e-06	0.000000000000000e+00
1.600000000000000e-06	6.399999999999995e-06	0.000000000000000e+00
1.600000000000000e-06	6.599999999999995e-06	0.000000000000000e+00
1.600000000000000e-06	6.799999999999995e-06	0.000000000000000e+00
1.600000000000000e-06	6.999999999999995e-06	0.000000000000000e+00
1.600000000000000e-06	7.199999999999995e-06	0.000000000000000e+00
1.600000000000000e-06	7.399999999999994e-06	0.000000000000000e+00
1.600000000000000e-06	7.599999999999994e-06	0.000000000000000e+00
1.600000000000000e-06	7.799999999999995e-06	0.000000000000000e+00
1.600000000000000e-06	7.999999999999995e-06	0.000000000000000e+00
1.600000000000000e-06	8.199999999999994e-06	0.000000000000000e+00
1.600000000000000e-06	8.399999999999994e-06	0.000000000000000e+00
1.600000000000000e-06	8.599999999999994e-06	0.000000000000000e+00
1.600000000000000e-06	8.799999999999994e-06	0.000000000000000e+00
1.600000000000000e-06	8.999999999999993e-06	0.000000000000000e+00
1.600000000000000e-06	9.199999999999993e-06	0.000000000000000e+00
1.600000000000000e-06	9.399999999999993e-06	0.000000000000000e+00
1.600000000000000e-06	9.599999999999993e-06	0.000000000000000e+00
1.600000000000000e-06	9.799999999999993e-06	0.000000000000000e+00
1.600000000000000e-06	9.999999999999999e-06	0.000000000000000e+00
1.650000000000000e-06	0.000000000000000e+00	0.000000000000000e+00
1.650000000000000e-06	2.000000000000000e-07	0.000000000000000e+00
1.650000000000000e-06	4.000000000000000e-07	0.000000000000000e+00
1.650000000000000e-06	6.000000000000000e-07	0.000000000000000e+00
1.650000000000000e-06	8.000000000000000e-07	0.000000000000000e+00
1.650000000000000e-06	1.000000000000000e-06	0.000000000000000e+00
1.650000000000000e-06	1.200000000000000e-06	0.000000000000000e+00
1.650000000000000e-06	1.400000000000000e-06	0.000000000000000e+00
1.650000000000000e-06	1.600000000000000e-06	0.000000000000000e+00
1.650000000000000e-06	1.800000000000000e-06	0.000000000000000e+00
1.650000000000000e-06	2.000000000000000e-06	0.000000000000000e+00
1.650000000000000e-06	2.200000000000000e-06	0.000000000000000e+00
1.650000000000000e-06	2.400000000000000e-06	0.000000000000000e+00
1.650000000000000e-06	2.600000000000000e-06	0.000000000000000e+00
1.650000000000000e-06	2.799999999999999e-06	0.000000000000000e+00
1.650000000000000e-06	2.999999999999999e-06	0.000000000000000e+00
1.650000000000000e-06	3.199999999999999e-06	0.000000000000000e+00
1.650000000000000e-06	3.399999999999999e-06	0.000000000000000e+00
1.650000000000000e-06	3.599999999999999e-06	0.000000000000000e+00
1.650000000000000e-06	3.799999999999998e-06	0.000000000000000e+00
1.650000000000000e-06	3.999999999999998e-06	0.000000000000000e+00
1.650000000000000e-06	4.199999999999998e-06	0.000000000000000e+00
1.650000000000000e-06	4.399999999999998e-06	0.000000000000000e+00
1.650000000000000e-06	4.599999999999997e-06	0.000000000000000e+00
1.650000000000000e-06	4.799999999999997e-06	0.000000000000000e+00
1.650000000000000e-06	4.999999999999997e-06	0.000000000000000e+00
1.650000000000000e-06	5.199999999999997e-06	0.000000000000000e+00
1.650000000000000e-06	5.399999999999997e-06	0.000000000000000e+00
1.650000000000000e-06	5.599999999999996e-06	0.000000000000000e+00
1.650000000000000e-06	5.799999999999996e-06	0.000000000000000e+00
1.650000000000000e-06	5.999999999999996e-06	0.000000000000000e+00
1.650000000000000e-06	6.199999999999996e-06	0.000000000000000e+00
1.650000000000000e-06	6.399999999999995e-06	0.000000000000000e+00
1.650000000000000e-06	6.599999999999995e-06	0.000000000000000e+00
1.650000000000000e-06	6.799999999999995e-06	0.000000000000000e+00
1.650000000000000e-06	6.999999999999995e-06	0.000000000000000e+00
1.650000000000000e-06	7.199999999999995e-06	0.000000000000000e+00
1.650000000000000e-06	7.399999999999994e-06	0.000000000000000e+00
1.650000000000000e-06	7.599999999999994e-06	0.000000000000000e+00
1.650000000000000e-06	7.799999999999995e-06	0.000000000000000e+00
1.650000000000000e-06	7.999999999999995e-06	0.000000000000000e+00
1.650000000000000e-06	8.199999999999994e-06	0.000000000000000e+00
1.650000000000000e-06	8.399999999999994e-06	0.000000000000000e+00
1.650000000000000e-06	8.599999999999994e-06	0.000000000000000e+00
1.650000000000000e-06	8.799999999999994e-06	0.000000000000000e+00
1.650000000000000e-06	8.999999999999993e-06	0.000000000000000e+00
1.650000000000000e-06	9.199999999999993e-06	0.000000000000000e+00
1.650000000000000e-06	9.399999999999993e-06	0.000000000000000e+00
1.650000000000000e-06	9.599999999999993e-06	0.000000000000000e+00
1.650000000000000e-06	9.799999999999993e-06	0.000000000000000e+00
1.650000000000000e-06	9.999999999999999e-06	0.000000000000000e+00
1.700000000000000e-06	0.000000000000000e+00	0.000000000000000e+00
1.700000000000000e-06	2.000000000000000e-07	0.000000000000000e+00
1.700000000000000e-06	4.000000000000000e-07	0.000000000000000e+00
1.700000000000000e-06	6.000000000000000e-07	0.000000000000000e+00
1.700000000000000e-06	8.000000000000000e-07	0.000000000000000e+00
1.700000000000000e-06	1.000000000000000e-06	0.000000000000000e+00
1.700000000000000e-06	1.200000000000000e-06	0.000000000000000e+00
1.700000000000000e-06	1.400000000000000e-06	0.000000000000000e+00
1.700000000000000e-06	1.600000000000000e-06	0.000000000000000e+00
1.700000000000000e-06	1.800000000000000e-06	0.000000000000000e+00
1.700000000000000e-06	2.000000000000000e-06	0.000000000000000e+00
1.700000000000000e-06	2.200000000000000e-06	0.000000000000000e+00
1.700000000000000e-06	2.400000000000000e-06	0.000000000000000e+00
1.700000000000000e-06	2.600000000000000e-06	0.000000000000000e+00
1.700000000000000e-06	2.799999999999999e-06	0.000000000000000e+00
1.700000000000000e-06	2.999999999999999e-06	0.000000000000000e+00
1.700000000000000e-06	3.199999999999999e-06	0.000000000000000e+00
1.700000000000000e-06	3.399999999999999e-06	0.000000000000000e+00
1.700000000000000e-06	3.599999999999999e-06	0.000000000000000e+00
1.700000000000000e-06	3.799999999999998e-06	0.000000000000000e+00
1.700000000000000e-06	3.999999999999998e-06	0.000000000000000e+00
1.700000000000000e-06	4.199999999999998e-06	0.000000000000000e+00
1.700000000000000e-06	4.399999999999998e-06	0.000000000000000e+00
1.700000000000000e-06	4.599999999999997e-06	0.000000000000000e+00
1.700000000000000e-06	4.799999999999997e-06	0.000000000000000e+00
1.700000000000000e-06	4.999999999999997e-06	0.000000000000000e+00
1.700000000000000e-06	5.199999999999997e-06	0.000000000000000e+00
1.700000000000000e-06	5.399999999999997e-06	0.000000000000000e+00
1.700000000000000e-06	5.599999999999996e-06	0.000000000000000e+00
1.700000000000000e-06	5.799999999999996e-06	0.000000000000000e+00
1.700000000000000e-06	5.999999999999996e-06	0.000000000000000e+00
1.700000000000000e-06	6.199999999999996e-06	0.000000000000000e+00
1.700000000000000e-06	6.399999999999995e-06	0.000000000000000e+00
1.700000000000000e-06	6.599999999999995e-06	0.000000000000000e+00
1.700000000000000e-06	6.799999999999995e-06	0.000000000000000e+00
1.700000000000000e-06	6.999999999999995e-06	0.000000000000000e+00
1.700000000000000e-06	7.199999999999995e-06	0.000000000000000e+00
1.700000000000000e-06	7.399999999999994e-06	0.000000000000000e+00
1.700000000000000e-06	7.599999999999994e-06	0.000000000000000e+00
1.700000000000000e-06	7.799999999999995e-06	0.000000000000000e+00
1.700000000000000e-06	7.999999999999995e-06	0.000000000000000e+00
1.700000000000000e-06	8.199999999999994e-06	0.000000000000000e+00
1.700000000000000e-06	8.399999999999994e-06	0.000000000000000e+00
1.700000000000000e-06	8.599999999999994e-06	0.000000000000000e+00
1.700000000000000e-06	8.799999999999994e-06	0.000000000000000e+00
1.700000000000000e-06	8.999999999999993e-06	0.000000000000000e+00
1.700000000000000e-06	9.199999999999993e-06	0.000000000000000e+00
1.700000000000000e-06	9.399999999999993e-06	0.000000000000000e+00
1.700000000000000e-06	9.599999999999993e-06	0.000000000000000e+00
1.700000000000000e-06	9.799999999999993e-06	0.000000000000000e+00
1.700000000000000e-06	9.999999999999999e-06	0.000000000000000e+00
1.750000000000000e-06	0.000000000000000e+00	0.000000000000000e+00
1.750000000000000e-06	2.000000000000000e-07	0.000000000000000e+00
1.750000000000000e-06	4.000000000000000e-07	0.000000000000000e+00
1.750000000000000e-06	6.000000000000000e-07	0.000000000000000e+00
1.750000000000000e-06	8.000000000000000e-07	0.000000000000000e+00
1.750000000000000e-06	1.000000000000000e-06	0.000000000000000e+00
1.750000000000000e-06	1.200000000000000e-06	0.000000000000000e+00
1.750000000000000e-06	1.400000000000000e-06	0.000000000000000e+00
1.750000000000000e-06	1.600000000000000e-06	0.000000000000000e+00
1.750000000000000e-06	1.800000000000000e-06	0.000000000000000e+00
1.750000000000000e-06	2.000000000000000e-06	0.000000000000000e+00
1.750000000000000e-06	2.200000000000000e-06	0.000000000000000e+00
1.750000000000000e-06	2.400000000000000e-06	0.000000000000000e+00
1.750000000000000e-06	2.600000000000000e-06	0.000000000000000e+00
1.750000000000000e-06	2.799999999999999e-06	0.000000000000000e+00
1.750000000000000e-06	2.999999999999999e-06	0.000000000000000e+00
1.750000000000000e-06	3.199999999999999e-06	0.000000000000000e+00
1.750000000000000e-06	3.399999999999999e-06	0.000000000000000e+00
1.750000000000000e-06	3.599999999999999e-06	0.000000000000000e+00
1.750000000000000e-06	3.799999999999998e-06	0.000000000000000e+00
1.750000000000000e-06	3.999999999999998e-06	0.000000000000000e+00
1.750000000000000e-06	4.199999999999998e-06	0.000000000000000e+00
1.750000000000000e-06	4.399999999999998e-06	0.000000000000000e+00
1.750000000000000e-06	4.599999999999997e-06	0.000000000000000e+00
1.750000000000000e-06	4.799999999999997e-06	0.000000000000000e+00
1.750000000000000e-06	4.999999999999997e-06	0.000000000000000e+00
1.750000000000000e-06	5.199999999999997e-06	0.000000000000000e+00
1.750000000000000e-06	5.399999999999997e-06	0.000000000000000e+00
1.750000000000000e-06	5.599999999999996e-06	0.000000000000000e+00
1.750000000000000e-06	5.799999999999996e-06	0.000000000000000e+00
1.750000000000000e-06	5.999999999999996e-06	0.000000000000000e+00
1.750000000000000e-06	6.199999999999996e-06	0.000000000000000e+00
1.750000000000000e-06	6.399999999999995e-06	0.000000000000000e+00
1.750000000000000e-06	6.599999999999995e-06	0.000000000000000e+00
1.750000000000000e-06	6.799999999999995e-06	0.000000000000000e+00
1.750000000000000e-06	6.999999999999995e-06	0.000000000000000e+00
1.750000000000000e-06	7.199999999999995e-06	0.000000000000000e+00
1.750000000000000e-06	7.399999999999994e-06	0.000000000000000e+00
1.750000000000000e-06	7.599999999999994e-06	0.000000000000000e+00
1.750000000000000e-06	7.799999999999995e-06	0.000000000000000e+00
1.750000000000000e-06	7.999999999999995e-06	0.000000000000000e+00
1.750000000000000e-06	8.199999999999994e-06	0.000000000000000e+00
1.750000000000000e-06	8.399999999999994e-06	0.000000000000000e+00
1.750000000000000e-06	8.599999999999994e-06	0.000000000000000e+00
1.750000000000000e-06	8.799999999999994e-06	0.000000000000000e+00
1.750000000000000e-06	8.999999999999993e-06	0.000000000000000e+00
1.750000000000000e-06	9.199999999999993e-06	0.000000000000000e+00
1.750000000000000e-06	9.399999999999993e-06	0.000000000000000e+00
1.750000000000000e-06	9.599999999999993e-06	0.000000000000000e+00
1.750000000000000e-06	9.799999999999993e-06	0.000000000000000e+00
1.750000000000000e-06	9.999999999999999e-06	0.000000000000000e+00
1.800000000000000e-06	0.000000000000000e+00	0.000000000000000e+00
1.800000000000000e-06	2.000000000000000e-07	0.000000000000000e+00
1.800000000000000e-06	4.000000000000000e-07	0.000000000000000e+00
1.800000000000000e-06	6.000000000000000e-07	0.000000000000000e+00
1.800000000000000e-06	8.000000000000000e-07	0.000000000000000e+00
1.800000000000000e-06	1.000000000000000e-06	0.000000000000000e+00
1.800000000000000e-06	1.200000000000000e-06	0.000000000000000e+00
1.800000000000000e-06	1.400000000000000e-06	0.000000000000000e+00
1.800000000000000e-06	1.600000000000000e-06	0.000000000000000e+00
1.800000000000000e-06	1.800000000000000e-06	0.000000000000000e+00
1.800000000000000e-06	2.000000000000000e-06	0.000000000000000e+00
1.800000000000000e-06	2.200000000000000e-06	0.000000000000000e+00
1.800000000000000e-06	2.400000000000000e-06	0.000000000000000e+00
1.800000000000000e-06	2.600000000000000e-06	0.000000000000000e+00
1.800000000000000e-06	2.799999999999999e-06	0.000000000000000e+00
1.800000000000000e-06	2.999999999999999e-06	0.000000000000000e+00
1.800000000000000e-06	3.199999999999999e-06	0.000000000000000e+00
1.800000000000000e-06	3.399999999999999e-06	0.000000000000000e+00
1.800000000000000e-06	3.599999999999999e-06	0.000000000000000e+00
1.800000000000000e-06	3.799999999999998e-06	0.000000000000000e+00
1.800000000000000e-06	3.999999999999998e-06	0.000000000000000e+00
1.800000000000000e-06	4.199999999999998e-06	0.000000000000000e+00
1.800000000000000e-06	4.399999999999998e-06	0.000000000000000e+00
1.800000000000000e-06	4.599999999999997e-06	0.000000000000000e+00
1.800000000000000e-06	4.799999999999997e-06	0.000000000000000e+00
1.800000000000000e-06	4.999999999999997e-06	0.000000000000000e+00
1.800000000000000e-06	5.199999999999997e-06	0.000000000000000e+00
1.800000000000000e-06	5.399999999999997e-06	0.000000000000000e+00
1.800000000000000e-06	5.599999999999996e-06	0.000000000000000e+00
1.800000000000000e-06	5.799999999999996e-06	0.000000000000000e+00
1.800000000000000e-06	5.999999999999996e-06	0.000000000000000e+00
1.800000000000000e-06	6.199999999999996e-06	0.000000000000000e+00
1.800000000000000e-06	6.399999999999995e-06	0.000000000000000e+00
1.800000000000000e-06	6.599999999999995e-06	0.000000000000000e+00
1.800000000000000e-06	6.799999999999995e-06	0.000000000000000e+00
1.800000000000000e-06	6.999999999999995e-06	0.000000000000000e+00
1.800000000000000e-06	7.199999999999995e-06	0.000000000000000e+00
1.800000000000000e-06	7.399999999999994e-06	0.000000000000000e+00
1.800000000000000e-06	7.599999999999994e-06	0.000000000000000e+00
1.800000000000000e-06	7.799999999999995e-06	0.000000000000000e+00
1.800000000000000e-06	7.999999999999995e-06	0.000000000000000e+00
1.800000000000000e-06	8.199999999999994e-06	0.000000000000000e+00
1.800000000000000e-06	8.399999999999994e-06	0.000000000000000e+00
1.800000000000000e-06	8.599999999999994e-06	0.000000000000000e+00
1.800000000000000e-06	8.799999999999994e-06	0.000000000000000e+00
1.800000000000000e-06	8.999999999999993e-06	0.000000000000000e+00
1.800000000000000e-06	9.199999999999993e-06	0.000000000000000e+00
1.800000000000000e-06	9.399999999999993e-06	0.000000000000000e+00
1.800000000000000e-06	9.599999999999993e-06	0.000000000000000e+00
1.800000000000000e-06	9.799999999999993e-06	0.000000000000000e+00
1.800000000000000e-06	9.999999999999999e-06	0.000000000000000e+00
1.850000000000000e-06	0.000000000000000e+00	0.000000000000000e+00
1.850000000000000e-06	2.000000000000000e-07	0.000000000000000e+00
1.850000000000000e-06	4.000000000000000e-07	0.000000000000000e+00
1.850000000000000e-06	6.000000000000000e-07	0.000000000000000e+00
1.850000000000000e-06	8.000000000000000e-07	0.000000000000000e+00
1.850000000000000e-06	1.000000000000000e-06	0.000000000000000e+00
1.850000000000000e-06	1.200000000000000e-06	0.000000000000000e+00
1.850000000000000e-06	1.400000000000000e-06	0.000000000000000e+00
1.850000000000000e-06	1.600000000000000e-06	0.000000000000000e+00
1.850000000000000e-06	1.800000000000000e-06	0.000000000000000e+00
1.850000000000000e-06	2.000000000000000e-06	0.000000000000000e+00
1.850000000000000e-06	2.200000000000000e-06	0.000000000000000e+00
1.850000000000000e-06	2.400000000000000e-06	0.000000000000000e+00
1.850000000000000e-06	2.600000000000000e-06	0.000000000000000e+00
1.850000000000000e-06	2.799999999999999e-06	0.000000000000000e+00
1.850000000000000e-06	2.999999999999999e-06	0.000000000000000e+00
1.850000000000000e-06	3.199999999999999e-06	0.000000000000000e+00
1.850000000000000e-06	3.399999999999999e-06	0.000000000000000e+00
1.850000000000000e-06	3.599999999999999e-06	0.000000000000000e+00
1.850000000000000e-06	3.799999999999998e-06	0.000000000000000e+00
1.850000000000000e-06	3.999999999999998e-06	0.000000000000000e+00
1.850000000000000e-06	4.199999999999998e-06	0.000000000000000e+00
1.850000000000000e-06	4.399999999999998e-06	0.000000000000000e+00
1.850000000000000e-06	4.599999999999997e-06	0.000000000000000e+00
1.850000000000000e-06	4.799999999999997e-06	0.000000000000000e+00
1.850000000000000e-06	4.999999999999997e-06	0.000000000000000e+00
1.850000000000000e-06	5.199999999999997e-06	0.000000000000000e+00
1.850000000000000e-06	5.399999999999997e-06	0.000000000000000e+00
1.850000000000000e-06	5.599999999999996e-06	0.000000000000000e+00
1.850000000000000e-06	5.799999999999996e-06	0.000000000000000e+00
1.850000000000000e-06	5.999999999999996e-06	0.000000000000000e+00
1.850000000000000e-06	6.199999999999996e-06	0.000000000000000e+00
1.850000000000000e-06	6.399999999999995e-06	0.000000000000000e+00
1.850000000000000e-06	6.599999999999995e-06	0.000000000000000e+00
1.850000000000000e-06	6.799999999999995e-06	0.000000000000000e+00
1.850000000000000e-06	6.999999999999995e-06	0.000000000000000e+00
1.850000000000000e-06	7.199999999999995e-06	0.000000000000000e+00
1.850000000000000e-06	7.399999999999994e-06	0.000000000000000e+00
1.850000000000000e-06	7.599999999999994e-06	0.000000000000000e+00
1.850000000000000e-06	7.799999999999995e-06	0.000000000000000e+00
1.850000000000000e-06	7.999999999999995e-06	0.000000000000000e+00
1.850000000000000e-06	8.199999999999994e-06	0.000000000000000e+00
1.850000000000000e-06	8.399999999999994e-06	0.000000000000000e+00
1.850000000000000e-06	8.599999999999994e-06	0.000000000000000e+00
1.850000000000000e-06	8.799999999999994e-06	0.000000000000000e+00
1.850000000000000e-06	8.999999999999993e-06	0.000000000000000e+00
1.850000000000000e-06	9.199999999999993e-06	0.000000000000000e+00
1.850000000000000e-06	9.399999999999993e-06	0.000000000000000e+00
1.850000000000000e-06	9.599999999999993e-06	0.000000000000000e+00
1.850000000000000e-06	9.799999999999993e-06	0.000000000000000e+00
1.850000000000000e-06	9.999999999999999e-06	0.000000000000000e+00
1.900000000000000e-06	0.000000000000000e+00	0.000000000000000e+00
1.900000000000000e-06	2.000000000000000e-07	0.000000000000000e+00
1.900000000000000e-06	4.000000000000000e-07	0.000000000000000e+00
1.900000000000000e-06	6.000000000000000e-07	0.000000000000000e+00
1.900000000000000e-06	8.000000000000000e-07	0.000000000000000e+00
1.900000000000000e-06	1.000000000000000e-06	0.000000000000000e+00
1.900000000000000e-06	1.200000000000000e-06	0.000000000000000e+00
1.900000000000000e-06	1.400000000000000e-06	0.000000000000000e+00
1.900000000000000e-06	1.600000000000000e-06	0.000000000000000e+00
1.900000000000000e-06	1.800000000000000e-06	0.000000000000000e+00
1.900000000000000e-06	2.000000000000000e-06	0.000000000000000e+00
1.900000000000000e-06	2.200000000000000e-06	0.000000000000000e+00
1.900000000000000e-06	2.400000000000000e-06	0.000000000000000e+00
1.900000000000000e-06	2.600000000000000e-06	0.000000000000000e+00
1.900000000000000e-06	2.799999999999999e-06	0.000000000000000e+00
1.900000000000000e-06	2.999999999999999e-06	0.000000000000000e+00
1.900000000000000e-06	3.199999999999999e-06	0.000000000000000e+00
1.900000000000000e-06	3.399999999999999e-06	0.000000000000000e+00
1.900000000000000e-06	3.599999999999999e-06	0.000000000000000e+00
1.900000000000000e-06	3.799999999999998e-06	0.000000000000000e+00
1.900000000000000e-06	3.999999999999998e-06	0.000000000000000e+00
1.900000000000000e-06	4.199999999999998e-06	0.000000000000000e+00
1.900000000000000e-06	4.399999999999998e-06	0.000000000000000e+00
1.900000000000000e-06	4.599999999999997e-06	0.000000000000000e+00
1.900000000000000e-06	4.799999999999997e-06	0.000000000000000e+00
1.900000000000000e-06	4.999999999999997e-06	0.000000000000000e+00
1.900000000000000e-06	5.199999999999997e-06	0.000000000000000e+00
1.900000000000000e-06	5.399999999999997e-06	0.000000000000000e+00
1.900000000000000e-06	5.599999999999996e-06	0.000000000000000e+00
1.900000000000000e-06	5.799999999999996e-06	0.000000000000000e+00
1.900000000000000e-06	5.999999999999996e-06	0.000000000000000e+00
1.900000000000000e-06	6.199999999999996e-06	0.000000000000000e+00
1.900000000000000e-06	6.399999999999995e-06	0.000000000000000e+00
1.900000000000000e-06	6.599999999999995e-06	0.000000000000000e+00
1.900000000000000e-06	6.799999999999995e-06	0.000000000000000e+00
1.900000000000000e-06	6.999999999999995e-06	0.000000000000000e+00
1.900000000000000e-06	7.199999999999995e-06	0.000000000000000e+00
1.900000000000000e-06	7.399999999999994e-06	0.000000000000000e+00
1.900000000000000e-06	7.599999999999994e-06	0.000000000000000e+00
1.900000000000000e-06	7.799999999999995e-06	0.000000000000000e+00
1.900000000000000e-06	7.999999999999995e-06	0.000000000000000e+00
1.900000000000000e-06	8.199999999999994e-06	0.000000000000000e+00
1.900000000000000e-06	8.399999999999994e-06	0.000000000000000e+00
1.900000000000000e-06	8.599999999999994e-06	0.000000000000000e+00
1.900000000000000e-06	8.799999999999994e-06	0.000000000000000e+00
1.900000000000000e-06	8.999999999999993e-06	0.000000000000000e+00
1.900000000000000e-06	9.199999999999993e-06	0.000000000000000e+00
1.900000000000000e-06	9.399999999999993e-06	0.000000000000000e+00
1.900000000000000e-06	9.599999999999993e-06	0.000000000000000e+00
1.900000000000000e-06	9.799999999999993e-06	0.000000000000000e+00
1.900000000000000e-06	9.999999999999999e-06	0.000000000000000e+00
1.950000000000000e-06	0.000000000000000e+00	0.000000000000000e+00
1.950000000000000e-06	2.000000000000000e-07	0.000000000000000e+00
1.950000000000000e-06	4.000000000000000e-07	0.000000000000000e+00
1.950000000000000e-06	6.000000000000000e-07	0.000000000000000e+00
1.950000000000000e-06	8.000000000000000e-07	0.000000000000000e+00
1.950000000000000e-06	1.000000000000000e-06	0.000000000000000e+00
1.950000000000000e-06	1.200000000000000e-06	0.000000000000000e+00
1.950000000000000e-06	1.400000000000000e-06	0.000000000000000e+00
1.950000000000000e-06	1.600000000000000e-06	0.000000000000000e+00
1.950000000000000e-06	1.800000000000000e-06	0.000000000000000e+00
1.950000000000000e-06	2.000000000000000e-06	0.000000000000000e+00
1.950000000000000e-06	2.200000000000000e-06	0.000000000000000e+00
1.950000000000000e-06	2.400000000000000e-06	0.000000000000000e+00
1.950000000000000e-06	2.600000000000000e-06	0.000000000000000e+00
1.950000000000000e-06	2.799999999999999e-06	0.000000000000000e+00
1.950000000000000e-06	2.999999999999999e-06	0.000000000000000e+00
1.950000000000000e-06	3.199999999999999e-06	0.000000000000000e+00
1.950000000000000e-06	3.399999999999999e-06	0.000000000000000e+00
1.950000000000000e-06	3.599999999999999e-06	0.000000000000000e+00
1.950000000000000e-06	3.799999999999998e-06	0.000000000000000e+00
1.950000000000000e-06	3.999999999999998e-06	0.000000000000000e+00
1.950000000000000e-06	4.199999999999998e-06	0.000000000000000e+00
1.950000000000000e-06	4.399999999999998e-06	0.000000000000000e+00
1.950000000000000e-06	4.599999999999997e-06	0.000000000000000e+00
1.950000000000000e-06	4.799999999999997e-06	0.000000000000000e+00
1.950000000000000e-06	4.999999999999997e-06	0.000000000000000e+00
1.950000000000000e-06	5.199999999999997e-06	0.000000000000000e+00
1.950000000000000e-06	5.399999999999997e-06	0.000000000000000e+00
1.950000000000000e-06	5.599999999999996e-06	0.000000000000000e+00
1.950000000000000e-06	5.799999999999996e-06	0.000000000000000e+00
1.950000000000000e-06	5.999999999999996e-06	0.000000000000000e+00
1.950000000000000e-06	6.199999999999996e-06	0.000000000000000e+00
1.950000000000000e-06	6.399999999999995e-06	0.000000000000000e+00
1.950000000000000e-06	6.599999999999995e-06	0.000000000000000e+00
1.950000000000000e-06	6.799999999999995e-06	0.000000000000000e+00
1.950000000000000e-06	6.999999999999995e-06	0.000000000000000e+00
1.950000000000000e-06	7.199999999999995e-06	0.000000000000000e+00
1.950000000000000e-06	7.399999999999994e-06	0.000000000000000e+00
1.950000000000000e-06	7.599999999999994e-06	0.000000000000000e+00
1.950000000000000e-06	7.799999999999995e-06	0.000000000000000e+00
1.950000000000000e-06	7.999999999999995e-06	0.000000000000000e+00
1.950000000000000e-06	8.199999999999994e-06	0.000000000000000e+00
1.950000000000000e-06	8.399999999999994e-06	0.000000000000000e+00
1.950000000000000e-06	8.599999999999994e-06	0.000000000000000e+00
1.950000000000000e-06	8.799999999999994e-06	0.000000000000000e+00
1.950000000000000e-06	8.999999999999993e-06	0.000000000000000e+00
1.950000000000000e-06	9.199999999999993e-06	0.000000000000000e+00
1.950000000000000e-06	9.399999999999993e-06	0.000000000000000e+00
1.950000000000000e-06	9.599999999999993e-06	0.000000000000000e+00
1.950000000000000e-06	9.799999999999993e-06	0.000000000000000e+00
1.950000000000000e-06	9.999999999999999e-06	0.000000000000000e+00
2.000000000000000e-06	0.000000000000000e+00	0.000000000000000e+00
2.000000000000000e-06	2.000000000000000e-07	0.000000000000000e+00
2.000000000000000e-06	4.000000000000000e-07	0.000000000000000e+00
2.000000000000000e-06	6.000000000000000e-07	0.000000000000000e+00
2.000000000000000e-06	8.000000000000000e-07	0.000000000000000e+00
2.000000000000000e-06	1.000000000000000e-06	0.000000000000000e+00
2.000000000000000e-06	1.200000000000000e-06	0.000000000000000e+00
2.000000000000000e-06	1.400000000000000e-06	0.000000000000000e+00
2.000000000000000e-06	1.600000000000000e-06	0.000000000000000e+00
2.000000000000000e-06	1.800000000000000e-06	0.000000000000000e+00
2.000000000000000e-06	2.000000000000000e-06	0.000000000000000e+00
2.000000000000000e-06	2.200000000000000e-06	0.000000000000000e+00
2.000000000000000e-06	2.400000000000000e-06	0.000000000000000e+00
2.000000000000000e-06	2.600000000000000e-06	0.000000000000000e+00
2.000000000000000e-06	2.799999999999999e-06	0.000000000000000e+00
2.000000000000000e-06	2.999999999999999e-06	0.000000000000000e+00
2.000000000000000e-06	3.199999999999999e-06	0.000000000000000e+00
2.000000000000000e-06	3.399999999999999e-06	0.000000000000000e+00
2.000000000000000e-06	3.599999999999999e-06	0.000000000000000e+00
2.000000000000000e-06	3.799999999999998e-06	0.000000000000000e+00
2.000000000000000e-06	3.999999999999998e-06	0.000000000000000e+00
2.000000000000000e-06	4.199999999999998e-06	0.000000000000000e+00
2.000000000000000e-06	4.399999999999998e-06	0.000000000000000e+00
2.000000000000000e-06	4.599999999999997e-06	0.000000000000000e+00
2.000000000000000e-06	4.799999999999997e-06	0.000000000000000e+00
2.000000000000000e-06	4.999999999999997e-06	0.000000000000000e+00
2.000000000000000e-06	5.199999999999997e-06	0.000000000000000e+00
2.000000000000000e-06	5.399999999999997e-06	0.000000000000000e+00
2.000000000000000e-06	5.599999999999996e-06	0.000000000000000e+00
2.000000000000000e-06	5.799999999999996e-06	0.000000000000000e+00
2.000000000000000e-06	5.999999999999996e-06	0.000000000000000e+00
2.000000000000000e-06	6.199999999999996e-06	0.000000000000000e+00
2.000000000000000e-06	6.399999999999995e-06	0.000000000000000e+00
2.000000000000000e-06	6.599999999999995e-06	0.000000000000000e+00
2.000000000000000e-06	6.799999999999995e-06	0.000000000000000e+00
2.000000000000000e-06	6.999999999999995e-06	0.000000000000000e+00
2.000000000000000e-06	7.199999999999995e-06	0.000000000000000e+00
2.000000000000000e-06	7.399999999999994e-06	0.000000000000000e+00
2.000000000000000e-06	7.599999999999994e-06	0.000000000000000e+00
2.000000000000000e-06	7.799999999999995e-06	0.000000000000000e+00
2.000000000000000e-06	7.999999999999995e-06	0.000000000000000e+00
2.000000000000000e-06	8.199999999999994e-06	0.000000000000000e+00
2.000000000000000e-06	8.399999999999994e-06	0.000000000000000e+00
2.000000000000000e-06	8.599999999999994e-06	0.000000000000000e+00
2.000000000000000e-06	8.799999999999994e-06	0.000000000000000e+00
2.000000000000000e-06	8.999999999999993e-06	0.000000000000000e+00
2.000000000000000e-06	9.199999999999993e-06	0.000000000000000e+00
2.000000000000000e-06	9.399999999999993e-06	0.000000000000000e+00
2.000000000000000e-06	9.599999999999993e-06	0.000000000000000e+00
2.000000000000000e-06	9.799999999999993e-06	0.000000000000000e+00
2.000000000000000e-06	9.999999999999999e-06	0.000000000000000e+00
2.050000000000000e-06	0.000000000000000e+00	0.000000000000000e+00
2.050000000000000e-06	2.000000000000000e-07	0.000000000000000e+00
2.050000000000000e-06	4.000000000000000e-07	0.000000000000000e+00
2.050000000000000e-06	6.000000000000000e-07	0.000000000000000e+00
2.050000000000000e-06	8.000000000000000e-07	0.000000000000000e+00
2.050000000000000e-06	1.000000000000000e-06	0.000000000000000e+00
2.050000000000000e-06	1.200000000000000e-06	0.000000000000000e+00
2.050000000000000e-06	1.400000000000000e-06	0.000000000000000e+00
2.050000000000000e-06	1.600000000000000e-06	0.000000000000000e+00
2.050000000000000e-06	1.800000000000000e-06	0.000000000000000e+00
2.050000000000000e-06	2.000000000000000e-06	0.000000000000000e+00
2.050000000000000e-06	2.200000000000000e-06	0.000000000000000e+00
2.050000000000000e-06	2.400000000000000e-06	0.000000000000000e+00
2.050000000000000e-06	2.600000000000000e-06	0.000000000000000e+00
2.050000000000000e-06	2.799999999999999e-06	0.000000000000000e+00
2.050000000000000e-06	2.999999999999999e-06	0.000000000000000e+00
2.050000000000000e-06	3.199999999999999e-06	0.000000000000000e+00
2.050000000000000e-06	3.399999999999999e-06	0.000000000000000e+00
2.050000000000000e-06	3.599999999999999e-06	0.000000000000000e+00
2.050000000000000e-06	3.799999999999998e-06	0.000000000000000e+00
2.050000000000000e-06	3.999999999999998e-06	0.000000000000000e+00
2.050000000000000e-06	4.199999999999998e-06	0.000000000000000e+00
2.050000000000000e-06	4.399999999999998e-06	0.000000000000000e+00
2.050000000000000e-06	4.599999999999997e-06	0.000000000000000e+00
2.050000000000000e-06	4.799999999999997e-06	0.000000000000000e+00
2.050000000000000e-06	4.999999999999997e-06	0.000000000000000e+00
2.050000000000000e-06	5.199999999999997e-06	0.000000000000000e+00
2.050000000000000e-06	5.399999999999997e-06	0.000000000000000e+00
2.050000000000000e-06	5.599999999999996e-06	0.000000000000000e+00
2.050000000000000e-06	5.799999999999996e-06	0.000000000000000e+00
2.050000000000000e-06	5.999999999999996e-06	0.000000000000000e+00
2.050000000000000e-06	6.199999999999996e-06	0.000000000000000e+00
2.050000000000000e-06	6.399999999999995e-06	0.000000000000000e+00
2.050000000000000e-06	6.599999999999995e-06	0.000000000000000e+00
2.050000000000000e-06	6.799999999999995e-06	0.000000000000000e+00
2.050000000000000e-06	6.999999999999995e-06	0.000000000000000e+00
2.050000000000000e-06	7.199999999999995e-06	0.000000000000000e+00
2.050000000000000e-06	7.399999999999994e-06	0.000000000000000e+00
2.050000000000000e-06	7.599999999999994e-06	0.000000000000000e+00
2.050000000000000e-06	7.799999999999995e-06	0.000000000000000e+00
2.050000000000000e-06	7.999999999999995e-06	0.000000000000000e+00
2.050000000000000e-06	8.199999999999994e-06	0.000000000000000e+00
2.050000000000000e-06	8.399999999999994e-06	0.000000000000000e+00
2.050000000000000e-06	8.599999999999994e-06	0.000000000000000e+00
2.050000000000000e-06	8.799999999999994e-06	0.000000000000000e+00
2.050000000000000e-06	8.999999999999993e-06	0.000000000000000e+00
2.050000000000000e-06	9.199999999999993e-06	0.000000000000000e+00
2.050000000000000e-06	9.399999999999993e-06	0.000000000000000e+00
2.050000000000000e-06	9.599999999999993e-06	0.000000000000000e+00
2.050000000000000e-06	9.799999999999993e-06	0.000000000000000e+00
2.050000000000000e-06	9.999999999999999e-06	0.000000000000000e+00
2.100000000000000e-06	0.000000000000000e+00	0.000000000000000e+00
2.100000000000000e-06	2.000000000000000e-07	0.000000000000000e+00
2.100000000000000e-06	4.000000000000000e-07	0.000000000000000e+00
2.100000000000000e-06	6.000000000000000e-07	0.000000000000000e+00
2.100000000000000e-06	8.000000000000000e-07	0.000000000000000e+00
2.100000000000000e-06	1.000000000000000e-06	0.000000000000000e+00
2.100000000000000e-06	1.200000000000000e-06	0.000000000000000e+00
2.100000000000000e-06	1.400000000000000e-06	0.000000000000000e+00
2.100000000000000e-06	1.600000000000000e-06	0.000000000000000e+00
2.100000000000000e-06	1.800000000000000e-06	0.000000000000000e+00
2.100000000000000e-06	2.000000000000000e-06	0.000000000000000e+00
2.100000000000000e-06	2.200000000000000e-06	0.000000000000000e+00
2.100000000000000e-06	2.400000000000000e-06	0.000000000000000e+00
2.100000000000000e-06	2.600000000000000e-06	0.000000000000000e+00
2.100000000000000e-06	2.799999999999999e-06	0.000000000000000e+00
2.100000000000000e-06	2.999999999999999e-06	0.000000000000000e+00
2.100000000000000e-06	3.199999999999999e-06	0.000000000000000e+00
2.100000000000000e-06	3.399999999999999e-06	0.000000000000000e+00
2.100000000000000e-06	3.599999999999999e-06	0.000000000000000e+00
2.100000000000000e-06	3.799999999999998e-06	0.000000000000000e+00
2.100000000000000e-06	3.999999999999998e-06	0.000000000000000e+00
2.100000000000000e-06	4.199999999999998e-06	0.000000000000000e+00
2.100000000000000e-06	4.399999999999998e-06	0.000000000000000e+00
2.100000000000000e-06	4.599999999999997e-06	0.000000000000000e+00
2.100000000000000e-06	4.799999999999997e-06	0.000000000000000e+00
2.100000000000000e-06	4.999999999999997e-06	0.000000000000000e+00
2.100000000000000e-06	5.199999999999997e-06	0.000000000000000e+00
2.100000000000000e-06	5.399999999999997e-06	0.000000000000000e+00
2.100000000000000e-06	5.599999999999996e-06	0.000000000000000e+00
2.100000000000000e-06	5.799999999999996e-06	0.000000000000000e+00
2.100000000000000e-06	5.999999999999996e-06	0.000000000000000e+00
2.100000000000000e-06	6.199999999999996e-06	0.000000000000000e+00
2.100000000000000e-06	6.399999999999995e-06	0.000000000000000e+00
2.100000000000000e-06	6.599999999999995e-06	0.000000000000000e+00
2.100000000000000e-06	6.799999999999995e-06	0.000000000000000e+00
2.100000000000000e-06	6.999999999999995e-06	0.000000000000000e+00
2.100000000000000e-06	7.199999999999995e-06	0.000000000000000e+00
2.100000000000000e-06	7.399999999999994e-06	0.000000000000000e+00
2.100000000000000e-06	7.599999999999994e-06	0.000000000000000e+00
2.100000000000000e-06	7.799999999999995e-06	0.000000000000000e+00
2.100000000000000e-06	7.999999999999995e-06	0.000000000000000e+00
2.100000000000000e-06	8.199999999999994e-06	0.000000000000000e+00
2.100000000000000e-06	8.399999999999994e-06	0.000000000000000e+00
2.100000000000000e-06	8.599999999999994e-06	0.000000000000000e+00
2.100000000000000e-06	8.799999999999994e-06	0.000000000000000e+00
2.100000000000000e-06	8.999999999999993e-06	0.000000000000000e+00
2.100000000000000e-06	9.199999999999993e-06	0.000000000000000e+00
2.100000000000000e-06	9.399999999999993e-06	0.000000000000000e+00
2.100000000000000e-06	9.599999999999993e-06	0.000000000000000e+00
2.100000000000000e-06	9.799999999999993e-06	0.000000000000000e+00
2.100000000000000e-06	9.999999999999999e-06	0.000000000000000e+00
2.150000000000000e-06	0.000000000000000e+00	0.000000000000000e+00
2.150000000000000e-06	2.000000000000000e-07	0.000000000000000e+00
2.150000000000000e-06	4.000000000000000e-07	0.000000000000000e+00
2.150000000000000e-06	6.000000000000000e-07	0.000000000000000e+00
2.150000000000000e-06	8.000000000000000e-07	0.000000000000000e+00
2.150000000000000e-06	1.000000000000000e-06	0.000000000000000e+00
2.150000000000000e-06	1.200000000000000e-06	0.000000000000000e+00
2.150000000000000e-06	1.400000000000000e-06	0.000000000000000e+00
2.150000000000000e-06	1.600000000000000e-06	0.000000000000000e+00
2.150000000000000e-06	1.800000000000000e-06	0.000000000000000e+00
2.150000000000000e-06	2.000000000000000e-06	0.000000000000000e+00
2.150000000000000e-06	2.200000000000000e-06	0.000000000000000e+00
2.150000000000000e-06	2.400000000000000e-06	0.000000000000000e+00
2.150000000000000e-06	2.600000000000000e-06	0.000000000000000e+00
2.150000000000000e-06	2.799999999999999e-06	0.000000000000000e+00
2.150000000000000e-06	2.999999999999999e-06	0.000000000000000e+00
2.150000000000000e-06	3.199999999999999e-06	0.000000000000000e+00
2.150000000000000e-06	3.399999999999999e-06	0.000000000000000e+00
2.150000000000000e-06	3.599999999999999e-06	0.000000000000000e+00
2.150000000000000e-06	3.799999999999998e-06	0.000000000000000e+00
2.150000000000000e-06	3.999999999999998e-06	0.000000000000000e+00
2.150000000000000e-06	4.199999999999998e-06	0.000000000000000e+00
2.150000000000000e-06	4.399999999999998e-06	0.000000000000000e+00
2.150000000000000e-06	4.599999999999997e-06	0.000000000000000e+00
2.150000000000000e-06	4.799999999999997e-06	0.000000000000000e+00
2.150000000000000e-06	4.999999999999997e-06	0.000000000000000e+00
2.150000000000000e-06	5.199999999999997e-06	0.000000000000000e+00
2.150000000000000e-06	5.399999999999997e-06	0.000000000000000e+00
2.150000000000000e-06	5.599999999999996e-06	0.000000000000000e+00
2.150000000000000e-06	5.799999999999996e-06	0.000000000000000e+00
2.150000000000000e-06	5.999999999999996e-06	0.000000000000000e+00
2.150000000000000e-06	6.199999999999996e-06	0.000000000000000e+00
2.150000000000000e-06	6.399999999999995e-06	0.000000000000000e+00
2.150000000000000e-06	6.599999999999995e-06	0.000000000000000e+00
2.150000000000000e-06	6.799999999999995e-06	0.000000000000000e+00
2.150000000000000e-06	6.999999999999995e-06	0.000000000000000e+00
2.150000000000000e-06	7.199999999999995e-06	0.000000000000000e+00
2.150000000000000e-06	7.399999999999994e-06	0.000000000000000e+00
2.150000000000000e-06	7.599999999999994e-06	0.000000000000000e+00
2.150000000000000e-06	7.799999999999995e-06	0.000000000000000e+00
2.150000000000000e-06	7.999999999999995e-06	0.000000000000000e+00
2.150000000000000e-06	8.199999999999994e-06	0.000000000000000e+00
2.150000000000000e-06	8.399999999999994e-06	0.000000000000000e+00
2.150000000000000e-06	8.599999999999994e-06	0.000000000000000e+00
2.150000000000000e-06	8.799999999999994e-06	0.000000000000000e+00
2.150000000000000e-06	8.999999999999993e-06	0.000000000000000e+00
2.150000000000000e-06	9.199999999999993e-06	0.000000000000000e+00
2.150000000000000e-06	9.399999999999993e-06	0.000000000000000e+00
2.150000000000000e-06	9.599999999999993e-06	0.000000000000000e+00
2.150000000000000e-06	9.799999999999993e-06	0.000000000000000e+00
2.150000000000000e-06	9.999999999999999e-06	0.000000000000000e+00
2.200000000000000e-06	0.000000000000000e+00	0.000000000000000e+00
2.200000000000000e-06	2.000000000000000e-07	0.000000000000000e+00
2.200000000000000e-06	4.000000000000000e-07	0.000000000000000e+00
2.200000000000000e-06	6.000000000000000e-07	0.000000000000000e+00
2.200000000000000e-06	8.000000000000000e-07	0.000000000000000e+00
2.200000000000000e-06	1.000000000000000e-06	0.000000000000000e+00
2.200000000000000e-06	1.200000000000000e-06	0.000000000000000e+00
2.200000000000000e-06	1.400000000000000e-06	0.000000000000000e+00
2.200000000000000e-06	1.600000000000000e-06	0.000000000000000e+00
2.200000000000000e-06	1.800000000000000e-06	0.000000000000000e+00
2.200000000000000e-06	2.000000000000000e-06	0.000000000000000e+00
2.200000000000000e-06	2.200000000000000e-06	0.000000000000000e+00
2.200000000000000e-06	2.400000000000000e-06	0.000000000000000e+00
2.200000000000000e-06	2.600000000000000e-06	0.000000000000000e+00
2.200000000000000e-06	2.799999999999999e-06	0.000000000000000e+00
2.200000000000000e-06	2.999999999999999e-06	0.000000000000000e+00
2.200000000000000e-06	3.199999999999999e-06	0.000000000000000e+00
2.200000000000000e-06	3.399999999999999e-06	0.000000000000000e+00
2.200000000000000e-06	3.599999999999999e-06	0.000000000000000e+00
2.200000000000000e-06	3.799999999999998e-06	0.000000000000000e+00
2.200000000000000e-06	3.999999999999998e-06	0.000000000000000e+00
2.200000000000000e-06	4.199999999999998e-06	0.000000000000000e+00
2.200000000000000e-06	4.399999999999998e-06	0.000000000000000e+00
2.200000000000000e-06	4.599999999999997e-06	0.000000000000000e+00
2.200000000000000e-06	4.799999999999997e-06	0.000000000000000e+00
2.200000000000000e-06	4.999999999999997e-06	0.000000000000000e+00
2.200000000000000e-06	5.199999999999997e-06	0.000000000000000e+00
2.200000000000000e-06	5.399999999999997e-06	0.000000000000000e+00
2.200000000000000e-06	5.599999999999996e-06	0.000000000000000e+00
2.200000000000000e-06	5.799999999999996e-06	0.000000000000000e+00
2.200000000000000e-06	5.999999999999996e-06	0.000000000000000e+00
2.200000000000000e-06	6.199999999999996e-06	0.000000000000000e+00
2.200000000000000e-06	6.399999999999995e-06	0.000000000000000e+00
2.200000000000000e-06	6.599999999999995e-06	0.000000000000000e+00
2.200000000000000e-06	6.799999999999995e-06	0.000000000000000e+00
2.200000000000000e-06	6.999999999999995e-06	0.000000000000000e+00
2.200000000000000e-06	7.199999999999995e-06	0.000000000000000e+00
2.200000000000000e-06	7.399999999999994e-06	0.000000000000000e+00
2.200000000000000e-06	7.599999999999994e-06	0.000000000000000e+00
2.200000000000000e-06	7.799999999999995e-06	0.000000000000000e+00
2.200000000000000e-06	7.999999999999995e-06	0.000000000000000e+00
2.200000000000000e-06	8.199999999999994e-06	0.000000000000000e+00
2.200000000000000e-06	8.399999999999994e-06	0.000000000000000e+00
2.200000000000000e-06	8.599999999999994e-06	0.000000000000000e+00
2.200000000000000e-06	8.799999999999994e-06	0.000000000000000e+00
2.200000000000000e-06	8.999999999999993e-06	0.000000000000000e+00
2.200000000000000e-06	9.199999999999993e-06	0.000000000000000e+00
2.200000000000000e-06	9.399999999999993e-06	0.000000000000000e+00
2.200000000000000e-06	9.599999999999993e-06	0.000000000000000e+00
2.200000000000000e-06	9.799999999999993e-06	0.000000000000000e+00
2.200000000000000e-06	9.999999999999999e-06	0.000000000000000e+00
2.250000000000000e-06	0.000000000000000e+00	0.000000000000000e+00
2.250000000000000e-06	2.000000000000000e-07	0.000000000000000e+00
2.250000000000000e-06	4.000000000000000e-07	0.000000000000000e+00
2.250000000000000e-06	6.000000000000000e-07	0.000000000000000e+00
2.250000000000000e-06	8.000000000000000e-07	0.000000000000000e+00
2.250000000000000e-06	1.000000000000000e-06	0.000000000000000e+00
2.250000000000000e-06	1.200000000000000e-06	0.000000000000000e+00
2.250000000000000e-06	1.400000000000000e-06	0.000000000000000e+00
2.250000000000000e-06	1.600000000000000e-06	0.000000000000000e+00
2.250000000000000e-06	1.800000000000000e-06	0.000000000000000e+00
2.250000000000000e-06	2.000000000000000e-06	0.000000000000000e+00
2.250000000000000e-06	2.200000000000000e-06	0.000000000000000e+00
2.250000000000000e-06	2.400000000000000e-06	0.000000000000000e+00
2.250000000000000e-06	2.600000000000000e-06	0.000000000000000e+00
2.250000000000000e-06	2.799999999999999e-06	0.000000000000000e+00
2.250000000000000e-06	2.999999999999999e-06	0.000000000000000e+00
2.250000000000000e-06	3.199999999999999e-06	0.000000000000000e+00
2.250000000000000e-06	3.399999999999999e-06	0.000000000000000e+00
2.250000000000000e-06	3.599999999999999e-06	0.000000000000000e+00
2.250000000000000e-06	3.799999999999998e-06	0.000000000000000e+00
2.250000000000000e-06	3.999999999999998e-06	0.000000000000000e+00
2.250000000000000e-06	4.199999999999998e-06	0.000000000000000e+00
2.250000000000000e-06	4.399999999999998e-06	0.000000000000000e+00
2.250000000000000e-06	4.599999999999997e-06	0.000000000000000e+00
2.250000000000000e-06	4.799999999999997e-06	0.000000000000000e+00
2.250000000000000e-06	4.999999999999997e-06	0.000000000000000e+00
2.250000000000000e-06	5.199999999999997e-06	0.000000000000000e+00
2.250000000000000e-06	5.399999999999997e-06	0.000000000000000e+00
2.250000000000000e-06	5.599999999999996e-06	0.000000000000000e+00
2.250000000000000e-06	5.799999999999996e-06	0.000000000000000e+00
2.250000000000000e-06	5.999999999999996e-06	0.000000000000000e+00
2.250000000000000e-06	6.199999999999996e-06	0.000000000000000e+00
2.250000000000000e-06	6.399999999999995e-06	0.000000000000000e+00
2.250000000000000e-06	6.599999999999995e-06	0.000000000000000e+00
2.250000000000000e-06	6.799999999999995e-06	0.000000000000000e+00
2.250000000000000e-06	6.999999999999995e-06	0.000000000000000e+00
2.250000000000000e-06	7.199999999999995e-06	0.000000000000000e+00
2.250000000000000e-06	7.399999999999994e-06	0.000000000000000e+00
2.250000000000000e-06	7.599999999999994e-06	0.000000000000000e+00
2.250000000000000e-06	7.799999999999995e-06	0.000000000000000e+00
2.250000000000000e-06	7.999999999999995e-06	0.000000000000000e+00
2.250000000000000e-06	8.199999999999994e-06	0.000000000000000e+00
2.250000000000000e-06	8.399999999999994e-06	0.000000000000000e+00
2.250000000000000e-06	8.599999999999994e-06	0.000000000000000e+00
2.250000000000000e-06	8.799999999999994e-06	0.000000000000000e+00
2.250000000000000e-06	8.999999999999993e-06	0.000000000000000e+00
2.250000000000000e-06	9.199999999999993e-06	0.000000000000000e+00
2.250000000000000e-06	9.399999999999993e-06	0.000000000000000e+00
2.250000000000000e-06	9.599999999999993e-06	0.000000000000000e+00
2.250000000000000e-06	9.799999999999993e-06	0.000000000000000e+00
2.250000000000000e-06	9.999999999999999e-06	0.000000000000000e+00
2.300000000000000e-06	0.000000000000000e+00	0.000000000000000e+00
2.300000000000000e-06	2.000000000000000e-07	0.000000000000000e+00
2.300000000000000e-06	4.000000000000000e-07	0.000000000000000e+00
2.300000000000000e-06	6.000000000000000e-07	0.000000000000000e+00
2.300000000000000e-06	8.000000000000000e-07	0.000000000000000e+00
2.300000000000000e-06	1.000000000000000e-06	0.000000000000000e+00
2.300000000000000e-06	1.200000000000000e-06	0.000000000000000e+00
2.300000000000000e-06	1.400000000000000e-06	0.000000000000000e+00
2.300000000000000e-06	1.600000000000000e-06	0.000000000000000e+00
2.300000000000000e-06	1.800000000000000e-06	0.000000000000000e+00
2.300000000000000e-06	2.000000000000000e-06	0.000000000000000e+00
2.300000000000000e-06	2.200000000000000e-06	0.000000000000000e+00
2.300000000000000e-06	2.400000000000000e-06	0.000000000000000e+00
2.300000000000000e-06	2.600000000000000e-06	0.000000000000000e+00
2.300000000000000e-06	2.799999999999999e-06	0.000000000000000e+00
2.300000000000000e-06	2.999999999999999e-06	0.000000000000000e+00
2.300000000000000e-06	3.199999999999999e-06	0.000000000000000e+00
2.300000000000000e-06	3.399999999999999e-06	0.000000000000000e+00
2.300000000000000e-06	3.599999999999999e-06	0.000000000000000e+00
2.300000000000000e-06	3.799999999999998e-06	0.000000000000000e+00
2.300000000000000e-06	3.999999999999998e-06	0.000000000000000e+00
2.300000000000000e-06	4.199999999999998e-06	0.000000000000000e+00
2.300000000000000e-06	4.399999999999998e-06	0.000000000000000e+00
2.300000000000000e-06	4.599999999999997e-06	0.000000000000000e+00
2.300000000000000e-06	4.799999999999997e-06	0.000000000000000e+00
2.300000000000000e-06	4.999999999999997e-06	0.000000000000000e+00
2.300000000000000e-06	5.199999999999997e-06	0.000000000000000e+00
2.300000000000000e-06	5.399999999999997e-06	0.000000000000000e+00
2.300000000000000e-06	5.599999999999996e-06	0.000000000000000e+00
2.300000000000000e-06	5.799999999999996e-06	0.000000000000000e+00
2.300000000000000e-06	5.999999999999996e-06	0.000000000000000e+00
2.300000000000000e-06	6.199999999999996e-06	0.000000000000000e+00
2.300000000000000e-06	6.399999999999995e-06	0.000000000000000e+00
2.300000000000000e-06	6.599999999999995e-06	0.000000000000000e+00
2.300000000000000e-06	6.799999999999995e-06	0.000000000000000e+00
2.300000000000000e-06	6.999999999999995e-06	0.000000000000000e+00
2.300000000000000e-06	7.199999999999995e-06	0.000000000000000e+00
2.300000000000000e-06	7.399999999999994e-06	0.000000000000000e+00
2.300000000000000e-06	7.599999999999994e-06	0.000000000000000e+00
2.300000000000000e-06	7.799999999999995e-06	0.000000000000000e+00
2.300000000000000e-06	7.999999999999995e-06	0.000000000000000e+00
2.300000000000000e-06	8.199999999999994e-06	0.000000000000000e+00
2.300000000000000e-06	8.399999999999994e-06	0.000000000000000e+00
2.300000000000000e-06	8.599999999999994e-06	0.000000000000000e+00
2.300000000000000e-06	8.799999999999994e-06	0.000000000000000e+00
2.300000000000000e-06	8.999999999999993e-06	0.000000000000000e+00
2.300000000000000e-06	9.199999999999993e-06	0.000000000000000e+00
2.300000000000000e-06	9.399999999999993e-06	0.000000000000000e+00
2.300000000000000e-06	9.599999999999993e-06	0.000000000000000e+00
2.300000000000000e-06	9.799999999999993e-06	0.000000000000000e+00
2.300000000000000e-06	9.999999999999999e-06	0.000000000000000e+00
2.350000000000000e-06	0.000000000000000e+00	0.000000000000000e+00
2.350000000000000e-06	2.000000000000000e-07	0.000000000000000e+00
2.350000000000000e-06	4.000000000000000e-07	0.000000000000000e+00
2.350000000000000e-06	6.000000000000000e-07	0.000000000000000e+00
2.350000000000000e-06	8.000000000000000e-07	0.000000000000000e+00
2.350000000000000e-06	1.000000000000000e-06	0.000000000000000e+00
2.350000000000000e-06	1.200000000000000e-06	0.000000000000000e+00
2.350000000000000e-06	1.400000000000000e-06	0.000000000000000e+00
2.350000000000000e-06	1.600000000000000e-06	0.000000000000000e+00
2.350000000000000e-06	1.800000000000000e-06	0.000000000000000e+00
2.350000000000000e-06	2.000000000000000e-06	0.000000000000000e+00
2.350000000000000e-06	2.200000000000000e-06	0.000000000000000e+00
2.350000000000000e-06	2.400000000000000e-06	0.000000000000000e+00
2.350000000000000e-06	2.600000000000000e-06	0.000000000000000e+00
2.350000000000000e-06	2.799999999999999e-06	0.000000000000000e+00
2.350000000000000e-06	2.999999999999999e-06	0.000000000000000e+00
2.350000000000000e-06	3.199999999999999e-06	0.000000000000000e+00
2.350000000000000e-06	3.399999999999999e-06	0.000000000000000e+00
2.350000000000000e-06	3.599999999999999e-06	0.000000000000000e+00
2.350000000000000e-06	3.799999999999998e-06	0.000000000000000e+00
2.350000000000000e-06	3.999999999999998e-06	0.000000000000000e+00
2.350000000000000e-06	4.199999999999998e-06	0.000000000000000e+00
2.350000000000000e-06	4.399999999999998e-06	0.000000000000000e+00
2.350000000000000e-06	4.599999999999997e-06	0.000000000000000e+00
2.350000000000000e-06	4.799999999999997e-06	0.000000000000000e+00
2.350000000000000e-06	4.999999999999997e-06	0.000000000000000e+00
2.350000000000000e-06	5.199999999999997e-06	0.000000000000000e+00
2.350000000000000e-06	5.399999999999997e-06	0.000000000000000e+00
2.350000000000000e-06	5.599999999999996e-06	0.000000000000000e+00
2.350000000000000e-06	5.799999999999996e-06	0.000000000000000e+00
2.350000000000000e-06	5.999999999999996e-06	0.000000000000000e+00
2.350000000000000e-06	6.199999999999996e-06	0.000000000000000e+00
2.350000000000000e-06	6.399999999999995e-06	0.000000000000000e+00
2.350000000000000e-06	6.599999999999995e-06	0.000000000000000e+00
2.350000000000000e-06	6.799999999999995e-06	0.000000000000000e+00
2.350000000000000e-06	6.999999999999995e-06	0.000000000000000e+00
2.350000000000000e-06	7.199999999999995e-06	0.000000000000000e+00
2.350000000000000e-06	7.399999999999994e-06	0.000000000000000e+00
2.350000000000000e-06	7.599999999999994e-06	0.000000000000000e+00
2.350000000000000e-06	7.799999999999995e-06	0.000000000000000e+00
2.350000000000000e-06	7.999999999999995e-06	0.000000000000000e+00
2.350000000000000e-06	8.199999999999994e-06	0.000000000000000e+00
2.350000000000000e-06	8.399999999999994e-06	0.000000000000000e+00
2.350000000000000e-06	8.599999999999994e-06	0.000000000000000e+00
2.350000000000000e-06	8.799999999999994e-06	0.000000000000000e+00
2.350000000000000e-06	8.999999999999993e-06	0.000000000000000e+00
2.350000000000000e-06	9.199999999999993e-06	0.000000000000000e+00
2.350000000000000e-06	9.399999999999993e-06	0.000000000000000e+00
2.350000000000000e-06	9.599999999999993e-06	0.000000000000000e+00
2.350000000000000e-06	9.799999999999993e-06	0.000000000000000e+00
2.350000000000000e-06	9.999999999999999e-06	0.000000000000000e+00
2.399999999999999e-06	0.000000000000000e+00	0.000000000000000e+00
2.399999999999999e-06	2.000000000000000e-07	0.000000000000000e+00
2.399999999999999e-06	4.000000000000000e-07	0.000000000000000e+00
2.399999999999999e-06	6.000000000000000e-07	0.000000000000000e+00
2.399999999999999e-06	8.000000000000000e-07	0.000000000000000e+00
2.399999999999999e-06	1.000000000000000e-06	0.000000000000000e+00
2.399999999999999e-06	1.200000000000000e-06	0.000000000000000e+00
2.399999999999999e-06	1.400000000000000e-06	0.000000000000000e+00
2.399999999999999e-06	1.600000000000000e-06	0.000000000000000e+00
2.399999999999999e-06	1.800000000000000e-06	0.000000000000000e+00
2.399999999999999e-06	2.000000000000000e-06	0.000000000000000e+00
2.399999999999999e-06	2.200000000000000e-06	0.000000000000000e+00
2.399999999999999e-06	2.400000000000000e-06	0.000000000000000e+00
2.399999999999999e-06	2.600000000000000e-06	0.000000000000000e+00
2.399999999999999e-06	2.799999999999999e-06	0.000000000000000e+00
2.399999999999999e-06	2.999999999999999e-06	0.000000000000000e+00
2.399999999999999e-06	3.199999999999999e-06	0.000000000000000e+00
2.399999999999999e-06	3.399999999999999e-06	0.000000000000000e+00
2.399999999999999e-06	3.599999999999999e-06	0.000000000000000e+00
2.399999999999999e-06	3.799999999999998e-06	0.000000000000000e+00
2.399999999999999e-06	3.999999999999998e-06	0.000000000000000e+00
2.399999999999999e-06	4.199999999999998e-06	0.000000000000000e+00
2.399999999999999e-06	4.399999999999998e-06	0.000000000000000e+00
2.399999999999999e-06	4.599999999999997e-06	0.000000000000000e+00
2.399999999999999e-06	4.799999999999997e-06	0.000000000000000e+00
2.399999999999999e-06	4.999999999999997e-06	0.000000000000000e+00
2.399999999999999e-06	5.199999999999997e-06	0.000000000000000e+00
2.399999999999999e-06	5.399999999999997e-06	0.000000000000000e+00
2.399999999999999e-06	5.599999999999996e-06	0.000000000000000e+00
2.399999999999999e-06	5.799999999999996e-06	0.000000000000000e+00
2.399999999999999e-06	5.999999999999996e-06	0.000000000000000e+00
2.399999999999999e-06	6.199999999999996e-06	0.000000000000000e+00
2.399999999999999e-06	6.399999999999995e-06	0.000000000000000e+00
2.399999999999999e-06	6.599999999999995e-06	0.000000000000000e+00
2.399999999999999e-06	6.799999999999995e-06	0.000000000000000e+00
2.399999999999999e-06	6.999999999999995e-06	0.000000000000000e+00
2.399999999999999e-06	7.199999999999995e-06	0.000000000000000e+00
2.399999999999999e-06	7.399999999999994e-06	0.000000000000000e+00
2.399999999999999e-06	7.599999999999994e-06	0.000000000000000e+00
2.399999999999999e-06	7.799999999999995e-06	0.000000000000000e+00
2.399999999999999e-06	7.999999999999995e-06	0.000000000000000e+00
2.399999999999999e-06	8.199999999999994e-06	0.000000000000000e+00
2.399999999999999e-06	8.399999999999994e-06	0.000000000000000e+00
2.399999999999999e-06	8.599999999999994e-06	0.000000000000000e+00
2.399999999999999e-06	8.799999999999994e-06	0.000000000000000e+00
2.399999999999999e-06	8.999999999999993e-06	0.000000000000000e+00
2.399999999999999e-06	9.199999999999993e-06	0.000000000000000e+00
2.399999999999999e-06	9.399999999999993e-06	0.000000000000000e+00
2.399999999999999e-06	9.599999999999993e-06	0.000000000000000e+00
2.399999999999999e-06	9.799999999999993e-06	0.000000000000000e+00
2.399999999999999e-06	9.999999999999999e-06	0.000000000000000e+00
2.449999999999999e-06	0.000000000000000e+00	0.000000000000000e+00
2.449999999999999e-06	2.000000000000000e-07	0.000000000000000e+00
2.449999999999999e-06	4.000000000000000e-07	0.000000000000000e+00
2.449999999999999e-06	6.000000000000000e-07	0.000000000000000e+00
2.449999999999999e-06	8.000000000000000e-07	0.000000000000000e+00
2.449999999999999e-06	1.000000000000000e-06	0.000000000000000e+00
2.449999999999999e-06	1.200000000000000e-06	0.000000000000000e+00
2.449999999999999e-06	1.400000000000000e-06	0.000000000000000e+00
2.449999999999999e-06	1.600000000000000e-06	0.000000000000000e+00
2.449999999999999e-06	1.800000000000000e-06	0.000000000000000e+00
2.449999999999999e-06	2.000000000000000e-06	0.000000000000000e+00
2.449999999999999e-06	2.200000000000000e-06	0.000000000000000e+00
2.449999999999999e-06	2.400000000000000e-06	0.000000000000000e+00
2.449999999999999e-06	2.600000000000000e-06	0.000000000000000e+00
2.449999999999999e-06	2.799999999999999e-06	0.000000000000000e+00
2.449999999999999e-06	2.999999999999999e-06	0.000000000000000e+00
2.449999999999999e-06	3.199999999999999e-06	0.000000000000000e+00
2.449999999999999e-06	3.399999999999999e-06	0.000000000000000e+00
2.449999999999999e-06	3.599999999999999e-06	0.000000000000000e+00
2.449999999999999e-06	3.799999999999998e-06	0.000000000000000e+00
2.449999999999999e-06	3.999999999999998e-06	0.000000000000000e+00
2.449999999999999e-06	4.199999999999998e-06	0.000000000000000e+00
2.449999999999999e-06	4.399999999999998e-06	0.000000000000000e+00
2.449999999999999e-06	4.599999999999997e-06	0.000000000000000e+00
2.449999999999999e-06	4.799999999999997e-06	0.000000000000000e+00
2.449999999999999e-06	4.999999999999997e-06	0.000000000000000e+00
2.449999999999999e-06	5.199999999999997e-06	0.000000000000000e+00
2.449999999999999e-06	5.399999999999997e-06	0.000000000000000e+00
2.449999999999999e-06	5.599999999999996e-06	0.000000000000000e+00
2.449999999999999e-06	5.799999999999996e-06	0.000000000000000e+00
2.449999999999999e-06	5.999999999999996e-06	0.000000000000000e+00
2.449999999999999e-06	6.199999999999996e-06	0.000000000000000e+00
2.449999999999999e-06	6.399999999999995e-06	0.000000000000000e+00
2.449999999999999e-06	6.599999999999995e-06	0.000000000000000e+00
2.449999999999999e-06	6.799999999999995e-06	0.000000000000000e+00
2.449999999999999e-06	6.999999999999995e-06	0.000000000000000e+00
2.449999999999999e-06	7.199999999999995e-06	0.000000000000000e+00
2.449999999999999e-06	7.399999999999994e-06	0.000000000000000e+00
2.449999999999999e-06	7.599999999999994e-06	0.000000000000000e+00
2.449999999999999e-06	7.799999999999995e-06	0.000000000000000e+00
2.449999999999999e-06	7.999999999999995e-06	0.000000000000000e+00
2.449999999999999e-06	8.199999999999994e-06	0.000000000000000e+00
2.449999999999999e-06	8.399999999999994e-06	0.000000000000000e+00
2.449999999999999e-06	8.599999999999994e-06	0.000000000000000e+00
2.449999999999999e-06	8.799999999999994e-06	0.000000000000000e+00
2.449999999999999e-06	8.999999999999993e-06	0.000000000000000e+00
2.449999999999999e-06	9.199999999999993e-06	0.000000000000000e+00
2.449999999999999e-06	9.399999999999993e-06	0.000000000000000e+00
2.449999999999999e-06	9.599999999999993e-06	0.000000000000000e+00
2.449999999999999e-06	9.799999999999993e-06	0.000000000000000e+00
2.449999999999999e-06	9.999999999999999e-06	0.000000000000000e+00
2.499999999999999e-06	0.000000000000000e+00	0.000000000000000e+00
2.499999999999999e-06	2.000000000000000e-07	0.000000000000000e+00
2.499999999999999e-06	4.000000000000000e-07	0.000000000000000e+00
2.499999999999999e-06	6.000000000000000e-07	0.000000000000000e+00
2.499999999999999e-06	8.000000000000000e-07	0.000000000000000e+00
2.499999999999999e-06	1.000000000000000e-06	0.000000000000000e+00
2.499999999999999e-06	1.200000000000000e-06	0.000000000000000e+00
2.499999999999999e-06	1.400000000000000e-06	0.000000000000000e+00
2.499999999999999e-06	1.600000000000000e-06	0.000000000000000e+00
2.499999999999999e-06	1.800000000000000e-06	0.000000000000000e+00
2.499999999999999e-06	2.000000000000000e-06	0.000000000000000e+00
2.499999999999999e-06	2.200000000000000e-06	0.000000000000000e+00
2.499999999999999e-06	2.400000000000000e-06	0.000000000000000e+00
2.499999999999999e-06	2.600000000000000e-06	0.000000000000000e+00
2.499999999999999e-06	2.799999999999999e-06	0.000000000000000e+00
2.499999999999999e-06	2.999999999999999e-06	0.000000000000000e+00
2.499999999999999e-06	3.199999999999999e-06	0.000000000000000e+00
2.499999999999999e-06	3.399999999999999e-06	0.000000000000000e+00
2.499999999999999e-06	3.599999999999999e-06	0.000000000000000e+00
2.499999999999999e-06	3.799999999999998e-06	0.000000000000000e+00
2.499999999999999e-06	3.999999999999998e-06	0.000000000000000e+00
2.499999999999999e-06	4.199999999999998e-06	0.000000000000000e+00
2.499999999999999e-06	4.399999999999998e-06	0.000000000000000e+00
2.499999999999999e-06	4.599999999999997e-06	0.000000000000000e+00
2.499999999999999e-06	4.799999999999997e-06	0.000000000000000e+00
2.499999999999999e-06	4.999999999999997e-06	0.000000000000000e+00
2.499999999999999e-06	5.199999999999997e-06	0.000000000000000e+00
2.499999999999999e-06	5.399999999999997e-06	0.000000000000000e+00
2.499999999999999e-06	5.599999999999996e-06	0.000000000000000e+00
2.499999999999999e-06	5.799999999999996e-06	0.000000000000000e+00
2.499999999999999e-06	5.999999999999996e-06	0.000000000000000e+00
2.499999999999999e-06	6.199999999999996e-06	0.000000000000000e+00
2.499999999999999e-06	6.399999999999995e-06	0.000000000000000e+00
2.499999999999999e-06	6.599999999999995e-06	0.000000000000000e+00
2.499999999999999e-06	6.799999999999995e-06	0.000000000000000e+00
2.499999999999999e-06	6.999999999999995e-06	0.000000000000000e+00
2.499999999999999e-06	7.199999999999995e-06	0.000000000000000e+00
2.499999999999999e-06	7.399999999999994e-06	0.000000000000000e+00
2.499999999999999e-06	7.599999999999994e-06	0.000000000000000e+00
2.499999999999999e-06	7.799999999999995e-06	0.000000000000000e+00
2.499999999999999e-06	7.999999999999995e-06	0.000000000000000e+00
2.499999999999999e-06	8.199999999999994e-06	0.000000000000000e+00
2.499999999999999e-06	8.399999999999994e-06	0.000000000000000e+00
2.499999999999999e-06	8.599999999999994e-06	0.000000000000000e+00
2.499999999999999e-06	8.799999999999994e-06	0.000000000000000e+00
2.499999999999999e-06	8.999999999999993e-06	0.000000000000000e+00
2.499999999999999e-06	9.199999999999993e-06	0.000000000000000e+00
2.499999999999999e-06	9.399999999999993e-06	0.000000000000000e+00
2.499999999999999e-06	9.599999999999993e-06	0.000000000000000e+00
2.499999999999999e-06	9.799999999999993e-06	0.000000000000000e+00
2.499999999999999e-06	9.999999999999999e-06	0.000000000000000e+00
2.549999999999999e-06	0.000000000000000e+00	0.000000000000000e+00
2.549999999999999e-06	2.000000000000000e-07	0.000000000000000e+00
2.549999999999999e-06	4.000000000000000e-07	0.000000000000000e+00
2.549999999999999e-06	6.000000000000000e-07	0.000000000000000e+00
2.549999999999999e-06	8.000000000000000e-07	0.000000000000000e+00
2.549999999999999e-06	1.000000000000000e-06	0.000000000000000e+00
2.549999999999999e-06	1.200000000000000e-06	0.000000000000000e+00
2.549999999999999e-06	1.400000000000000e-06	0.000000000000000e+00
2.549999999999999e-06	1.600000000000000e-06	0.000000000000000e+00
2.549999999999999e-06	1.800000000000000e-06	0.000000000000000e+00
2.549999999999999e-06	2.000000000000000e-06	0.000000000000000e+00
2.549999999999999e-06	2.200000000000000e-06	0.000000000000000e+00
2.549999999999999e-06	2.400000000000000e-06	0.000000000000000e+00
2.549999999999999e-06	2.600000000000000e-06	0.000000000000000e+00
2.549999999999999e-06	2.799999999999999e-06	0.000000000000000e+00
2.549999999999999e-06	2.999999999999999e-06	0.000000000000000e+00
2.549999999999999e-06	3.199999999999999e-06	0.000000000000000e+00
2.549999999999999e-06	3.399999999999999e-06	0.000000000000000e+00
2.549999999999999e-06	3.599999999999999e-06	0.000000000000000e+00
2.549999999999999e-06	3.799999999999998e-06	0.000000000000000e+00
2.549999999999999e-06	3.999999999999998e-06	0.000000000000000e+00
2.549999999999999e-06	4.199999999999998e-06	0.000000000000000e+00
2.549999999999999e-06	4.399999999999998e-06	0.000000000000000e+00
2.549999999999999e-06	4.599999999999997e-06	0.000000000000000e+00
2.549999999999999e-06	4.799999999999997e-06	0.000000000000000e+00
2.549999999999999e-06	4.999999999999997e-06	0.000000000000000e+00
2.549999999999999e-06	5.199999999999997e-06	0.000000000000000e+00
2.549999999999999e-06	5.399999999999997e-06	0.000000000000000e+00
2.549999999999999e-06	5.599999999999996e-06	0.000000000000000e+00
2.549999999999999e-06	5.799999999999996e-06	0.000000000000000e+00
2.549999999999999e-06	5.999999999999996e-06	0.000000000000000e+00
2.549999999999999e-06	6.199999999999996e-06	0.000000000000000e+00
2.549999999999999e-06	6.399999999999995e-06	0.000000000000000e+00
2.549999999999999e-06	6.599999999999995e-06	0.000000000000000e+00
2.549999999999999e-06	6.799999999999995e-06	0.000000000000000e+00
2.549999999999999e-06	6.999999999999995e-06	0.000000000000000e+00
2.549999999999999e-06	7.199999999999995e-06	0.000000000000000e+00
2.549999999999999e-06	7.399999999999994e-06	0.000000000000000e+00
2.549999999999999e-06	7.599999999999994e-06	0.000000000000000e+00
2.549999999999999e-06	7.799999999999995e-06	0.000000000000000e+00
2.549999999999999e-06	7.999999999999995e-06	0.000000000000000e+00
2.549999999999999e-06	8.199999999999994e-06	0.000000000000000e+00
2.549999999999999e-06	8.399999999999994e-06	0.000000000000000e+00
2.549999999999999e-06	8.599999999999994e-06	0.000000000000000e+00
2.549999999999999e-06	8.799999999999994e-06	0.000000000000000e+00
2.549999999999999e-06	8.999999999999993e-06	0.000000000000000e+00
2.549999999999999e-06	9.199999999999993e-06	0.000000000000000e+00
2.549999999999999e-06	9.399999999999993e-06	0.000000000000000e+00
2.549999999999999e-06	9.599999999999993e-06	0.000000000000000e+00
2.549999999999999e-06	9.799999999999993e-06	0.000000000000000e+00
2.549999999999999e-06	9.999999999999999e-06	0.000000000000000e+00
2.599999999999999e-06	0.000000000000000e+00	0.000000000000000e+00
2.599999999999999e-06	2.000000000000000e-07	0.000000000000000e+00
2.599999999999999e-06	4.000000000000000e-07	0.000000000000000e+00
2.599999999999999e-06	6.000000000000000e-07	0.000000000000000e+00
2.599999999999999e-06	8.000000000000000e-07	0.000000000000000e+00
2.599999999999999e-06	1.000000000000000e-06	0.000000000000000e+00
2.599999999999999e-06	1.200000000000000e-06	0.000000000000000e+00
2.599999999999999e-06	1.400000000000000e-06	0.000000000000000e+00
2.599999999999999e-06	1.600000000000000e-06	0.000000000000000e+00
2.599999999999999e-06	1.800000000000000e-06	0.000000000000000e+00
2.599999999999999e-06	2.000000000000000e-06	0.000000000000000e+00
2.599999999999999e-06	2.200000000000000e-06	0.000000000000000e+00
2.599999999999999e-06	2.400000000000000e-06	0.000000000000000e+00
2.599999999999999e-06	2.600000000000000e-06	0.000000000000000e+00
2.599999999999999e-06	2.799999999999999e-06	0.000000000000000e+00
2.599999999999999e-06	2.999999999999999e-06	0.000000000000000e+00
2.599999999999999e-06	3.199999999999999e-06	0.000000000000000e+00
2.599999999999999e-06	3.399999999999999e-06	0.000000000000000e+00
2.599999999999999e-06	3.599999999999999e-06	0.000000000000000e+00
2.599999999999999e-06	3.799999999999998e-06	0.000000000000000e+00
2.599999999999999e-06	3.999999999999998e-06	0.000000000000000e+00
2.599999999999999e-06	4.199999999999998e-06	0.000000000000000e+00
2.599999999999999e-06	4.399999999999998e-06	0.000000000000000e+00
2.599999999999999e-06	4.599999999999997e-06	0.000000000000000e+00
2.599999999999999e-06	4.799999999999997e-06	0.000000000000000e+00
2.599999999999999e-06	4.999999999999997e-06	0.000000000000000e+00
2.599999999999999e-06	5.199999999999997e-06	0.000000000000000e+00
2.599999999999999e-06	5.399999999999997e-06	0.000000000000000e+00
2.599999999999999e-06	5.599999999999996e-06	0.000000000000000e+00
2.599999999999999e-06	5.799999999999996e-06	0.000000000000000e+00
2.599999999999999e-06	5.999999999999996e-06	0.000000000000000e+00
2.599999999999999e-06	6.199999999999996e-06	0.000000000000000e+00
2.599999999999999e-06	6.399999999999995e-06	0.000000000000000e+00
2.599999999999999e-06	6.599999999999995e-06	0.000000000000000e+00
2.599999999999999e-06	6.799999999999995e-06	0.000000000000000e+00
2.599999999999999e-06	6.999999999999995e-06	0.000000000000000e+00
2.599999999999999e-06	7.199999999999995e-06	0.000000000000000e+00
2.599999999999999e-06	7.399999999999994e-06	0.000000000000000e+00
2.599999999999999e-06	7.599999999999994e-06	0.000000000000000e+00
2.599999999999999e-06	7.799999999999995e-06	0.000000000000000e+00
2.599999999999999e-06	7.999999999999995e-06	0.000000000000000e+00
2.599999999999999e-06	8.199999999999994e-06	0.000000000000000e+00
2.599999999999999e-06	8.399999999999994e-06	0.000000000000000e+00
2.599999999999999e-06	8.599999999999994e-06	0.000000000000000e+00
2.599999999999999e-06	8.799999999999994e-06	0.000000000000000e+00
2.599999999999999e-06	8.999999999999993e-06	0.000000000000000e+00
2.599999999999999e-06	9.199999999999993e-06	0.000000000000000e+00
2.599999999999999e-06	9.399999999999993e-06	0.000000000000000e+00
2.599999999999999e-06	9.599999999999993e-06	0.000000000000000e+00
2.599999999999999e-06	9.799999999999993e-06	0.000000000000000e+00
2.599999999999999e-06	9.999999999999999e-06	0.000000000000000e+00
2.649999999999999e-06	0.000000000000000e+00	0.000000000000000e+00
2.649999999999999e-06	2.000000000000000e-07	0.000000000000000e+00
2.649999999999999e-06	4.000000000000000e-07	0.000000000000000e+00
2.649999999999999e-06	6.000000000000000e-07	0.000000000000000e+00
2.649999999999999e-06	8.000000000000000e-07	0.000000000000000e+00
2.649999999999999e-06	1.000000000000000e-06	0.000000000000000e+00
2.649999999999999e-06	1.200000000000000e-06	0.000000000000000e+00
2.649999999999999e-06	1.400000000000000e-06	0.000000000000000e+00
2.649999999999999e-06	1.600000000000000e-06	0.000000000000000e+00
2.649999999999999e-06	1.800000000000000e-06	0.000000000000000e+00
2.649999999999999e-06	2.000000000000000e-06	0.000000000000000e+00
2.649999999999999e-06	2.200000000000000e-06	0.000000000000000e+00
2.649999999999999e-06	2.400000000000000e-06	0.000000000000000e+00
2.649999999999999e-06	2.600000000000000e-06	0.000000000000000e+00
2.649999999999999e-06	2.799999999999999e-06	0.000000000000000e+00
2.649999999999999e-06	2.999999999999999e-06	0.000000000000000e+00
2.649999999999999e-06	3.199999999999999e-06	0.000000000000000e+00
2.649999999999999e-06	3.399999999999999e-06	0.000000000000000e+00
2.649999999999999e-06	3.599999999999999e-06	0.000000000000000e+00
2.649999999999999e-06	3.799999999999998e-06	0.000000000000000e+00
2.649999999999999e-06	3.999999999999998e-06	0.000000000000000e+00
2.649999999999999e-06	4.199999999999998e-06	0.000000000000000e+00
2.649999999999999e-06	4.399999999999998e-06	0.000000000000000e+00
2.649999999999999e-06	4.599999999999997e-06	0.000000000000000e+00
2.649999999999999e-06	4.799999999999997e-06	0.000000000000000e+00
2.649999999999999e-06	4.999999999999997e-06	0.000000000000000e+00
2.649999999999999e-06	5.199999999999997e-06	0.000000000000000e+00
2.649999999999999e-06	5.399999999999997e-06	0.000000000000000e+00
2.649999999999999e-06	5.599999999999996e-06	0.000000000000000e+00
2.649999999999999e-06	5.799999999999996e-06	0.000000000000000e+00
2.649999999999999e-06	5.999999999999996e-06	0.000000000000000e+00
2.649999999999999e-06	6.199999999999996e-06	0.000000000000000e+00
2.649999999999999e-06	6.399999999999995e-06	0.000000000000000e+00
2.649999999999999e-06	6.599999999999995e-06	0.000000000000000e+00
2.649999999999999e-06	6.799999999999995e-06	0.000000000000000e+00
2.649999999999999e-06	6.999999999999995e-06	0.000000000000000e+00
2.649999999999999e-06	7.199999999999995e-06	0.000000000000000e+00
2.649999999999999e-06	7.399999999999994e-06	0.000000000000000e+00
2.649999999999999e-06	7.599999999999994e-06	0.000000000000000e+00
2.649999999999999e-06	7.799999999999995e-06	0.000000000000000e+00
2.649999999999999e-06	7.999999999999995e-06	0.000000000000000e+00
2.649999999999999e-06	8.199999999999994e-06	0.000000000000000e+00
2.649999999999999e-06	8.399999999999994e-06	0.000000000000000e+00
2.649999999999999e-06	8.599999999999994e-06	0.000000000000000e+00
2.649999999999999e-06	8.799999999999994e-06	0.000000000000000e+00
2.649999999999999e-06	8.999999999999993e-06	0.000000000000000e+00
2.649999999999999e-06	9.199999999999993e-06	0.000000000000000e+00
2.649999999999999e-06	9.399999999999993e-06	0.000000000000000e+00
2.649999999999999e-06	9.599999999999993e-06	0.000000000000000e+00
2.649999999999999e-06	9.799999999999993e-06	0.000000000000000e+00
2.649999999999999e-06	9.999999999999999e-06	0.000000000000000e+00
2.699999999999999e-06	0.000000000000000e+00	0.000000000000000e+00
2.699999999999999e-06	2.000000000000000e-07	0.000000000000000e+00
2.699999999999999e-06	4.000000000000000e-07	0.000000000000000e+00
2.699999999999999e-06	6.000000000000000e-07	0.000000000000000e+00
2.699999999999999e-06	8.000000000000000e-07	0.000000000000000e+00
2.699999999999999e-06	1.000000000000000e-06	0.000000000000000e+00
2.699999999999999e-06	1.200000000000000e-06	0.000000000000000e+00
2.699999999999999e-06	1.400000000000000e-06	0.000000000000000e+00
2.699999999999999e-06	1.600000000000000e-06	0.000000000000000e+00
2.699999999999999e-06	1.800000000000000e-06	0.000000000000000e+00
2.699999999999999e-06	2.000000000000000e-06	0.000000000000000e+00
2.699999999999999e-06	2.200000000000000e-06	0.000000000000000e+00
2.699999999999999e-06	2.400000000000000e-06	0.000000000000000e+00
2.699999999999999e-06	2.600000000000000e-06	0.000000000000000e+00
2.699999999999999e-06	2.799999999999999e-06	0.000000000000000e+00
2.699999999999999e-06	2.999999999999999e-06	0.000000000000000e+00
2.699999999999999e-06	3.199999999999999e-06	0.000000000000000e+00
2.699999999999999e-06	3.399999999999999e-06	0.000000000000000e+00
2.699999999999999e-06	3.599999999999999e-06	0.000000000000000e+00
2.699999999999999e-06	3.799999999999998e-06	0.000000000000000e+00
2.699999999999999e-06	3.999999999999998e-06	0.000000000000000e+00
2.699999999999999e-06	4.199999999999998e-06	0.000000000000000e+00
2.699999999999999e-06	4.399999999999998e-06	0.000000000000000e+00
2.699999999999999e-06	4.599999999999997e-06	0.000000000000000e+00
2.699999999999999e-06	4.799999999999997e-06	0.000000000000000e+00
2.699999999999999e-06	4.999999999999997e-06	0.000000000000000e+00
2.699999999999999e-06	5.199999999999997e-06	0.000000000000000e+00
2.699999999999999e-06	5.399999999999997e-06	0.000000000000000e+00
2.699999999999999e-06	5.599999999999996e-06	0.000000000000000e+00
2.699999999999999e-06	5.799999999999996e-06	0.000000000000000e+00
2.699999999999999e-06	5.999999999999996e-06	0.000000000000000e+00
2.699999999999999e-06	6.199999999999996e-06	0.000000000000000e+00
2.699999999999999e-06	6.399999999999995e-06	0.000000000000000e+00
2.699999999999999e-06	6.599999999999995e-06	0.000000000000000e+00
2.699999999999999e-06	6.799999999999995e-06	0.000000000000000e+00
2.699999999999999e-06	6.999999999999995e-06	0.000000000000000e+00
2.699999999999999e-06	7.199999999999995e-06	0.000000000000000e+00
2.699999999999999e-06	7.399999999999994e-06	0.000000000000000e+00
2.699999999999999e-06	7.599999999999994e-06	0.000000000000000e+00
2.699999999999999e-06	7.799999999999995e-06	0.000000000000000e+00
2.699999999999999e-06	7.999999999999995e-06	0.000000000000000e+00
2.699999999999999e-06	8.199999999999994e-06	0.000000000000000e+00
2.699999999999999e-06	8.399999999999994e-06	0.000000000000000e+00
2.699999999999999e-06	8.599999999999994e-06	0.000000000000000e+00
2.699999999999999e-06	8.799999999999994e-06	0.000000000000000e+00
2.699999999999999e-06	8.999999999999993e-06	0.000000000000000e+00
2.699999999999999e-06	9.199999999999993e-06	0.000000000000000e+00
2.699999999999999e-06	9.399999999999993e-06	0.000000000000000e+00
2.699999999999999e-06	9.599999999999993e-06	0.000000000000000e+00
2.699999999999999e-06	9.799999999999993e-06	0.000000000000000e+00
2.699999999999999e-06	9.999999999999999e-06	0.000000000000000e+00
2.749999999999999e-06	0.000000000000000e+00	0.000000000000000e+00
2.749999999999999e-06	2.000000000000000e-07	0.000000000000000e+00
2.749999999999999e-06	4.000000000000000e-07	0.000000000000000e+00
2.749999999999999e-06	6.000000000000000e-07	0.000000000000000e+00
2.749999999999999e-06	8.000000000000000e-07	0.000000000000000e+00
2.749999999999999e-06	1.000000000000000e-06	0.000000000000000e+00
2.749999999999999e-06	1.200000000000000e-06	0.000000000000000e+00
2.749999999999999e-06	1.400000000000000e-06	0.000000000000000e+00
2.749999999999999e-06	1.600000000000000e-06	0.000000000000000e+00
2.749999999999999e-06	1.800000000000000e-06	0.000000000000000e+00
2.749999999999999e-06	2.000000000000000e-06	0.000000000000000e+00
2.749999999999999e-06	2.200000000000000e-06	0.000000000000000e+00
2.749999999999999e-06	2.400000000000000e-06	0.000000000000000e+00
2.749999999999999e-06	2.600000000000000e-06	0.000000000000000e+00
2.749999999999999e-06	2.799999999999999e-06	0.000000000000000e+00
2.749999999999999e-06	2.999999999999999e-06	0.000000000000000e+00
2.749999999999999e-06	3.199999999999999e-06	0.000000000000000e+00
2.749999999999999e-06	3.399999999999999e-06	0.000000000000000e+00
2.749999999999999e-06	3.599999999999999e-06	0.000000000000000e+00
2.749999999999999e-06	3.799999999999998e-06	0.000000000000000e+00
2.749999999999999e-06	3.999999999999998e-06	0.000000000000000e+00
2.749999999999999e-06	4.199999999999998e-06	0.000000000000000e+00
2.749999999999999e-06	4.399999999999998e-06	0.000000000000000e+00
2.749999999999999e-06	4.599999999999997e-06	0.000000000000000e+00
2.749999999999999e-06	4.799999999999997e-06	0.000000000000000e+00
2.749999999999999e-06	4.999999999999997e-06	0.000000000000000e+00
2.749999999999999e-06	5.199999999999997e-06	0.000000000000000e+00
2.749999999999999e-06	5.399999999999997e-06	0.000000000000000e+00
2.749999999999999e-06	5.599999999999996e-06	0.000000000000000e+00
2.749999999999999e-06	5.799999999999996e-06	0.000000000000000e+00
2.749999999999999e-06	5.999999999999996e-06	0.000000000000000e+00
2.749999999999999e-06	6.199999999999996e-06	0.000000000000000e+00
2.749999999999999e-06	6.399999999999995e-06	0.000000000000000e+00
2.749999999999999e-06	6.599999999999995e-06	0.000000000000000e+00
2.749999999999999e-06	6.799999999999995e-06	0.000000000000000e+00
2.749999999999999e-06	6.999999999999995e-06	0.000000000000000e+00
2.749999999999999e-06	7.199999999999995e-06	0.000000000000000e+00
2.749999999999999e-06	7.399999999999994e-06	0.000000000000000e+00
2.749999999999999e-06	7.599999999999994e-06	0.000000000000000e+00
2.749999999999999e-06	7.799999999999995e-06	0.000000000000000e+00
2.749999999999999e-06	7.999999999999995e-06	0.000000000000000e+00
2.749999999999999e-06	8.199999999999994e-06	0.000000000000000e+00
2.749999999999999e-06	8.399999999999994e-06	0.000000000000000e+00
2.749999999999999e-06	8.599999999999994e-06	0.000000000000000e+00
2.749999999999999e-06	8.799999999999994e-06	0.000000000000000e+00
2.749999999999999e-06	8.999999999999993e-06	0.000000000000000e+00
2.749999999999999e-06	9.199999999999993e-06	0.000000000000000e+00
2.749999999999999e-06	9.399999999999993e-06	0.000000000000000e+00
2.749999999999999e-06	9.599999999999993e-06	0.000000000000000e+00
2.749999999999999e-06	9.799999999999993e-06	0.000000000000000e+00
2.749999999999999e-06	9.999999999999999e-06	0.000000000000000e+00
2.799999999999999e-06	0.000000000000000e+00	0.000000000000000e+00
2.799999999999999e-06	2.000000000000000e-07	0.000000000000000e+00
2.799999999999999e-06	4.000000000000000e-07	0.000000000000000e+00
2.799999999999999e-06	6.000000000000000e-07	0.000000000000000e+00
2.799999999999999e-06	8.000000000000000e-07	0.000000000000000e+00
2.799999999999999e-06	1.000000000000000e-06	0.000000000000000e+00
2.799999999999999e-06	1.200000000000000e-06	0.000000000000000e+00
2.799999999999999e-06	1.400000000000000e-06	0.000000000000000e+00
2.799999999999999e-06	1.600000000000000e-06	0.000000000000000e+00
2.799999999999999e-06	1.800000000000000e-06	0.000000000000000e+00
2.799999999999999e-06	2.000000000000000e-06	0.000000000000000e+00
2.799999999999999e-06	2.200000000000000e-06	0.000000000000000e+00
2.799999999999999e-06	2.400000000000000e-06	0.000000000000000e+00
2.799999999999999e-06	2.600000000000000e-06	0.000000000000000e+00
2.799999999999999e-06	2.799999999999999e-06	0.000000000000000e+00
2.799999999999999e-06	2.999999999999999e-06	0.000000000000000e+00
2.799999999999999e-06	3.199999999999999e-06	0.000000000000000e+00
2.799999999999999e-06	3.399999999999999e-06	0.000000000000000e+00
2.799999999999999e-06	3.599999999999999e-06	0.000000000000000e+00
2.799999999999999e-06	3.799999999999998e-06	0.000000000000000e+00
2.799999999999999e-06	3.999999999999998e-06	0.000000000000000e+00
2.799999999999999e-06	4.199999999999998e-06	0.000000000000000e+00
2.799999999999999e-06	4.399999999999998e-06	0.000000000000000e+00
2.799999999999999e-06	4.599999999999997e-06	0.000000000000000e+00
2.799999999999999e-06	4.799999999999997e-06	0.000000000000000e+00
2.799999999999999e-06	4.999999999999997e-06	0.000000000000000e+00
2.799999999999999e-06	5.199999999999997e-06	0.000000000000000e+00
2.799999999999999e-06	5.399999999999997e-06	0.000000000000000e+00
2.799999999999999e-06	5.599999999999996e-06	0.000000000000000e+00
2.799999999999999e-06	5.799999999999996e-06	0.000000000000000e+00
2.799999999999999e-06	5.999999999999996e-06	0.000000000000000e+00
2.799999999999999e-06	6.199999999999996e-06	0.000000000000000e+00
2.799999999999999e-06	6.399999999999995e-06	0.000000000000000e+00
2.799999999999999e-06	6.599999999999995e-06	0.000000000000000e+00
2.799999999999999e-06	6.799999999999995e-06	0.000000000000000e+00
2.799999999999999e-06	6.999999999999995e-06	0.000000000000000e+00
2.799999999999999e-06	7.199999999999995e-06	0.000000000000000e+00
2.799999999999999e-06	7.399999999999994e-06	0.000000000000000e+00
2.799999999999999e-06	7.599999999999994e-06	0.000000000000000e+00
2.799999999999999e-06	7.799999999999995e-06	0.000000000000000e+00
2.799999999999999e-06	7.999999999999995e-06	0.000000000000000e+00
2.799999999999999e-06	8.199999999999994e-06	0.000000000000000e+00
2.799999999999999e-06	8.399999999999994e-06	0.000000000000000e+00
2.799999999999999e-06	8.599999999999994e-06	0.000000000000000e+00
2.799999999999999e-06	8.799999999999994e-06	0.000000000000000e+00
2.799999999999999e-06	8.999999999999993e-06	0.000000000000000e+00
2.799999999999999e-06	9.199999999999993e-06	0.000000000000000e+00
2.799999999999999e-06	9.399999999999993e-06	0.000000000000000e+00
2.799999999999999e-06	9.599999999999993e-06	0.000000000000000e+00
2.799999999999999e-06	9.799999999999993e-06	0.000000000000000e+00
2.799999999999999e-06	9.999999999999999e-06	0.000000000000000e+00
2.849999999999999e-06	0.000000000000000e+00	0.000000000000000e+00
2.849999999999999e-06	2.000000000000000e-07	0.000000000000000e+00
2.849999999999999e-06	4.000000000000000e-07	0.000000000000000e+00
2.849999999999999e-06	6.000000000000000e-07	0.000000000000000e+00
2.849999999999999e-06	8.000000000000000e-07	0.000000000000000e+00
2.849999999999999e-06	1.000000000000000e-06	0.000000000000000e+00
2.849999999999999e-06	1.200000000000000e-06	0.000000000000000e+00
2.849999999999999e-06	1.400000000000000e-06	0.000000000000000e+00
2.849999999999999e-06	1.600000000000000e-06	0.000000000000000e+00
2.849999999999999e-06	1.800000000000000e-06	0.000000000000000e+00
2.849999999999999e-06	2.000000000000000e-06	0.000000000000000e+00
2.849999999999999e-06	2.200000000000000e-06	0.000000000000000e+00
2.849999999999999e-06	2.400000000000000e-06	0.000000000000000e+00
2.849999999999999e-06	2.600000000000000e-06	0.000000000000000e+00
2.849999999999999e-06	2.799999999999999e-06	0.000000000000000e+00
2.849999999999999e-06	2.999999999999999e-06	0.000000000000000e+00
2.849999999999999e-06	3.199999999999999e-06	0.000000000000000e+00
2.849999999999999e-06	3.399999999999999e-06	0.000000000000000e+00
2.849999999999999e-06	3.599999999999999e-06	0.000000000000000e+00
2.849999999999999e-06	3.799999999999998e-06	0.000000000000000e+00
2.849999999999999e-06	3.999999999999998e-06	0.000000000000000e+00
2.849999999999999e-06	4.199999999999998e-06	0.000000000000000e+00
2.849999999999999e-06	4.399999999999998e-06	0.000000000000000e+00
2.849999999999999e-06	4.599999999999997e-06	0.000000000000000e+00
2.849999999999999e-06	4.799999999999997e-06	0.000000000000000e+00
2.849999999999999e-06	4.999999999999997e-06	0.000000000000000e+00
2.849999999999999e-06	5.199999999999997e-06	0.000000000000000e+00
2.849999999999999e-06	5.399999999999997e-06	0.000000000000000e+00
2.849999999999999e-06	5.599999999999996e-06	0.000000000000000e+00
2.849999999999999e-06	5.799999999999996e-06	0.000000000000000e+00
2.849999999999999e-06	5.999999999999996e-06	0.000000000000000e+00
2.849999999999999e-06	6.199999999999996e-06	0.000000000000000e+00
2.849999999999999e-06	6.399999999999995e-06	0.000000000000000e+00
2.849999999999999e-06	6.599999999999995e-06	0.000000000000000e+00
2.849999999999999e-06	6.799999999999995e-06	0.000000000000000e+00
2.849999999999999e-06	6.999999999999995e-06	0.000000000000000e+00
2.849999999999999e-06	7.199999999999995e-06	0.000000000000000e+00
2.849999999999999e-06	7.399999999999994e-06	0.000000000000000e+00
2.849999999999999e-06	7.599999999999994e-06	0.000000000000000e+00
2.849999999999999e-06	7.799999999999995e-06	0.000000000000000e+00
2.849999999999999e-06	7.999999999999995e-06	0.000000000000000e+00
2.849999999999999e-06	8.199999999999994e-06	0.000000000000000e+00
2.849999999999999e-06	8.399999999999994e-06	0.000000000000000e+00
2.849999999999999e-06	8.599999999999994e-06	0.000000000000000e+00
2.849999999999999e-06	8.799999999999994e-06	0.000000000000000e+00
2.849999999999999e-06	8.999999999999993e-06	0.000000000000000e+00
2.849999999999999e-06	9.199999999999993e-06	0.000000000000000e+00
2.849999999999999e-06	9.399999999999993e-06	0.000000000000000e+00
2.849999999999999e-06	9.599999999999993e-06	0.000000000000000e+00
2.849999999999999e-06	9.799999999999993e-06	0.000000000000000e+00
2.849999999999999e-06	9.999999999999999e-06	0.000000000000000e+00
2.899999999999999e-06	0.000000000000000e+00	0.000000000000000e+00
2.899999999999999e-06	2.000000000000000e-07	0.000000000000000e+00
2.899999999999999e-06	4.000000000000000e-07	0.000000000000000e+00
2.899999999999999e-06	6.000000000000000e-07	0.000000000000000e+00
2.899999999999999e-06	8.000000000000000e-07	0.000000000000000e+00
2.899999999999999e-06	1.000000000000000e-06	0.000000000000000e+00
2.899999999999999e-06	1.200000000000000e-06	0.000000000000000e+00
2.899999999999999e-06	1.400000000000000e-06	0.000000000000000e+00
2.899999999999999e-06	1.600000000000000e-06	0.000000000000000e+00
2.899999999999999e-06	1.800000000000000e-06	0.000000000000000e+00
2.899999999999999e-06	2.000000000000000e-06	0.000000000000000e+00
2.899999999999999e-06	2.200000000000000e-06	0.000000000000000e+00
2.899999999999999e-06	2.400000000000000e-06	0.000000000000000e+00
2.899999999999999e-06	2.600000000000000e-06	0.000000000000000e+00
2.899999999999999e-06	2.799999999999999e-06	0.000000000000000e+00
2.899999999999999e-06	2.999999999999999e-06	0.000000000000000e+00
2.899999999999999e-06	3.199999999999999e-06	0.000000000000000e+00
2.899999999999999e-06	3.399999999999999e-06	0.000000000000000e+00
2.899999999999999e-06	3.599999999999999e-06	0.000000000000000e+00
2.899999999999999e-06	3.799999999999998e-06	0.000000000000000e+00
2.899999999999999e-06	3.999999999999998e-06	0.000000000000000e+00
2.899999999999999e-06	4.199999999999998e-06	0.000000000000000e+00
2.899999999999999e-06	4.399999999999998e-06	0.000000000000000e+00
2.899999999999999e-06	4.599999999999997e-06	0.000000000000000e+00
2.899999999999999e-06	4.799999999999997e-06	0.000000000000000e+00
2.899999999999999e-06	4.999999999999997e-06	0.000000000000000e+00
2.899999999999999e-06	5.199999999999997e-06	0.000000000000000e+00
2.899999999999999e-06	5.399999999999997e-06	0.000000000000000e+00
2.899999999999999e-06	5.599999999999996e-06	0.000000000000000e+00
2.899999999999999e-06	5.799999999999996e-06	0.000000000000000e+00
2.899999999999999e-06	5.999999999999996e-06	0.000000000000000e+00
2.899999999999999e-06	6.199999999999996e-06	0.000000000000000e+00
2.899999999999999e-06	6.399999999999995e-06	0.000000000000000e+00
2.899999999999999e-06	6.599999999999995e-06	0.000000000000000e+00
2.899999999999999e-06	6.799999999999995e-06	0.000000000000000e+00
2.899999999999999e-06	6.999999999999995e-06	0.000000000000000e+00
2.899999999999999e-06	7.199999999999995e-06	0.000000000000000e+00
2.899999999999999e-06	7.399999999999994e-06	0.000000000000000e+00
2.899999999999999e-06	7.599999999999994e-06	0.000000000000000e+00
2.899999999999999e-06	7.799999999999995e-06	0.000000000000000e+00
2.899999999999999e-06	7.999999999999995e-06	0.000000000000000e+00
2.899999999999999e-06	8.199999999999994e-06	0.000000000000000e+00
2.899999999999999e-06	8.399999999999994e-06	0.000000000000000e+00
2.899999999999999e-06	8.599999999999994e-06	0.000000000000000e+00
2.899999999999999e-06	8.799999999999994e-06	0.000000000000000e+00
2.899999999999999e-06	8.999999999999993e-06	0.000000000000000e+00
2.899999999999999e-06	9.199999999999993e-06	0.000000000000000e+00
2.899999999999999e-06	9.399999999999993e-06	0.000000000000000e+00
2.899999999999999e-06	9.599999999999993e-06	0.000000000000000e+00
2.899999999999999e-06	9.799999999999993e-06	0.000000000000000e+00
2.899999999999999e-06	9.999999999999999e-06	0.000000000000000e+00
2.949999999999999e-06	0.000000000000000e+00	0.000000000000000e+00
2.949999999999999e-06	2.000000000000000e-07	0.000000000000000e+00
2.949999999999999e-06	4.000000000000000e-07	0.000000000000000e+00
2.949999999999999e-06	6.000000000000000e-07	0.000000000000000e+00
2.949999999999999e-06	8.000000000000000e-07	0.000000000000000e+00
2.949999999999999e-06	1.000000000000000e-06	0.000000000000000e+00
2.949999999999999e-06	1.200000000000000e-06	0.000000000000000e+00
2.949999999999999e-06	1.400000000000000e-06	0.000000000000000e+00
2.949999999999999e-06	1.600000000000000e-06	0.000000000000000e+00
2.949999999999999e-06	1.800000000000000e-06	0.000000000000000e+00
2.949999999999999e-06	2.000000000000000e-06	0.000000000000000e+00
2.949999999999999e-06	2.200000000000000e-06	0.000000000000000e+00
2.949999999999999e-06	2.400000000000000e-06	0.000000000000000e+00
2.949999999999999e-06	2.600000000000000e-06	0.000000000000000e+00
2.949999999999999e-06	2.799999999999999e-06	0.000000000000000e+00
2.949999999999999e-06	2.999999999999999e-06	0.000000000000000e+00
2.949999999999999e-06	3.199999999999999e-06	0.000000000000000e+00
2.949999999999999e-06	3.399999999999999e-06	0.000000000000000e+00
2.949999999999999e-06	3.599999999999999e-06	0.000000000000000e+00
2.949999999999999e-06	3.799999999999998e-06	0.000000000000000e+00
2.949999999999999e-06	3.999999999999998e-06	0.000000000000000e+00
2.949999999999999e-06	4.199999999999998e-06	0.000000000000000e+00
2.949999999999999e-06	4.399999999999998e-06	0.000000000000000e+00
2.949999999999999e-06	4.599999999999997e-06	0.000000000000000e+00
2.949999999999999e-06	4.799999999999997e-06	0.000000000000000e+00
2.949999999999999e-06	4.999999999999997e-06	0.000000000000000e+00
2.949999999999999e-06	5.199999999999997e-06	0.000000000000000e+00
2.949999999999999e-06	5.399999999999997e-06	0.000000000000000e+00
2.949999999999999e-06	5.599999999999996e-06	0.000000000000000e+00
2.949999999999999e-06	5.799999999999996e-06	0.000000000000000e+00
2.949999999999999e-06	5.999999999999996e-06	0.000000000000000e+00
2.949999999999999e-06	6.199999999999996e-06	0.000000000000000e+00
2.949999999999999e-06	6.399999999999995e-06	0.000000000000000e+00
2.949999999999999e-06	6.599999999999995e-06	0.000000000000000e+00
2.949999999999999e-06	6.799999999999995e-06	0.000000000000000e+00
2.949999999999999e-06	6.999999999999995e-06	0.000000000000000e+00
2.949999999999999e-06	7.199999999999995e-06	0.000000000000000e+00
2.949999999999999e-06	7.399999999999994e-06	0.000000000000000e+00
2.949999999999999e-06	7.599999999999994e-06	0.000000000000000e+00
2.949999999999999e-06	7.799999999999995e-06	0.000000000000000e+00
2.949999999999999e-06	7.999999999999995e-06	0.000000000000000e+00
2.949999999999999e-06	8.199999999999994e-06	0.000000000000000e+00
2.949999999999999e-06	8.399999999999994e-06	0.000000000000000e+00
2.949999999999999e-06	8.599999999999994e-06	0.000000000000000e+00
2.949999999999999e-06	8.799999999999994e-06	0.000000000000000e+00
2.949999999999999e-06	8.999999999999993e-06	0.000000000000000e+00
2.949999999999999e-06	9.199999999999993e-06	0.000000000000000e+00
2.949999999999999e-06	9.399999999999993e-06	0.000000000000000e+00
2.949999999999999e-06	9.599999999999993e-06	0.000000000000000e+00
2.949999999999999e-06	9.799999999999993e-06	0.000000000000000e+00
2.949999999999999e-06	9.999999999999999e-06	0.000000000000000e+00
2.999999999999999e-06	0.000000000000000e+00	0.000000000000000e+00
2.999999999999999e-06	2.000000000000000e-07	0.000000000000000e+00
2.999999999999999e-06	4.000000000000000e-07	0.000000000000000e+00
2.999999999999999e-06	6.000000000000000e-07	0.000000000000000e+00
2.999999999999999e-06	8.000000000000000e-07	0.000000000000000e+00
2.999999999999999e-06	1.000000000000000e-06	0.000000000000000e+00
2.999999999999999e-06	1.200000000000000e-06	0.000000000000000e+00
2.999999999999999e-06	1.400000000000000e-06	0.000000000000000e+00
2.999999999999999e-06	1.600000000000000e-06	0.000000000000000e+00
2.999999999999999e-06	1.800000000000000e-06	0.000000000000000e+00
2.999999999999999e-06	2.000000000000000e-06	0.000000000000000e+00
2.999999999999999e-06	2.200000000000000e-06	0.000000000000000e+00
2.999999999999999e-06	2.400000000000000e-06	0.000000000000000e+00
2.999999999999999e-06	2.600000000000000e-06	0.000000000000000e+00
2.999999999999999e-06	2.799999999999999e-06	0.000000000000000e+00
2.999999999999999e-06	2.999999999999999e-06	0.000000000000000e+00
2.999999999999999e-06	3.199999999999999e-06	0.000000000000000e+00
2.999999999999999e-06	3.399999999999999e-06	0.000000000000000e+00
2.999999999999999e-06	3.599999999999999e-06	0.000000000000000e+00
2.999999999999999e-06	3.799999999999998e-06	0.000000000000000e+00
2.999999999999999e-06	3.999999999999998e-06	0.000000000000000e+00
2.999999999999999e-06	4.199999999999998e-06	0.000000000000000e+00
2.999999999999999e-06	4.399999999999998e-06	0.000000000000000e+00
2.999999999999999e-06	4.599999999999997e-06	0.000000000000000e+00
2.999999999999999e-06	4.799999999999997e-06	0.000000000000000e+00
2.999999999999999e-06	4.999999999999997e-06	0.000000000000000e+00
2.999999999999999e-06	5.199999999999997e-06	0.000000000000000e+00
2.999999999999999e-06	5.399999999999997e-06	0.000000000000000e+00
2.999999999999999e-06	5.599999999999996e-06	0.000000000000000e+00
2.999999999999999e-06	5.799999999999996e-06	0.000000000000000e+00
2.999999999999999e-06	5.999999999999996e-06	0.000000000000000e+00
2.999999999999999e-06	6.199999999999996e-06	0.000000000000000e+00
2.999999999999999e-06	6.399999999999995e-06	0.000000000000000e+00
2.999999999999999e-06	6.599999999999995e-06	0.000000000000000e+00
2.999999999999999e-06	6.799999999999995e-06	0.000000000000000e+00
2.999999999999999e-06	6.999999999999995e-06	0.000000000000000e+00
2.999999999999999e-06	7.199999999999995e-06	0.000000000000000e+00
2.999999999999999e-06	7.399999999999994e-06	0.000000000000000e+00
2.999999999999999e-06	7.599999999999994e-06	0.000000000000000e+00
2.999999999999999e-06	7.799999999999995e-06	0.000000000000000e+00
2.999999999999999e-06	7.999999999999995e-06	0.000000000000000e+00
2.999999999999999e-06	8.199999999999994e-06	0.000000000000000e+00
2.999999999999999e-06	8.399999999999994e-06	0.000000000000000e+00
2.999999999999999e-06	8.599999999999994e-06	0.000000000000000e+00
2.999999999999999e-06	8.799999999999994e-06	0.000000000000000e+00
2.999999999999999e-06	8.999999999999993e-06	0.000000000000000e+00
2.999999999999999e-06	9.199999999999993e-06	0.000000000000000e+00
2.999999999999999e-06	9.399999999999993e-06	0.000000000000000e+00
2.999999999999999e-06	9.599999999999993e-06	0.000000000000000e+00
2.999999999999999e-06	9.799999999999993e-06	0.000000000000000e+00
2.999999999999999e-06	9.999999999999999e-06	0.000000000000000e+00
3.049999999999999e-06	0.000000000000000e+00	0.000000000000000e+00
3.049999999999999e-06	2.000000000000000e-07	0.000000000000000e+00
3.049999999999999e-06	4.000000000000000e-07	0.000000000000000e+00
3.049999999999999e-06	6.000000000000000e-07	0.000000000000000e+00
3.049999999999999e-06	8.000000000000000e-07	0.000000000000000e+00
3.049999999999999e-06	1.000000000000000e-06	0.000000000000000e+00
3.049999999999999e-06	1.200000000000000e-06	0.000000000000000e+00
3.049999999999999e-06	1.400000000000000e-06	0.000000000000000e+00
3.049999999999999e-06	1.600000000000000e-06	0.000000000000000e+00
3.049999999999999e-06	1.800000000000000e-06	0.000000000000000e+00
3.049999999999999e-06	2.000000000000000e-06	0.000000000000000e+00
3.049999999999999e-06	2.200000000000000e-06	0.000000000000000e+00
3.049999999999999e-06	2.400000000000000e-06	0.000000000000000e+00
3.049999999999999e-06	2.600000000000000e-06	0.000000000000000e+00
3.049999999999999e-06	2.799999999999999e-06	0.000000000000000e+00
3.049999999999999e-06	2.999999999999999e-06	0.000000000000000e+00
3.049999999999999e-06	3.199999999999999e-06	0.000000000000000e+00
3.049999999999999e-06	3.399999999999999e-06	0.000000000000000e+00
3.049999999999999e-06	3.599999999999999e-06	0.000000000000000e+00
3.049999999999999e-06	3.799999999999998e-06	0.000000000000000e+00
3.049999999999999e-06	3.999999999999998e-06	0.000000000000000e+00
3.049999999999999e-06	4.199999999999998e-06	0.000000000000000e+00
3.049999999999999e-06	4.399999999999998e-06	0.000000000000000e+00
3.049999999999999e-06	4.599999999999997e-06	0.000000000000000e+00
3.049999999999999e-06	4.799999999999997e-06	0.000000000000000e+00
3.049999999999999e-06	4.999999999999997e-06	0.000000000000000e+00
3.049999999999999e-06	5.199999999999997e-06	0.000000000000000e+00
3.049999999999999e-06	5.399999999999997e-06	0.000000000000000e+00
3.049999999999999e-06	5.599999999999996e-06	0.000000000000000e+00
3.049999999999999e-06	5.799999999999996e-06	0.000000000000000e+00
3.049999999999999e-06	5.999999999999996e-06	0.000000000000000e+00
3.049999999999999e-06	6.199999999999996e-06	0.000000000000000e+00
3.049999999999999e-06	6.399999999999995e-06	0.000000000000000e+00
3.049999999999999e-06	6.599999999999995e-06	0.000000000000000e+00
3.049999999999999e-06	6.799999999999995e-06	0.000000000000000e+00
3.049999999999999e-06	6.999999999999995e-06	0.000000000000000e+00
3.049999999999999e-06	7.199999999999995e-06	0.000000000000000e+00
3.049999999999999e-06	7.399999999999994e-06	0.000000000000000e+00
3.049999999999999e-06	7.599999999999994e-06	0.000000000000000e+00
3.049999999999999e-06	7.799999999999995e-06	0.000000000000000e+00
3.049999999999999e-06	7.999999999999995e-06	0.000000000000000e+00
3.049999999999999e-06	8.199999999999994e-06	0.000000000000000e+00
3.049999999999999e-06	8.399999999999994e-06	0.000000000000000e+00
3.049999999999999e-06	8.599999999999994e-06	0.000000000000000e+00
3.049999999999999e-06	8.799999999999994e-06	0.000000000000000e+00
3.049999999999999e-06	8.999999999999993e-06	0.000000000000000e+00
3.049999999999999e-06	9.199999999999993e-06	0.000000000000000e+00
3.049999999999999e-06	9.399999999999993e-06	0.000000000000000e+00
3.049999999999999e-06	9.599999999999993e-06	0.000000000000000e+00
3.049999999999999e-06	9.799999999999993e-06	0.000000000000000e+00
3.049999999999999e-06	9.999999999999999e-06	0.000000000000000e+00
3.099999999999999e-06	0.000000000000000e+00	0.000000000000000e+00
3.099999999999999e-06	2.000000000000000e-07	0.000000000000000e+00
3.099999999999999e-06	4.000000000000000e-07	0.000000000000000e+00
3.099999999999999e-06	6.000000000000000e-07	0.000000000000000e+00
3.099999999999999e-06	8.000000000000000e-07	0.000000000000000e+00
3.099999999999999e-06	1.000000000000000e-06	0.000000000000000e+00
3.099999999999999e-06	1.200000000000000e-06	0.000000000000000e+00
3.099999999999999e-06	1.400000000000000e-06	0.000000000000000e+00
3.099999999999999e-06	1.600000000000000e-06	0.000000000000000e+00
3.099999999999999e-06	1.800000000000000e-06	0.000000000000000e+00
3.099999999999999e-06	2.000000000000000e-06	0.000000000000000e+00
3.099999999999999e-06	2.200000000000000e-06	0.000000000000000e+00
3.099999999999999e-06	2.400000000000000e-06	0.000000000000000e+00
3.099999999999999e-06	2.600000000000000e-06	0.000000000000000e+00
3.099999999999999e-06	2.799999999999999e-06	0.000000000000000e+00
3.099999999999999e-06	2.999999999999999e-06	0.000000000000000e+00
3.099999999999999e-06	3.199999999999999e-06	0.000000000000000e+00
3.099999999999999e-06	3.399999999999999e-06	0.000000000000000e+00
3.099999999999999e-06	3.599999999999999e-06	0.000000000000000e+00
3.099999999999999e-06	3.799999999999998e-06	0.000000000000000e+00
3.099999999999999e-06	3.999999999999998e-06	0.000000000000000e+00
3.099999999999999e-06	4.199999999999998e-06	0.000000000000000e+00
3.099999999999999e-06	4.399999999999998e-06	0.000000000000000e+00
3.099999999999999e-06	4.599999999999997e-06	0.000000000000000e+00
3.099999999999999e-06	4.799999999999997e-06	0.000000000000000e+00
3.099999999999999e-06	4.999999999999997e-06	0.000000000000000e+00
3.099999999999999e-06	5.199999999999997e-06	0.000000000000000e+00
3.099999999999999e-06	5.399999999999997e-06	0.000000000000000e+00
3.099999999999999e-06	5.599999999999996e-06	0.000000000000000e+00
3.099999999999999e-06	5.799999999999996e-06	0.000000000000000e+00
3.099999999999999e-06	5.999999999999996e-06	0.000000000000000e+00
3.099999999999999e-06	6.199999999999996e-06	0.000000000000000e+00
3.099999999999999e-06	6.399999999999995e-06	0.000000000000000e+00
3.099999999999999e-06	6.599999999999995e-06	0.000000000000000e+00
3.099999999999999e-06	6.799999999999995e-06	0.000000000000000e+00
3.099999999999999e-06	6.999999999999995e-06	0.000000000000000e+00
3.099999999999999e-06	7.199999999999995e-06	0.000000000000000e+00
3.099999999999999e-06	7.399999999999994e-06	0.000000000000000e+00
3.099999999999999e-06	7.599999999999994e-06	0.000000000000000e+00
3.099999999999999e-06	7.799999999999995e-06	0.000000000000000e+00
3.099999999999999e-06	7.999999999999995e-06	0.000000000000000e+00
3.099999999999999e-06	8.199999999999994e-06	0.000000000000000e+00
3.099999999999999e-06	8.399999999999994e-06	0.000000000000000e+00
3.099999999999999e-06	8.599999999999994e-06	0.000000000000000e+00
3.099999999999999e-06	8.799999999999994e-06	0.000000000000000e+00
3.099999999999999e-06	8.999999999999993e-06	0.000000000000000e+00
3.099999999999999e-06	9.199999999999993e-06	0.000000000000000e+00
3.099999999999999e-06	9.399999999999993e-06	0.000000000000000e+00
3.099999999999999e-06	9.599999999999993e-06	0.000000000000000e+00
3.099999999999999e-06	9.799999999999993e-06	0.000000000000000e+00
3.099999999999999e-06	9.999999999999999e-06	0.000000000000000e+00
3.149999999999999e-06	0.000000000000000e+00	0.000000000000000e+00
3.149999999999999e-06	2.000000000000000e-07	0.000000000000000e+00
3.149999999999999e-06	4.000000000000000e-07	0.000000000000000e+00
3.149999999999999e-06	6.000000000000000e-07	0.000000000000000e+00
3.149999999999999e-06	8.000000000000000e-07	0.000000000000000e+00
3.149999999999999e-06	1.000000000000000e-06	0.000000000000000e+00
3.149999999999999e-06	1.200000000000000e-06	0.000000000000000e+00
3.149999999999999e-06	1.400000000000000e-06	0.000000000000000e+00
3.149999999999999e-06	1.600000000000000e-06	0.000000000000000e+00
3.149999999999999e-06	1.800000000000000e-06	0.000000000000000e+00
3.149999999999999e-06	2.000000000000000e-06	0.000000000000000e+00
3.149999999999999e-06	2.200000000000000e-06	0.000000000000000e+00
3.149999999999999e-06	2.400000000000000e-06	0.000000000000000e+00
3.149999999999999e-06	2.600000000000000e-06	0.000000000000000e+00
3.149999999999999e-06	2.799999999999999e-06	0.000000000000000e+00
3.149999999999999e-06	2.999999999999999e-06	0.000000000000000e+00
3.149999999999999e-06	3.199999999999999e-06	0.000000000000000e+00
3.149999999999999e-06	3.399999999999999e-06	0.000000000000000e+00
3.149999999999999e-06	3.599999999999999e-06	0.000000000000000e+00
3.149999999999999e-06	3.799999999999998e-06	0.000000000000000e+00
3.149999999999999e-06	3.999999999999998e-06	0.000000000000000e+00
3.149999999999999e-06	4.199999999999998e-06	0.000000000000000e+00
3.149999999999999e-06	4.399999999999998e-06	0.000000000000000e+00
3.149999999999999e-06	4.599999999999997e-06	0.000000000000000e+00
3.149999999999999e-06	4.799999999999997e-06	0.000000000000000e+00
3.149999999999999e-06	4.999999999999997e-06	0.000000000000000e+00
3.149999999999999e-06	5.199999999999997e-06	0.000000000000000e+00
3.149999999999999e-06	5.399999999999997e-06	0.000000000000000e+00
3.149999999999999e-06	5.599999999999996e-06	0.000000000000000e+00
3.149999999999999e-06	5.799999999999996e-06	0.000000000000000e+00
3.149999999999999e-06	5.999999999999996e-06	0.000000000000000e+00
3.149999999999999e-06	6.199999999999996e-06	0.000000000000000e+00
3.149999999999999e-06	6.399999999999995e-06	0.000000000000000e+00
3.149999999999999e-06	6.599999999999995e-06	0.000000000000000e+00
3.149999999999999e-06	6.799999999999995e-06	0.000000000000000e+00
3.149999999999999e-06	6.999999999999995e-06	0.000000000000000e+00
3.149999999999999e-06	7.199999999999995e-06	0.000000000000000e+00
3.149999999999999e-06	7.399999999999994e-06	0.000000000000000e+00
3.149999999999999e-06	7.599999999999994e-06	0.000000000000000e+00
3.149999999999999e-06	7.799999999999995e-06	0.000000000000000e+00
3.149999999999999e-06	7.999999999999995e-06	0.000000000000000e+00
3.149999999999999e-06	8.199999999999994e-06	0.000000000000000e+00
3.149999999999999e-06	8.399999999999994e-06	0.000000000000000e+00
3.149999999999999e-06	8.599999999999994e-06	0.000000000000000e+00
3.149999999999999e-06	8.799999999999994e-06	0.000000000000000e+00
3.149999999999999e-06	8.999999999999993e-06	0.000000000000000e+00
3.149999999999999e-06	9.199999999999993e-06	0.000000000000000e+00
3.149999999999999e-06	9.399999999999993e-06	0.000000000000000e+00
3.149999999999999e-06	9.599999999999993e-06	0.000000000000000e+00
3.149999999999999e-06	9.799999999999993e-06	0.000000000000000e+00
3.149999999999999e-06	9.999999999999999e-06	0.000000000000000e+00
3.199999999999999e-06	0.000000000000000e+00	0.000000000000000e+00
3.199999999999999e-06	2.000000000000000e-07	0.000000000000000e+00
3.199999999999999e-06	4.000000000000000e-07	0.000000000000000e+00
3.199999999999999e-06	6.000000000000000e-07	0.000000000000000e+00
3.199999999999999e-06	8.000000000000000e-07	0.000000000000000e+00
3.199999999999999e-06	1.000000000000000e-06	0.000000000000000e+00
3.199999999999999e-06	1.200000000000000e-06	0.000000000000000e+00
3.199999999999999e-06	1.400000000000000e-06	0.000000000000000e+00
3.199999999999999e-06	1.600000000000000e-06	0.000000000000000e+00
3.199999999999999e-06	1.800000000000000e-06	0.000000000000000e+00
3.199999999999999e-06	2.000000000000000e-06	0.000000000000000e+00
3.199999999999999e-06	2.200000000000000e-06	0.000000000000000e+00
3.199999999999999e-06	2.400000000000000e-06	0.000000000000000e+00
3.199999999999999e-06	2.600000000000000e-06	0.000000000000000e+00
3.199999999999999e-06	2.799999999999999e-06	0.000000000000000e+00
3.199999999999999e-06	2.999999999999999e-06	0.000000000000000e+00
3.199999999999999e-06	3.199999999999999e-06	0.000000000000000e+00
3.199999999999999e-06	3.399999999999999e-06	0.000000000000000e+00
3.199999999999999e-06	3.599999999999999e-06	0.000000000000000e+00
3.199999999999999e-06	3.799999999999998e-06	0.000000000000000e+00
3.199999999999999e-06	3.999999999999998e-06	0.000000000000000e+00
3.199999999999999e-06	4.199999999999998e-06	0.000000000000000e+00
3.199999999999999e-06	4.399999999999998e-06	0.000000000000000e+00
3.199999999999999e-06	4.599999999999997e-06	0.000000000000000e+00
3.199999999999999e-06	4.799999999999997e-06	0.000000000000000e+00
3.199999999999999e-06	4.999999999999997e-06	0.000000000000000e+00
3.199999999999999e-06	5.199999999999997e-06	0.000000000000000e+00
3.199999999999999e-06	5.399999999999997e-06	0.000000000000000e+00
3.199999999999999e-06	5.599999999999996e-06	0.000000000000000e+00
3.199999999999999e-06	5.799999999999996e-06	0.000000000000000e+00
3.199999999999999e-06	5.999999999999996e-06	0.000000000000000e+00
3.199999999999999e-06	6.199999999999996e-06	0.000000000000000e+00
3.199999999999999e-06	6.399999999999995e-06	0.000000000000000e+00
3.199999999999999e-06	6.599999999999995e-06	0.000000000000000e+00
3.199999999999999e-06	6.799999999999995e-06	0.000000000000000e+00
3.199999999999999e-06	6.999999999999995e-06	0.000000000000000e+00
3.199999999999999e-06	7.199999999999995e-06	0.000000000000000e+00
3.199999999999999e-06	7.399999999999994e-06	0.000000000000000e+00
3.199999999999999e-06	7.599999999999994e-06	0.000000000000000e+00
3.199999999999999e-06	7.799999999999995e-06	0.000000000000000e+00
3.199999999999999e-06	7.999999999999995e-06	0.000000000000000e+00
3.199999999999999e-06	8.199999999999994e-06	0.000000000000000e+00
3.199999999999999e-06	8.399999999999994e-06	0.000000000000000e+00
3.199999999999999e-06	8.599999999999994e-06	0.000000000000000e+00
3.199999999999999e-06	8.799999999999994e-06	0.000000000000000e+00
3.199999999999999e-06	8.999999999999993e-06	0.000000000000000e+00
3.199999999999999e-06	9.199999999999993e-06	0.000000000000000e+00
3.199999999999999e-06	9.399999999999993e-06	0.000000000000000e+00
3.199999999999999e-06	9.599999999999993e-06	0.000000000000000e+00
3.199999999999999e-06	9.799999999999993e-06	0.000000000000000e+00
3.199999999999999e-06	9.999999999999999e-06	0.000000000000000e+00
3.249999999999999e-06	0.000000000000000e+00	0.000000000000000e+00
3.249999999999999e-06	2.000000000000000e-07	0.000000000000000e+00
3.249999999999999e-06	4.000000000000000e-07	0.000000000000000e+00
3.249999999999999e-06	6.000000000000000e-07	0.000000000000000e+00
3.249999999999999e-06	8.000000000000000e-07	0.000000000000000e+00
3.249999999999999e-06	1.000000000000000e-06	0.000000000000000e+00
3.249999999999999e-06	1.200000000000000e-06	0.000000000000000e+00
3.249999999999999e-06	1.400000000000000e-06	0.000000000000000e+00
3.249999999999999e-06	1.600000000000000e-06	0.000000000000000e+00
3.249999999999999e-06	1.800000000000000e-06	0.000000000000000e+00
3.249999999999999e-06	2.000000000000000e-06	0.000000000000000e+00
3.249999999999999e-06	2.200000000000000e-06	0.000000000000000e+00
3.249999999999999e-06	2.400000000000000e-06	0.000000000000000e+00
3.249999999999999e-06	2.600000000000000e-06	0.000000000000000e+00
3.249999999999999e-06	2.799999999999999e-06	0.000000000000000e+00
3.249999999999999e-06	2.999999999999999e-06	0.000000000000000e+00
3.249999999999999e-06	3.199999999999999e-06	0.000000000000000e+00
3.249999999999999e-06	3.399999999999999e-06	0.000000000000000e+00
3.249999999999999e-06	3.599999999999999e-06	0.000000000000000e+00
3.249999999999999e-06	3.799999999999998e-06	0.000000000000000e+00
3.249999999999999e-06	3.999999999999998e-06	0.000000000000000e+00
3.249999999999999e-06	4.199999999999998e-06	0.000000000000000e+00
3.249999999999999e-06	4.399999999999998e-06	0.000000000000000e+00
3.249999999999999e-06	4.599999999999997e-06	0.000000000000000e+00
3.249999999999999e-06	4.799999999999997e-06	0.000000000000000e+00
3.249999999999999e-06	4.999999999999997e-06	0.000000000000000e+00
3.249999999999999e-06	5.199999999999997e-06	0.000000000000000e+00
3.249999999999999e-06	5.399999999999997e-06	0.000000000000000e+00
3.249999999999999e-06	5.599999999999996e-06	0.000000000000000e+00
3.249999999999999e-06	5.799999999999996e-06	0.000000000000000e+00
3.249999999999999e-06	5.999999999999996e-06	0.000000000000000e+00
3.249999999999999e-06	6.199999999999996e-06	0.000000000000000e+00
3.249999999999999e-06	6.399999999999995e-06	0.000000000000000e+00
3.249999999999999e-06	6.599999999999995e-06	0.000000000000000e+00
3.249999999999999e-06	6.799999999999995e-06	0.000000000000000e+00
3.249999999999999e-06	6.999999999999995e-06	0.000000000000000e+00
3.249999999999999e-06	7.199999999999995e-06	0.000000000000000e+00
3.249999999999999e-06	7.399999999999994e-06	0.000000000000000e+00
3.249999999999999e-06	7.599999999999994e-06	0.000000000000000e+00
3.249999999999999e-06	7.799999999999995e-06	0.000000000000000e+00
3.249999999999999e-06	7.999999999999995e-06	0.000000000000000e+00
3.249999999999999e-06	8.199999999999994e-06	0.000000000000000e+00
3.249999999999999e-06	8.399999999999994e-06	0.000000000000000e+00
3.249999999999999e-06	8.599999999999994e-06	0.000000000000000e+00
3.249999999999999e-06	8.799999999999994e-06	0.000000000000000e+00
3.249999999999999e-06	8.999999999999993e-06	0.000000000000000e+00
3.249999999999999e-06	9.199999999999993e-06	0.000000000000000e+00
3.249999999999999e-06	9.399999999999993e-06	0.000000000000000e+00
3.249999999999999e-06	9.599999999999993e-06	0.000000000000000e+00
3.249999999999999e-06	9.799999999999993e-06	0.000000000000000e+00
3.249999999999999e-06	9.999999999999999e-06	0.000000000000000e+00
3.299999999999998e-06	0.000000000000000e+00	0.000000000000000e+00
3.299999999999998e-06	2.000000000000000e-07	0.000000000000000e+00
3.299999999999998e-06	4.000000000000000e-07	0.000000000000000e+00
3.299999999999998e-06	6.000000000000000e-07	0.000000000000000e+00
3.299999999999998e-06	8.000000000000000e-07	0.000000000000000e+00
3.299999999999998e-06	1.000000000000000e-06	0.000000000000000e+00
3.299999999999998e-06	1.200000000000000e-06	0.000000000000000e+00
3.299999999999998e-06	1.400000000000000e-06	0.000000000000000e+00
3.299999999999998e-06	1.600000000000000e-06	0.000000000000000e+00
3.299999999999998e-06	1.800000000000000e-06	0.000000000000000e+00
3.299999999999998e-06	2.000000000000000e-06	0.000000000000000e+00
3.299999999999998e-06	2.200000000000000e-06	0.000000000000000e+00
3.299999999999998e-06	2.400000000000000e-06	0.000000000000000e+00
3.299999999999998e-06	2.600000000000000e-06	0.000000000000000e+00
3.299999999999998e-06	2.799999999999999e-06	0.000000000000000e+00
3.299999999999998e-06	2.999999999999999e-06	0.000000000000000e+00
3.299999999999998e-06	3.199999999999999e-06	0.000000000000000e+00
3.299999999999998e-06	3.399999999999999e-06	0.000000000000000e+00
3.299999999999998e-06	3.599999999999999e-06	0.000000000000000e+00
3.299999999999998e-06	3.799999999999998e-06	0.000000000000000e+00
3.299999999999998e-06	3.999999999999998e-06	0.000000000000000e+00
3.299999999999998e-06	4.199999999999998e-06	0.000000000000000e+00
3.299999999999998e-06	4.399999999999998e-06	0.000000000000000e+00
3.299999999999998e-06	4.599999999999997e-06	0.000000000000000e+00
3.299999999999998e-06	4.799999999999997e-06	0.000000000000000e+00
3.299999999999998e-06	4.999999999999997e-06	0.000000000000000e+00
3.299999999999998e-06	5.199999999999997e-06	0.000000000000000e+00
3.299999999999998e-06	5.399999999999997e-06	0.000000000000000e+00
3.299999999999998e-06	5.599999999999996e-06	0.000000000000000e+00
3.299999999999998e-06	5.799999999999996e-06	0.000000000000000e+00
3.299999999999998e-06	5.999999999999996e-06	0.000000000000000e+00
3.299999999999998e-06	6.199999999999996e-06	0.000000000000000e+00
3.299999999999998e-06	6.399999999999995e-06	0.000000000000000e+00
3.299999999999998e-06	6.599999999999995e-06	0.000000000000000e+00
3.299999999999998e-06	6.799999999999995e-06	0.000000000000000e+00
3.299999999999998e-06	6.999999999999995e-06	0.000000000000000e+00
3.299999999999998e-06	7.199999999999995e-06	0.000000000000000e+00
3.299999999999998e-06	7.399999999999994e-06	0.000000000000000e+00
3.299999999999998e-06	7.599999999999994e-06	0.000000000000000e+00
3.299999999999998e-06	7.799999999999995e-06	0.000000000000000e+00
3.299999999999998e-06	7.999999999999995e-06	0.000000000000000e+00
3.299999999999998e-06	8.199999999999994e-06	0.000000000000000e+00
3.299999999999998e-06	8.399999999999994e-06	0.000000000000000e+00
3.299999999999998e-06	8.599999999999994e-06	0.000000000000000e+00
3.299999999999998e-06	8.799999999999994e-06	0.000000000000000e+00
3.299999999999998e-06	8.999999999999993e-06	0.000000000000000e+00
3.299999999999998e-06	9.199999999999993e-06	0.000000000000000e+00
3.299999999999998e-06	9.399999999999993e-06	0.000000000000000e+00
3.299999999999998e-06	9.599999999999993e-06	0.000000000000000e+00
3.299999999999998e-06	9.799999999999993e-06	0.000000000000000e+00
3.299999999999998e-06	9.999999999999999e-06	0.000000000000000e+00
3.349999999999998e-06	0.000000000000000e+00	0.000000000000000e+00
3.349999999999998e-06	2.000000000000000e-07	0.000000000000000e+00
3.349999999999998e-06	4.000000000000000e-07	0.000000000000000e+00
3.349999999999998e-06	6.000000000000000e-07	0.000000000000000e+00
3.349999999999998e-06	8.000000000000000e-07	0.000000000000000e+00
3.349999999999998e-06	1.000000000000000e-06	0.000000000000000e+00
3.349999999999998e-06	1.200000000000000e-06	0.000000000000000e+00
3.349999999999998e-06	1.400000000000000e-06	0.000000000000000e+00
3.349999999999998e-06	1.600000000000000e-06	0.000000000000000e+00
3.349999999999998e-06	1.800000000000000e-06	0.000000000000000e+00
3.349999999999998e-06	2.000000000000000e-06	0.000000000000000e+00
3.349999999999998e-06	2.200000000000000e-06	0.000000000000000e+00
3.349999999999998e-06	2.400000000000000e-06	0.000000000000000e+00
3.349999999999998e-06	2.600000000000000e-06	0.000000000000000e+00
3.349999999999998e-06	2.799999999999999e-06	0.000000000000000e+00
3.349999999999998e-06	2.999999999999999e-06	0.000000000000000e+00
3.349999999999998e-06	3.199999999999999e-06	0.000000000000000e+00
3.349999999999998e-06	3.399999999999999e-06	0.000000000000000e+00
3.349999999999998e-06	3.599999999999999e-06	0.000000000000000e+00
3.349999999999998e-06	3.799999999999998e-06	0.000000000000000e+00
3.349999999999998e-06	3.999999999999998e-06	0.000000000000000e+00
3.349999999999998e-06	4.199999999999998e-06	0.000000000000000e+00
3.349999999999998e-06	4.399999999999998e-06	0.000000000000000e+00
3.349999999999998e-06	4.599999999999997e-06	0.000000000000000e+00
3.349999999999998e-06	4.799999999999997e-06	0.000000000000000e+00
3.349999999999998e-06	4.999999999999997e-06	0.000000000000000e+00
3.349999999999998e-06	5.199999999999997e-06	0.000000000000000e+00
3.349999999999998e-06	5.399999999999997e-06	0.000000000000000e+00
3.349999999999998e-06	5.599999999999996e-06	0.000000000000000e+00
3.349999999999998e-06	5.799999999999996e-06	0.000000000000000e+00
3.349999999999998e-06	5.999999999999996e-06	0.000000000000000e+00
3.349999999999998e-06	6.199999999999996e-06	0.000000000000000e+00
3.349999999999998e-06	6.399999999999995e-06	0.000000000000000e+00
3.349999999999998e-06	6.599999999999995e-06	0.000000000000000e+00
3.349999999999998e-06	6.799999999999995e-06	0.000000000000000e+00
3.349999999999998e-06	6.999999999999995e-06	0.000000000000000e+00
3.349999999999998e-06	7.199999999999995e-06	0.000000000000000e+00
3.349999999999998e-06	7.399999999999994e-06	0.000000000000000e+00
3.349999999999998e-06	7.599999999999994e-06	0.000000000000000e+00
3.349999999999998e-06	7.799999999999995e-06	0.000000000000000e+00
3.349999999999998e-06	7.999999999999995e-06	0.000000000000000e+00
3.349999999999998e-06	8.199999999999994e-06	0.000000000000000e+00
3.349999999999998e-06	8.399999999999994e-06	0.000000000000000e+00
3.349999999999998e-06	8.599999999999994e-06	0.000000000000000e+00
3.349999999999998e-06	8.799999999999994e-06	0.000000000000000e+00
3.349999999999998e-06	8.999999999999993e-06	0.000000000000000e+00
3.349999999999998e-06	9.199999999999993e-06	0.000000000000000e+00
3.349999999999998e-06	9.399999999999993e-06	0.000000000000000e+00
3.349999999999998e-06	9.599999999999993e-06	0.000000000000000e+00
3.349999999999998e-06	9.799999999999993e-06	0.000000000000000e+00
3.349999999999998e-06	9.999999999999999e-06	0.000000000000000e+00
3.399999999999998e-06	0.000000000000000e+00	0.000000000000000e+00
3.399999999999998e-06	2.000000000000000e-07	0.000000000000000e+00
3.399999999999998e-06	4.000000000000000e-07	0.000000000000000e+00
3.399999999999998e-06	6.000000000000000e-07	0.000000000000000e+00
3.399999999999998e-06	8.000000000000000e-07	0.000000000000000e+00
3.399999999999998e-06	1.000000000000000e-06	0.000000000000000e+00
3.399999999999998e-06	1.200000000000000e-06	0.000000000000000e+00
3.399999999999998e-06	1.400000000000000e-06	0.000000000000000e+00
3.399999999999998e-06	1.600000000000000e-06	0.000000000000000e+00
3.399999999999998e-06	1.800000000000000e-06	0.000000000000000e+00
3.399999999999998e-06	2.000000000000000e-06	0.000000000000000e+00
3.399999999999998e-06	2.200000000000000e-06	0.000000000000000e+00
3.399999999999998e-06	2.400000000000000e-06	0.000000000000000e+00
3.399999999999998e-06	2.600000000000000e-06	0.000000000000000e+00
3.399999999999998e-06	2.799999999999999e-06	0.000000000000000e+00
3.399999999999998e-06	2.999999999999999e-06	0.000000000000000e+00
3.399999999999998e-06	3.199999999999999e-06	0.000000000000000e+00
3.399999999999998e-06	3.399999999999999e-06	0.000000000000000e+00
3.399999999999998e-06	3.599999999999999e-06	0.000000000000000e+00
3.399999999999998e-06	3.799999999999998e-06	0.000000000000000e+00
3.399999999999998e-06	3.999999999999998e-06	0.000000000000000e+00
3.399999999999998e-06	4.199999999999998e-06	0.000000000000000e+00
3.399999999999998e-06	4.399999999999998e-06	0.000000000000000e+00
3.399999999999998e-06	4.599999999999997e-06	0.000000000000000e+00
3.399999999999998e-06	4.799999999999997e-06	0.000000000000000e+00
3.399999999999998e-06	4.999999999999997e-06	0.000000000000000e+00
3.399999999999998e-06	5.199999999999997e-06	0.000000000000000e+00
3.399999999999998e-06	5.399999999999997e-06	0.000000000000000e+00
3.399999999999998e-06	5.599999999999996e-06	0.000000000000000e+00
3.399999999999998e-06	5.799999999999996e-06	0.000000000000000e+00
3.399999999999998e-06	5.999999999999996e-06	0.000000000000000e+00
3.399999999999998e-06	6.199999999999996e-06	0.000000000000000e+00
3.399999999999998e-06	6.399999999999995e-06	0.000000000000000e+00
3.399999999999998e-06	6.599999999999995e-06	0.000000000000000e+00
3.399999999999998e-06	6.799999999999995e-06	0.000000000000000e+00
3.399999999999998e-06	6.999999999999995e-06	0.000000000000000e+00
3.399999999999998e-06	7.199999999999995e-06	0.000000000000000e+00
3.399999999999998e-06	7.399999999999994e-06	0.000000000000000e+00
3.399999999999998e-06	7.599999999999994e-06	0.000000000000000e+00
3.399999999999998e-06	7.799999999999995e-06	0.000000000000000e+00
3.399999999999998e-06	7.999999999999995e-06	0.000000000000000e+00
3.399999999999998e-06	8.199999999999994e-06	0.000000000000000e+00
3.399999999999998e-06	8.399999999999994e-06	0.000000000000000e+00
3.399999999999998e-06	8.599999999999994e-06	0.000000000000000e+00
3.399999999999998e-06	8.799999999999994e-06	0.000000000000000e+00
3.399999999999998e-06	8.999999999999993e-06	0.000000000000000e+00
3.399999999999998e-06	9.199999999999993e-06	0.000000000000000e+00
3.399999999999998e-06	9.399999999999993e-06	0.000000000000000e+00
3.399999999999998e-06	9.599999999999993e-06	0.000000000000000e+00
3.399999999999998e-06	9.799999999999993e-06	0.000000000000000e+00
3.399999999999998e-06	9.999999999999999e-06	0.000000000000000e+00
3.449999999999998e-06	0.000000000000000e+00	0.000000000000000e+00
3.449999999999998e-06	2.000000000000000e-07	0.000000000000000e+00
3.449999999999998e-06	4.000000000000000e-07	0.000000000000000e+00
3.449999999999998e-06	6.000000000000000e-07	0.000000000000000e+00
3.449999999999998e-06	8.000000000000000e-07	0.000000000000000e+00
3.449999999999998e-06	1.000000000000000e-06	0.000000000000000e+00
3.449999999999998e-06	1.200000000000000e-06	0.000000000000000e+00
3.449999999999998e-06	1.400000000000000e-06	0.000000000000000e+00
3.449999999999998e-06	1.600000000000000e-06	0.000000000000000e+00
3.449999999999998e-06	1.800000000000000e-06	0.000000000000000e+00
3.449999999999998e-06	2.000000000000000e-06	0.000000000000000e+00
3.449999999999998e-06	2.200000000000000e-06	0.000000000000000e+00
3.449999999999998e-06	2.400000000000000e-06	0.000000000000000e+00
3.449999999999998e-06	2.600000000000000e-06	0.000000000000000e+00
3.449999999999998e-06	2.799999999999999e-06	0.000000000000000e+00
3.449999999999998e-06	2.999999999999999e-06	0.000000000000000e+00
3.449999999999998e-06	3.199999999999999e-06	0.000000000000000e+00
3.449999999999998e-06	3.399999999999999e-06	0.000000000000000e+00
3.449999999999998e-06	3.599999999999999e-06	0.000000000000000e+00
3.449999999999998e-06	3.799999999999998e-06	0.000000000000000e+00
3.449999999999998e-06	3.999999999999998e-06	0.000000000000000e+00
3.449999999999998e-06	4.199999999999998e-06	0.000000000000000e+00
3.449999999999998e-06	4.399999999999998e-06	0.000000000000000e+00
3.449999999999998e-06	4.599999999999997e-06	0.000000000000000e+00
3.449999999999998e-06	4.799999999999997e-06	0.000000000000000e+00
3.449999999999998e-06	4.999999999999997e-06	0.000000000000000e+00
3.449999999999998e-06	5.199999999999997e-06	0.000000000000000e+00
3.449999999999998e-06	5.399999999999997e-06	0.000000000000000e+00
3.449999999999998e-06	5.599999999999996e-06	0.000000000000000e+00
3.449999999999998e-06	5.799999999999996e-06	0.000000000000000e+00
3.449999999999998e-06	5.999999999999996e-06	0.000000000000000e+00
3.449999999999998e-06	6.199999999999996e-06	0.000000000000000e+00
3.449999999999998e-06	6.399999999999995e-06	0.000000000000000e+00
3.449999999999998e-06	6.599999999999995e-06	0.000000000000000e+00
3.449999999999998e-06	6.799999999999995e-06	0.000000000000000e+00
3.449999999999998e-06	6.999999999999995e-06	0.000000000000000e+00
3.449999999999998e-06	7.199999999999995e-06	0.000000000000000e+00
3.449999999999998e-06	7.399999999999994e-06	0.000000000000000e+00
3.449999999999998e-06	7.599999999999994e-06	0.000000000000000e+00
3.449999999999998e-06	7.799999999999995e-06	0.000000000000000e+00
3.449999999999998e-06	7.999999999999995e-06	0.000000000000000e+00
3.449999999999998e-06	8.199999999999994e-06	0.000000000000000e+00
3.449999999999998e-06	8.399999999999994e-06	0.000000000000000e+00
3.449999999999998e-06	8.599999999999994e-06	0.000000000000000e+00
3.449999999999998e-06	8.799999999999994e-06	0.000000000000000e+00
3.449999999999998e-06	8.999999999999993e-06	0.000000000000000e+00
3.449999999999998e-06	9.199999999999993e-06	0.000000000000000e+00
3.449999999999998e-06	9.399999999999993e-06	0.000000000000000e+00
3.449999999999998e-06	9.599999999999993e-06	0.000000000000000e+00
3.449999999999998e-06	9.799999999999993e-06	0.000000000000000e+00
3.449999999999998e-06	9.999999999999999e-06	0.000000000000000e+00
3.499999999999998e-06	0.000000000000000e+00	0.000000000000000e+00
3.499999999999998e-06	2.000000000000000e-07	0.000000000000000e+00
3.499999999999998e-06	4.000000000000000e-07	0.000000000000000e+00
3.499999999999998e-06	6.000000000000000e-07	0.000000000000000e+00
3.499999999999998e-06	8.000000000000000e-07	0.000000000000000e+00
3.499999999999998e-06	1.000000000000000e-06	0.000000000000000e+00
3.499999999999998e-06	1.200000000000000e-06	0.000000000000000e+00
3.499999999999998e-06	1.400000000000000e-06	0.000000000000000e+00
3.499999999999998e-06	1.600000000000000e-06	0.000000000000000e+00
3.499999999999998e-06	1.800000000000000e-06	0.000000000000000e+00
3.499999999999998e-06	2.000000000000000e-06	0.000000000000000e+00
3.499999999999998e-06	2.200000000000000e-06	0.000000000000000e+00
3.499999999999998e-06	2.400000000000000e-06	0.000000000000000e+00
3.499999999999998e-06	2.600000000000000e-06	0.000000000000000e+00
3.499999999999998e-06	2.799999999999999e-06	0.000000000000000e+00
3.499999999999998e-06	2.999999999999999e-06	0.000000000000000e+00
3.499999999999998e-06	3.199999999999999e-06	0.000000000000000e+00
3.499999999999998e-06	3.399999999999999e-06	0.000000000000000e+00
3.499999999999998e-06	3.599999999999999e-06	0.000000000000000e+00
3.499999999999998e-06	3.799999999999998e-06	0.000000000000000e+00
3.499999999999998e-06	3.999999999999998e-06	0.000000000000000e+00
3.499999999999998e-06	4.199999999999998e-06	0.000000000000000e+00
3.499999999999998e-06	4.399999999999998e-06	0.000000000000000e+00
3.499999999999998e-06	4.599999999999997e-06	0.000000000000000e+00
3.499999999999998e-06	4.799999999999997e-06	0.000000000000000e+00
3.499999999999998e-06	4.999999999999997e-06	0.000000000000000e+00
3.499999999999998e-06	5.199999999999997e-06	0.000000000000000e+00
3.499999999999998e-06	5.399999999999997e-06	0.000000000000000e+00
3.499999999999998e-06	5.599999999999996e-06	0.000000000000000e+00
3.499999999999998e-06	5.799999999999996e-06	0.000000000000000e+00
3.499999999999998e-06	5.999999999999996e-06	0.000000000000000e+00
3.499999999999998e-06	6.199999999999996e-06	0.000000000000000e+00
3.499999999999998e-06	6.399999999999995e-06	0.000000000000000e+00
3.499999999999998e-06	6.599999999999995e-06	0.000000000000000e+00
3.499999999999998e-06	6.799999999999995e-06	0.000000000000000e+00
3.499999999999998e-06	6.999999999999995e-06	0.000000000000000e+00
3.499999999999998e-06	7.199999999999995e-06	0.000000000000000e+00
3.499999999999998e-06	7.399999999999994e-06	0.000000000000000e+00
3.499999999999998e-06	7.599999999999994e-06	0.000000000000000e+00
3.499999999999998e-06	7.799999999999995e-06	0.000000000000000e+00
3.499999999999998e-06	7.999999999999995e-06	0.000000000000000e+00
3.499999999999998e-06	8.199999999999994e-06	0.000000000000000e+00
3.499999999999998e-06	8.399999999999994e-06	0.000000000000000e+00
3.499999999999998e-06	8.599999999999994e-06	0.000000000000000e+00
3.499999999999998e-06	8.799999999999994e-06	0.000000000000000e+00
3.499999999999998e-06	8.999999999999993e-06	0.000000000000000e+00
3.499999999999998e-06	9.199999999999993e-06	0.000000000000000e+00
3.499999999999998e-06	9.399999999999993e-06	0.000000000000000e+00
3.499999999999998e-06	9.599999999999993e-06	0.000000000000000e+00
3.499999999999998e-06	9.799999999999993e-06	0.000000000000000e+00
3.499999999999998e-06	9.999999999999999e-06	0.000000000000000e+00
3.549999999999998e-06	0.000000000000000e+00	0.000000000000000e+00
3.549999999999998e-06	2.000000000000000e-07	0.000000000000000e+00
3.549999999999998e-06	4.000000000000000e-07	0.000000000000000e+00
3.549999999999998e-06	6.000000000000000e-07	0.000000000000000e+00
3.549999999999998e-06	8.000000000000000e-07	0.000000000000000e+00
3.549999999999998e-06	1.000000000000000e-06	0.000000000000000e+00
3.549999999999998e-06	1.200000000000000e-06	0.000000000000000e+00
3.549999999999998e-06	1.400000000000000e-06	0.000000000000000e+00
3.549999999999998e-06	1.600000000000000e-06	0.000000000000000e+00
3.549999999999998e-06	1.800000000000000e-06	0.000000000000000e+00
3.549999999999998e-06	2.000000000000000e-06	0.000000000000000e+00
3.549999999999998e-06	2.200000000000000e-06	0.000000000000000e+00
3.549999999999998e-06	2.400000000000000e-06	0.000000000000000e+00
3.549999999999998e-06	2.600000000000000e-06	0.000000000000000e+00
3.549999999999998e-06	2.799999999999999e-06	0.000000000000000e+00
3.549999999999998e-06	2.999999999999999e-06	0.000000000000000e+00
3.549999999999998e-06	3.199999999999999e-06	0.000000000000000e+00
3.549999999999998e-06	3.399999999999999e-06	0.000000000000000e+00
3.549999999999998e-06	3.599999999999999e-06	0.000000000000000e+00
3.549999999999998e-06	3.799999999999998e-06	0.000000000000000e+00
3.549999999999998e-06	3.999999999999998e-06	0.000000000000000e+00
3.549999999999998e-06	4.199999999999998e-06	0.000000000000000e+00
3.549999999999998e-06	4.399999999999998e-06	0.000000000000000e+00
3.549999999999998e-06	4.599999999999997e-06	0.000000000000000e+00
3.549999999999998e-06	4.799999999999997e-06	0.000000000000000e+00
3.549999999999998e-06	4.999999999999997e-06	0.000000000000000e+00
3.549999999999998e-06	5.199999999999997e-06	0.000000000000000e+00
3.549999999999998e-06	5.399999999999997e-06	0.000000000000000e+00
3.549999999999998e-06	5.599999999999996e-06	0.000000000000000e+00
3.549999999999998e-06	5.799999999999996e-06	0.000000000000000e+00
3.549999999999998e-06	5.999999999999996e-06	0.000000000000000e+00
3.549999999999998e-06	6.199999999999996e-06	0.000000000000000e+00
3.549999999999998e-06	6.399999999999995e-06	0.000000000000000e+00
3.549999999999998e-06	6.599999999999995e-06	0.000000000000000e+00
3.549999999999998e-06	6.799999999999995e-06	0.000000000000000e+00
3.549999999999998e-06	6.999999999999995e-06	0.000000000000000e+00
3.549999999999998e-06	7.199999999999995e-06	0.000000000000000e+00
3.549999999999998e-06	7.399999999999994e-06	0.000000000000000e+00
3.549999999999998e-06	7.599999999999994e-06	0.000000000000000e+00
3.549999999999998e-06	7.799999999999995e-06	0.000000000000000e+00
3.549999999999998e-06	7.999999999999995e-06	0.000000000000000e+00
3.549999999999998e-06	8.199999999999994e-06	0.000000000000000e+00
3.549999999999998e-06	8.399999999999994e-06	0.000000000000000e+00
3.549999999999998e-06	8.599999999999994e-06	0.000000000000000e+00
3.549999999999998e-06	8.799999999999994e-06	0.000000000000000e+00
3.549999999999998e-06	8.999999999999993e-06	0.000000000000000e+00
3.549999999999998e-06	9.199999999999993e-06	0.000000000000000e+00
3.549999999999998e-06	9.399999999999993e-06	0.000000000000000e+00
3.549999999999998e-06	9.599999999999993e-06	0.000000000000000e+00
3.549999999999998e-06	9.799999999999993e-06	0.000000000000000e+00
3.549999999999998e-06	9.999999999999999e-06	0.000000000000000e+00
3.600000000000000e-06	0.000000000000000e+00	0.000000000000000e+00
3.600000000000000e-06	2.000000000000000e-07	0.000000000000000e+00
3.600000000000000e-06	4.000000000000000e-07	0.000000000000000e+00
3.600000000000000e-06	6.000000000000000e-07	0.000000000000000e+00
3.600000000000000e-06	8.000000000000000e-07	0.000000000000000e+00
3.600000000000000e-06	1.000000000000000e-06	0.000000000000000e+00
3.600000000000000e-06	1.200000000000000e-06	0.000000000000000e+00
3.600000000000000e-06	1.400000000000000e-06	0.000000000000000e+00
3.600000000000000e-06	1.600000000000000e-06	0.000000000000000e+00
3.600000000000000e-06	1.800000000000000e-06	0.000000000000000e+00
3.600000000000000e-06	2.000000000000000e-06	0.000000000000000e+00
3.600000000000000e-06	2.200000000000000e-06	0.000000000000000e+00
3.600000000000000e-06	2.400000000000000e-06	0.000000000000000e+00
3.600000000000000e-06	2.600000000000000e-06	0.000000000000000e+00
3.600000000000000e-06	2.799999999999999e-06	0.000000000000000e+00
3.600000000000000e-06	2.999999999999999e-06	0.000000000000000e+00
3.600000000000000e-06	3.199999999999999e-06	0.000000000000000e+00
3.600000000000000e-06	3.399999999999999e-06	0.000000000000000e+00
3.600000000000000e-06	3.599999999999999e-06	0.000000000000000e+00
3.600000000000000e-06	3.799999999999998e-06	0.000000000000000e+00
3.600000000000000e-06	3.999999999999998e-06	0.000000000000000e+00
3.600000000000000e-06	4.199999999999998e-06	0.000000000000000e+00
3.600000000000000e-06	4.399999999999998e-06	0.000000000000000e+00
3.600000000000000e-06	4.599999999999997e-06	0.000000000000000e+00
3.600000000000000e-06	4.799999999999997e-06	0.000000000000000e+00
3.600000000000000e-06	4.999999999999997e-06	0.000000000000000e+00
3.600000000000000e-06	5.199999999999997e-06	0.000000000000000e+00
3.600000000000000e-06	5.399999999999997e-06	0.000000000000000e+00
3.600000000000000e-06	5.599999999999996e-06	0.000000000000000e+00
3.600000000000000e-06	5.799999999999996e-06	0.000000000000000e+00
3.600000000000000e-06	5.999999999999996e-06	0.000000000000000e+00
3.600000000000000e-06	6.199999999999996e-06	0.000000000000000e+00
3.600000000000000e-06	6.399999999999995e-06	0.000000000000000e+00
3.600000000000000e-06	6.599999999999995e-06	0.000000000000000e+00
3.600000000000000e-06	6.799999999999995e-06	0.000000000000000e+00
3.600000000000000e-06	6.999999999999995e-06	0.000000000000000e+00
3.600000000000000e-06	7.199999999999995e-06	0.000000000000000e+00
3.600000000000000e-06	7.399999999999994e-06	0.000000000000000e+00
3.600000000000000e-06	7.599999999999994e-06	0.000000000000000e+00
3.600000000000000e-06	7.799999999999995e-06	0.000000000000000e+00
3.600000000000000e-06	7.999999999999995e-06	0.000000000000000e+00
3.600000000000000e-06	8.199999999999994e-06	0.000000000000000e+00
3.600000000000000e-06	8.399999999999994e-06	0.000000000000000e+00
3.600000000000000e-06	8.599999999999994e-06	0.000000000000000e+00
3.600000000000000e-06	8.799999999999994e-06	0.000000000000000e+00
3.600000000000000e-06	8.999999999999993e-06	0.000000000000000e+00
3.600000000000000e-06	9.199999999999993e-06	0.000000000000000e+00
3.600000000000000e-06	9.399999999999993e-06	0.000000000000000e+00
3.600000000000000e-06	9.599999999999993e-06	0.000000000000000e+00
3.600000000000000e-06	9.799999999999993e-06	0.000000000000000e+00
3.600000000000000e-06	9.999999999999999e-06	0.000000000000000e+00
3.650000000000000e-06	0.000000000000000e+00	0.000000000000000e+00
3.650000000000000e-06	2.000000000000000e-07	0.000000000000000e+00
3.650000000000000e-06	4.000000000000000e-07	0.000000000000000e+00
3.650000000000000e-06	6.000000000000000e-07	0.000000000000000e+00
3.650000000000000e-06	8.000000000000000e-07	0.000000000000000e+00
3.650000000000000e-06	1.000000000000000e-06	0.000000000000000e+00
3.650000000000000e-06	1.200000000000000e-06	0.000000000000000e+00
3.650000000000000e-06	1.400000000000000e-06	0.000000000000000e+00
3.650000000000000e-06	1.600000000000000e-06	0.000000000000000e+00
3.650000000000000e-06	1.800000000000000e-06	0.000000000000000e+00
3.650000000000000e-06	2.000000000000000e-06	0.000000000000000e+00
3.650000000000000e-06	2.200000000000000e-06	0.000000000000000e+00
3.650000000000000e-06	2.400000000000000e-06	0.000000000000000e+00
3.650000000000000e-06	2.600000000000000e-06	0.000000000000000e+00
3.650000000000000e-06	2.799999999999999e-06	0.000000000000000e+00
3.650000000000000e-06	2.999999999999999e-06	0.000000000000000e+00
3.650000000000000e-06	3.199999999999999e-06	0.000000000000000e+00
3.650000000000000e-06	3.399999999999999e-06	0.000000000000000e+00
3.650000000000000e-06	3.599999999999999e-06	0.000000000000000e+00
3.650000000000000e-06	3.799999999999998e-06	0.000000000000000e+00
3.650000000000000e-06	3.999999999999998e-06	0.000000000000000e+00
3.650000000000000e-06	4.199999999999998e-06	0.000000000000000e+00
3.650000000000000e-06	4.399999999999998e-06	0.000000000000000e+00
3.650000000000000e-06	4.599999999999997e-06	0.000000000000000e+00
3.650000000000000e-06	4.799999999999997e-06	0.000000000000000e+00
3.650000000000000e-06	4.999999999999997e-06	0.000000000000000e+00
3.650000000000000e-06	5.199999999999997e-06	0.000000000000000e+00
3.650000000000000e-06	5.399999999999997e-06	0.000000000000000e+00
3.650000000000000e-06	5.599999999999996e-06	0.000000000000000e+00
3.650000000000000e-06	5.799999999999996e-06	0.000000000000000e+00
3.650000000000000e-06	5.999999999999996e-06	0.000000000000000e+00
3.650000000000000e-06	6.199999999999996e-06	0.000000000000000e+00
3.650000000000000e-06	6.399999999999995e-06	0.000000000000000e+00
3.650000000000000e-06	6.599999999999995e-06	0.000000000000000e+00
3.650000000000000e-06	6.799999999999995e-06	0.000000000000000e+00
3.650000000000000e-06	6.999999999999995e-06	0.000000000000000e+00
3.650000000000000e-06	7.199999999999995e-06	0.000000000000000e+00
3.650000000000000e-06	7.399999999999994e-06	0.000000000000000e+00
3.650000000000000e-06	7.599999999999994e-06	0.000000000000000e+00
3.650000000000000e-06	7.799999999999995e-06	0.000000000000000e+00
3.650000000000000e-06	7.999999999999995e-06	0.000000000000000e+00
3.650000000000000e-06	8.199999999999994e-06	0.000000000000000e+00
3.650000000000000e-06	8.399999999999994e-06	0.000000000000000e+00
3.650000000000000e-06	8.599999999999994e-06	0.000000000000000e+00
3.650000000000000e-06	8.799999999999994e-06	0.000000000000000e+00
3.650000000000000e-06	8.999999999999993e-06	0.000000000000000e+00
3.650000000000000e-06	9.199999999999993e-06	0.000000000000000e+00
3.650000000000000e-06	9.399999999999993e-06	0.000000000000000e+00
3.650000000000000e-06	9.599999999999993e-06	0.000000000000000e+00
3.650000000000000e-06	9.799999999999993e-06	0.000000000000000e+00
3.650000000000000e-06	9.999999999999999e-06	0.000000000000000e+00
3.700000000000000e-06	0.000000000000000e+00	0.000000000000000e+00
3.700000000000000e-06	2.000000000000000e-07	0.000000000000000e+00
3.700000000000000e-06	4.000000000000000e-07	0.000000000000000e+00
3.700000000000000e-06	6.000000000000000e-07	0.000000000000000e+00
3.700000000000000e-06	8.000000000000000e-07	0.000000000000000e+00
3.700000000000000e-06	1.000000000000000e-06	0.000000000000000e+00
3.700000000000000e-06	1.200000000000000e-06	0.000000000000000e+00
3.700000000000000e-06	1.400000000000000e-06	0.000000000000000e+00
3.700000000000000e-06	1.600000000000000e-06	0.000000000000000e+00
3.700000000000000e-06	1.800000000000000e-06	0.000000000000000e+00
3.700000000000000e-06	2.000000000000000e-06	0.000000000000000e+00
3.700000000000000e-06	2.200000000000000e-06	0.000000000000000e+00
3.700000000000000e-06	2.400000000000000e-06	0.000000000000000e+00
3.700000000000000e-06	2.600000000000000e-06	0.000000000000000e+00
3.700000000000000e-06	2.799999999999999e-06	0.000000000000000e+00
3.700000000000000e-06	2.999999999999999e-06	0.000000000000000e+00
3.700000000000000e-06	3.199999999999999e-06	0.000000000000000e+00
3.700000000000000e-06	3.399999999999999e-06	0.000000000000000e+00
3.700000000000000e-06	3.599999999999999e-06	0.000000000000000e+00
3.700000000000000e-06	3.799999999999998e-06	0.000000000000000e+00
3.700000000000000e-06	3.999999999999998e-06	0.000000000000000e+00
3.700000000000000e-06	4.199999999999998e-06	0.000000000000000e+00
3.700000000000000e-06	4.399999999999998e-06	0.000000000000000e+00
3.700000000000000e-06	4.599999999999997e-06	0.000000000000000e+00
3.700000000000000e-06	4.799999999999997e-06	0.000000000000000e+00
3.700000000000000e-06	4.999999999999997e-06	0.000000000000000e+00
3.700000000000000e-06	5.199999999999997e-06	0.000000000000000e+00
3.700000000000000e-06	5.399999999999997e-06	0.000000000000000e+00
3.700000000000000e-06	5.599999999999996e-06	0.000000000000000e+00
3.700000000000000e-06	5.799999999999996e-06	0.000000000000000e+00
3.700000000000000e-06	5.999999999999996e-06	0.000000000000000e+00
3.700000000000000e-06	6.199999999999996e-06	0.000000000000000e+00
3.700000000000000e-06	6.399999999999995e-06	0.000000000000000e+00
3.700000000000000e-06	6.599999999999995e-06	0.000000000000000e+00
3.700000000000000e-06	6.799999999999995e-06	0.000000000000000e+00
3.700000000000000e-06	6.999999999999995e-06	0.000000000000000e+00
3.700000000000000e-06	7.199999999999995e-06	0.000000000000000e+00
3.700000000000000e-06	7.399999999999994e-06	0.000000000000000e+00
3.700000000000000e-06	7.599999999999994e-06	0.000000000000000e+00
3.700000000000000e-06	7.799999999999995e-06	0.000000000000000e+00
3.700000000000000e-06	7.999999999999995e-06	0.000000000000000e+00
3.700000000000000e-06	8.199999999999994e-06	0.000000000000000e+00
3.700000000000000e-06	8.399999999999994e-06	0.000000000000000e+00
3.700000000000000e-06	8.599999999999994e-06	0.000000000000000e+00
3.700000000000000e-06	8.799999999999994e-06	0.000000000000000e+00
3.700000000000000e-06	8.999999999999993e-06	0.000000000000000e+00
3.700000000000000e-06	9.199999999999993e-06	0.000000000000000e+00
3.700000000000000e-06	9.399999999999993e-06	0.000000000000000e+00
3.700000000000000e-06	9.599999999999993e-06	0.000000000000000e+00
3.700000000000000e-06	9.799999999999993e-06	0.000000000000000e+00
3.700000000000000e-06	9.999999999999999e-06	0.000000000000000e+00
3.750000000000000e-06	0.000000000000000e+00	0.000000000000000e+00
3.750000000000000e-06	2.000000000000000e-07	0.000000000000000e+00
3.750000000000000e-06	4.000000000000000e-07	0.000000000000000e+00
3.750000000000000e-06	6.000000000000000e-07	0.000000000000000e+00
3.750000000000000e-06	8.000000000000000e-07	0.000000000000000e+00
3.750000000000000e-06	1.000000000000000e-06	0.000000000000000e+00
3.750000000000000e-06	1.200000000000000e-06	0.000000000000000e+00
3.750000000000000e-06	1.400000000000000e-06	0.000000000000000e+00
3.750000000000000e-06	1.600000000000000e-06	0.000000000000000e+00
3.750000000000000e-06	1.800000000000000e-06	0.000000000000000e+00
3.750000000000000e-06	2.000000000000000e-06	0.000000000000000e+00
3.750000000000000e-06	2.200000000000000e-06	0.000000000000000e+00
3.750000000000000e-06	2.400000000000000e-06	0.000000000000000e+00
3.750000000000000e-06	2.600000000000000e-06	0.000000000000000e+00
3.750000000000000e-06	2.799999999999999e-06	0.000000000000000e+00
3.750000000000000e-06	2.999999999999999e-06	0.000000000000000e+00
3.750000000000000e-06	3.199999999999999e-06	0.000000000000000e+00
3.750000000000000e-06	3.399999999999999e-06	0.000000000000000e+00
3.750000000000000e-06	3.599999999999999e-06	0.000000000000000e+00
3.750000000000000e-06	3.799999999999998e-06	0.000000000000000e+00
3.750000000000000e-06	3.999999999999998e-06	0.000000000000000e+00
3.750000000000000e-06	4.199999999999998e-06	0.000000000000000e+00
3.750000000000000e-06	4.399999999999998e-06	0.000000000000000e+00
3.750000000000000e-06	4.599999999999997e-06	0.000000000000000e+00
3.750000000000000e-06	4.799999999999997e-06	0.000000000000000e+00
3.750000000000000e-06	4.999999999999997e-06	0.000000000000000e+00
3.750000000000000e-06	5.199999999999997e-06	0.000000000000000e+00
3.750000000000000e-06	5.399999999999997e-06	0.000000000000000e+00
3.750000000000000e-06	5.599999999999996e-06	0.000000000000000e+00
3.750000000000000e-06	5.799999999999996e-06	0.000000000000000e+00
3.750000000000000e-06	5.999999999999996e-06	0.000000000000000e+00
3.750000000000000e-06	6.199999999999996e-06	0.000000000000000e+00
3.750000000000000e-06	6.399999999999995e-06	0.000000000000000e+00
3.750000000000000e-06	6.599999999999995e-06	0.000000000000000e+00
3.750000000000000e-06	6.799999999999995e-06	0.000000000000000e+00
3.750000000000000e-06	6.999999999999995e-06	0.000000000000000e+00
3.750000000000000e-06	7.199999999999995e-06	0.000000000000000e+00
3.750000000000000e-06	7.399999999999994e-06	0.000000000000000e+00
3.750000000000000e-06	7.599999999999994e-06	0.000000000000000e+00
3.750000000000000e-06	7.799999999999995e-06	0.000000000000000e+00
3.750000000000000e-06	7.999999999999995e-06	0.000000000000000e+00
3.750000000000000e-06	8.199999999999994e-06	0.000000000000000e+00
3.750000000000000e-06	8.399999999999994e-06	0.000000000000000e+00
3.750000000000000e-06	8.599999999999994e-06	0.000000000000000e+00
3.750000000000000e-06	8.799999999999994e-06	0.000000000000000e+00
3.750000000000000e-06	8.999999999999993e-06	0.000000000000000e+00
3.750000000000000e-06	9.199999999999993e-06	0.000000000000000e+00
3.750000000000000e-06	9.399999999999993e-06	0.000000000000000e+00
3.750000000000000e-06	9.599999999999993e-06	0.000000000000000e+00
3.750000000000000e-06	9.799999999999993e-06	0.000000000000000e+00
3.750000000000000e-06	9.999999999999999e-06	0.000000000000000e+00
3.800000000000000e-06	0.000000000000000e+00	0.000000000000000e+00
3.800000000000000e-06	2.000000000000000e-07	0.000000000000000e+00
3.800000000000000e-06	4.000000000000000e-07	0.000000000000000e+00
3.800000000000000e-06	6.000000000000000e-07	0.000000000000000e+00
3.800000000000000e-06	8.000000000000000e-07	0.000000000000000e+00
3.800000000000000e-06	1.000000000000000e-06	0.000000000000000e+00
3.800000000000000e-06	1.200000000000000e-06	0.000000000000000e+00
3.800000000000000e-06	1.400000000000000e-06	0.000000000000000e+00
3.800000000000000e-06	1.600000000000000e-06	0.000000000000000e+00
3.800000000000000e-06	1.800000000000000e-06	0.000000000000000e+00
3.800000000000000e-06	2.000000000000000e-06	0.000000000000000e+00
3.800000000000000e-06	2.200000000000000e-06	0.000000000000000e+00
3.800000000000000e-06	2.400000000000000e-06	0.000000000000000e+00
3.800000000000000e-06	2.600000000000000e-06	0.000000000000000e+00
3.800000000000000e-06	2.799999999999999e-06	0.000000000000000e+00
3.800000000000000e-06	2.999999999999999e-06	0.000000000000000e+00
3.800000000000000e-06	3.199999999999999e-06	0.000000000000000e+00
3.800000000000000e-06	3.399999999999999e-06	0.000000000000000e+00
3.800000000000000e-06	3.599999999999999e-06	0.000000000000000e+00
3.800000000000000e-06	3.799999999999998e-06	0.000000000000000e+00
3.800000000000000e-06	3.999999999999998e-06	0.000000000000000e+00
3.800000000000000e-06	4.199999999999998e-06	0.000000000000000e+00
3.800000000000000e-06	4.399999999999998e-06	0.000000000000000e+00
3.800000000000000e-06	4.599999999999997e-06	0.000000000000000e+00
3.800000000000000e-06	4.799999999999997e-06	0.000000000000000e+00
3.800000000000000e-06	4.999999999999997e-06	0.000000000000000e+00
3.800000000000000e-06	5.199999999999997e-06	0.000000000000000e+00
3.800000000000000e-06	5.399999999999997e-06	0.000000000000000e+00
3.800000000000000e-06	5.599999999999996e-06	0.000000000000000e+00
3.800000000000000e-06	5.799999999999996e-06	0.000000000000000e+00
3.800000000000000e-06	5.999999999999996e-06	0.000000000000000e+00
3.800000000000000e-06	6.199999999999996e-06	0.000000000000000e+00
3.800000000000000e-06	6.399999999999995e-06	0.000000000000000e+00
3.800000000000000e-06	6.599999999999995e-06	0.000000000000000e+00
3.800000000000000e-06	6.799999999999995e-06	0.000000000000000e+00
3.800000000000000e-06	6.999999999999995e-06	0.000000000000000e+00
3.800000000000000e-06	7.199999999999995e-06	0.000000000000000e+00
3.800000000000000e-06	7.399999999999994e-06	0.000000000000000e+00
3.800000000000000e-06	7.599999999999994e-06	0.000000000000000e+00
3.800000000000000e-06	7.799999999999995e-06	0.000000000000000e+00
3.800000000000000e-06	7.999999999999995e-06	0.000000000000000e+00
3.800000000000000e-06	8.199999999999994e-06	0.000000000000000e+00
3.800000000000000e-06	8.399999999999994e-06	0.000000000000000e+00
3.800000000000000e-06	8.599999999999994e-06	0.000000000000000e+00
3.800000000000000e-06	8.799999999999994e-06	0.000000000000000e+00
3.800000000000000e-06	8.999999999999993e-06	0.000000000000000e+00
3.800000000000000e-06	9.199999999999993e-06	0.000000000000000e+00
3.800000000000000e-06	9.399999999999993e-06	0.000000000000000e+00
3.800000000000000e-06	9.599999999999993e-06	0.000000000000000e+00
3.800000000000000e-06	9.799999999999993e-06	0.000000000000000e+00
3.800000000000000e-06	9.999999999999999e-06	0.000000000000000e+00
3.850000000000000e-06	0.000000000000000e+00	0.000000000000000e+00
3.850000000000000e-06	2.000000000000000e-07	0.000000000000000e+00
3.850000000000000e-06	4.000000000000000e-07	0.000000000000000e+00
3.850000000000000e-06	6.000000000000000e-07	0.000000000000000e+00
3.850000000000000e-06	8.000000000000000e-07	0.000000000000000e+00
3.850000000000000e-06	1.000000000000000e-06	0.000000000000000e+00
3.850000000000000e-06	1.200000000000000e-06	0.000000000000000e+00
3.850000000000000e-06	1.400000000000000e-06	0.000000000000000e+00
3.850000000000000e-06	1.600000000000000e-06	0.000000000000000e+00
3.850000000000000e-06	1.800000000000000e-06	0.000000000000000e+00
3.850000000000000e-06	2.000000000000000e-06	0.000000000000000e+00
3.850000000000000e-06	2.200000000000000e-06	0.000000000000000e+00
3.850000000000000e-06	2.400000000000000e-06	0.000000000000000e+00
3.850000000000000e-06	2.600000000000000e-06	0.000000000000000e+00
3.850000000000000e-06	2.799999999999999e-06	0.000000000000000e+00
3.850000000000000e-06	2.999999999999999e-06	0.000000000000000e+00
3.850000000000000e-06	3.199999999999999e-06	0.000000000000000e+00
3.850000000000000e-06	3.399999999999999e-06	0.000000000000000e+00
3.850000000000000e-06	3.599999999999999e-06	0.000000000000000e+00
3.850000000000000e-06	3.799999999999998e-06	0.000000000000000e+00
3.850000000000000e-06	3.999999999999998e-06	0.000000000000000e+00
3.850000000000000e-06	4.199999999999998e-06	0.000000000000000e+00
3.850000000000000e-06	4.399999999999998e-06	0.000000000000000e+00
3.850000000000000e-06	4.599999999999997e-06	0.000000000000000e+00
3.850000000000000e-06	4.799999999999997e-06	0.000000000000000e+00
3.850000000000000e-06	4.999999999999997e-06	0.000000000000000e+00
3.850000000000000e-06	5.199999999999997e-06	0.000000000000000e+00
3.850000000000000e-06	5.399999999999997e-06	0.000000000000000e+00
3.850000000000000e-06	5.599999999999996e-06	0.000000000000000e+00
3.850000000000000e-06	5.799999999999996e-06	0.000000000000000e+00
3.850000000000000e-06	5.999999999999996e-06	0.000000000000000e+00
3.850000000000000e-06	6.199999999999996e-06	0.000000000000000e+00
3.850000000000000e-06	6.399999999999995e-06	0.000000000000000e+00
3.850000000000000e-06	6.599999999999995e-06	0.000000000000000e+00
3.850000000000000e-06	6.799999999999995e-06	0.000000000000000e+00
3.850000000000000e-06	6.999999999999995e-06	0.000000000000000e+00
3.850000000000000e-06	7.199999999999995e-06	0.000000000000000e+00
3.850000000000000e-06	7.399999999999994e-06	0.000000000000000e+00
3.850000000000000e-06	7.599999999999994e-06	0.000000000000000e+00
3.850000000000000e-06	7.799999999999995e-06	0.000000000000000e+00
3.850000000000000e-06	7.999999999999995e-06	0.000000000000000e+00
3.850000000000000e-06	8.199999999999994e-06	0.000000000000000e+00
3.850000000000000e-06	8.399999999999994e-06	0.000000000000000e+00
3.850000000000000e-06	8.599999999999994e-06	0.000000000000000e+00
3.850000000000000e-06	8.799999999999994e-06	0.000000000000000e+00
3.850000000000000e-06	8.999999999999993e-06	0.000000000000000e+00
3.850000000000000e-06	9.199999999999993e-06	0.000000000000000e+00
3.850000000000000e-06	9.399999999999993e-06	0.000000000000000e+00
3.850000000000000e-06	9.599999999999993e-06	0.000000000000000e+00
3.850000000000000e-06	9.799999999999993e-06	0.000000000000000e+00
3.850000000000000e-06	9.999999999999999e-06	0.000000000000000e+00
3.925000000000001e-06	0.000000000000000e+00	0.000000000000000e+00
3.925000000000001e-06	2.000000000000000e-07	0.000000000000000e+00
3.925000000000001e-06	4.000000000000000e-07	0.000000000000000e+00
3.925000000000001e-06	6.000000000000000e-07	0.000000000000000e+00
3.925000000000001e-06	8.000000000000000e-07	0.000000000000000e+00
3.925000000000001e-06	1.000000000000000e-06	0.000000000000000e+00
3.925000000000001e-06	1.200000000000000e-06	0.000000000000000e+00
3.925000000000001e-06	1.400000000000000e-06	0.000000000000000e+00
3.925000000000001e-06	1.600000000000000e-06	0.000000000000000e+00
3.925000000000001e-06	1.800000000000000e-06	0.000000000000000e+00
3.925000000000001e-06	2.000000000000000e-06	0.000000000000000e+00
3.925000000000001e-06	2.200000000000000e-06	0.000000000000000e+00
3.925000000000001e-06	2.400000000000000e-06	0.000000000000000e+00
3.925000000000001e-06	2.600000000000000e-06	0.000000000000000e+00
3.925000000000001e-06	2.799999999999999e-06	0.000000000000000e+00
3.925000000000001e-06	2.999999999999999e-06	0.000000000000000e+00
3.925000000000001e-06	3.199999999999999e-06	0.000000000000000e+00
3.925000000000001e-06	3.399999999999999e-06	0.000000000000000e+00
3.925000000000001e-06	3.599999999999999e-06	0.000000000000000e+00
3.925000000000001e-06	3.799999999999998e-06	0.000000000000000e+00
3.925000000000001e-06	3.999999999999998e-06	0.000000000000000e+00
3.925000000000001e-06	4.199999999999998e-06	0.000000000000000e+00
3.925000000000001e-06	4.399999999999998e-06	0.000000000000000e+00
3.925000000000001e-06	4.599999999999997e-06	0.000000000000000e+00
3.925000000000001e-06	4.799999999999997e-06	0.000000000000000e+00
3.925000000000001e-06	4.999999999999997e-06	0.000000000000000e+00
3.925000000000001e-06	5.199999999999997e-06	0.000000000000000e+00
3.925000000000001e-06	5.399999999999997e-06	0.000000000000000e+00
3.925000000000001e-06	5.599999999999996e-06	0.000000000000000e+00
3.925000000000001e-06	5.799999999999996e-06	0.000000000000000e+00
3.925000000000001e-06	5.999999999999996e-06	0.000000000000000e+00
3.925000000000001e-06	6.199999999999996e-06	0.000000000000000e+00
3.925000000000001e-06	6.399999999999995e-06	0.000000000000000e+00
3.925000000000001e-06	6.599999999999995e-06	0.000000000000000e+00
3.925000000000001e-06	6.799999999999995e-06	0.000000000000000e+00
3.925000000000001e-06	6.999999999999995e-06	0.000000000000000e+00
3.925000000000001e-06	7.199999999999995e-06	0.000000000000000e+00
3.925000000000001e-06	7.399999999999994e-06	0.000000000000000e+00
3.925000000000001e-06	7.599999999999994e-06	0.000000000000000e+00
3.925000000000001e-06	7.799999999999995e-06	0.000000000000000e+00
3.925000000000001e-06	7.999999999999995e-06	0.000000000000000e+00
3.925000000000001e-06	8.199999999999994e-06	0.000000000000000e+00
3.925000000000001e-06	8.399999999999994e-06	0.000000000000000e+00
3.925000000000001e-06	8.599999999999994e-06	0.000000000000000e+00
3.925000000000001e-06	8.799999999999994e-06	0.000000000000000e+00
3.925000000000001e-06	8.999999999999993e-06	0.000000000000000e+00
3.925000000000001e-06	9.199999999999993e-06	0.000000000000000e+00
3.925000000000001e-06	9.399999999999993e-06	0.000000000000000e+00
3.925000000000001e-06	9.599999999999993e-06	0.000000000000000e+00
3.925000000000001e-06	9.799999999999993e-06	0.000000000000000e+00
3.925000000000001e-06	9.999999999999999e-06	0.000000000000000e+00
4.000000000000000e-06	0.000000000000000e+00	0.000000000000000e+00
4.000000000000000e-06	2.000000000000000e-07	0.000000000000000e+00
4.000000000000000e-06	4.000000000000000e-07	0.000000000000000e+00
4.000000000000000e-06	6.000000000000000e-07	0.000000000000000e+00
4.000000000000000e-06	8.000000000000000e-07	0.000000000000000e+00
4.000000000000000e-06	1.000000000000000e-06	0.000000000000000e+00
4.000000000000000e-06	1.200000000000000e-06	0.000000000000000e+00
4.000000000000000e-06	1.400000000000000e-06	0.000000000000000e+00
4.000000000000000e-06	1.600000000000000e-06	0.000000000000000e+00
4.000000000000000e-06	1.800000000000000e-06	0.000000000000000e+00
4.000000000000000e-06	2.000000000000000e-06	0.000000000000000e+00
4.000000000000000e-06	2.200000000000000e-06	0.000000000000000e+00
4.000000000000000e-06	2.400000000000000e-06	0.000000000000000e+00
4.000000000000000e-06	2.600000000000000e-06	0.000000000000000e+00
4.000000000000000e-06	2.799999999999999e-06	0.000000000000000e+00
4.000000000000000e-06	2.999999999999999e-06	0.000000000000000e+00
4.000000000000000e-06	3.199999999999999e-06	0.000000000000000e+00
4.000000000000000e-06	3.399999999999999e-06	0.000000000000000e+00
4.000000000000000e-06	3.599999999999999e-06	0.000000000000000e+00
4.000000000000000e-06	3.799999999999998e-06	0.000000000000000e+00
4.000000000000000e-06	3.999999999999998e-06	0.000000000000000e+00
4.000000000000000e-06	4.199999999999998e-06	0.000000000000000e+00
4.000000000000000e-06	4.399999999999998e-06	0.000000000000000e+00
4.000000000000000e-06	4.599999999999997e-06	0.000000000000000e+00
4.000000000000000e-06	4.799999999999997e-06	0.000000000000000e+00
4.000000000000000e-06	4.999999999999997e-06	0.000000000000000e+00
4.000000000000000e-06	5.199999999999997e-06	0.000000000000000e+00
4.000000000000000e-06	5.399999999999997e-06	0.000000000000000e+00
4.000000000000000e-06	5.599999999999996e-06	0.000000000000000e+00
4.000000000000000e-06	5.799999999999996e-06	0.000000000000000e+00
4.000000000000000e-06	5.999999999999996e-06	0.000000000000000e+00
4.000000000000000e-06	6.199999999999996e-06	0.000000000000000e+00
4.000000000000000e-06	6.399999999999995e-06	0.000000000000000e+00
4.000000000000000e-06	6.599999999999995e-06	0.000000000000000e+00
4.000000000000000e-06	6.799999999999995e-06	0.000000000000000e+00
4.000000000000000e-06	6.999999999999995e-06	0.000000000000000e+00
4.000000000000000e-06	7.199999999999995e-06	0.000000000000000e+00
4.000000000000000e-06	7.399999999999994e-06	0.000000000000000e+00
4.000000000000000e-06	7.599999999999994e-06	0.000000000000000e+00
4.000000000000000e-06	7.799999999999995e-06	0.000000000000000e+00
4.000000000000000e-06	7.999999999999995e-06	0.000000000000000e+00
4.000000000000000e-06	8.199999999999994e-06	0.000000000000000e+00
4.000000000000000e-06	8.399999999999994e-06	0.000000000000000e+00
4.000000000000000e-06	8.599999999999994e-06	0.000000000000000e+00
4.000000000000000e-06	8.799999999999994e-06	0.000000000000000e+00
4.000000000000000e-06	8.999999999999993e-06	0.000000000000000e+00
4.000000000000000e-06	9.199999999999993e-06	0.000000000000000e+00
4.000000000000000e-06	9.399999999999993e-06	0.000000000000000e+00
4.000000000000000e-06	9.599999999999993e-06	0.000000000000000e+00
4.000000000000000e-06	9.799999999999993e-06	0.000000000000000e+00
4.000000000000000e-06	9.999999999999999e-06	0.000000000000000e+00
end_coordinates

begin_region "Air" "Air"
begin_nodes
3927
3928
3978
3979
3929
3980
3930
3981
3931
3982
3932
3983
3933
3984
3934
3985
3935
3986
3936
3987
3937
3988
3938
3989
3939
3990
3940
3991
3941
3992
3942
3993
3943
3994
3944
3995
3945
3996
3946
3997
3947
3998
3948
3999
3949
4000
3950
4001
3951
4002
3952
4003
3953
4004
3954
4005
3955
4006
3956
4007
3957
4008
3958
4009
3959
4010
3960
4011
3961
4012
3962
4013
3963
4014
3964
4015
3965
4016
3966
4017
3967
4018
3968
4019
3969
4020
3970
4021
3971
4022
3972
4023
3973
4024
3974
4025
3975
4026
3976
4027
3977
4028
4029
4030
4031
4032
4033
4034
4035
4036
4037
4038
4039
4040
4041
4042
4043
4044
4045
4046
4047
4048
4049
4050
4051
4052
4053
4054
4055
4056
4057
4058
4059
4060
4061
4062
4063
4064
4065
4066
4067
4068
4069
4070
4071
4072
4073
4074
4075
4076
4077
4078
4079
4080
4081
4082
4083
4084
4085
4086
4087
4088
4089
4090
4091
4092
4093
4094
4095
4096
4097
4098
4099
4100
4101
4102
4103
4104
4105
4106
4107
4108
4109
4110
4111
4112
4113
4114
4115
4116
4117
4118
4119
4120
4121
4122
4123
4124
4125
4126
4127
4128
4129
4130
end_nodes

begin_triangles
0	1	2
1	2	3
1	3	4
2	3	102
3	4	5
3	5	103
3	102	103
4	5	6
5	6	7
5	7	104
5	103	104
6	7	8
7	8	9
7	9	105
7	104	105
8	9	10
9	10	11
9	11	106
9	105	106
10	11	12
11	12	13
11	13	107
11	106	107
12	13	14
13	14	15
13	15	108
13	107	108
14	15	16
15	16	17
15	17	109
15	108	109
16	17	18
17	18	19
17	19	110
17	109	110
18	19	20
19	20	21
19	21	111
19	110	111
20	21	22
21	22	23
21	23	112
21	111	112
22	23	24
23	24	25
23	25	113
23	112	113
24	25	26
25	26	27
25	27	114
25	113	114
26	27	28
27	28	29
27	29	115
27	114	115
28	29	30
29	30	31
29	31	116
29	115	116
30	31	32
31	32	33
31	33	117
31	116	117
32	33	34
33	34	35
33	35	118
33	117	118
34	35	36
35	36	37
35	37	119
35	118	119
36	37	38
37	38	39
37	39	120
37	119	120
38	39	40
39	40	41
39	41	121
39	120	121
40	41	42
41	42	43
41	43	122
41	121	122
42	43	44
43	44	45
43	45	123
43	122	123
44	45	46
45	46	47
45	47	124
45	123	124
46	47	48
47	48	49
47	49	125
47	124	125
48	49	50
49	50	51
49	51	126
49	125	126
50	51	52
51	52	53
51	53	127
51	126	127
52	53	54
53	54	55
53	55	128
53	127	128
54	55	56
55	56	57
55	57	129
55	128	129
56	57	58
57	58	59
57	59	130
57	129	130
58	59	60
59	60	61
59	61	131
59	130	131
60	61	62
61	62	63
61	63	132
61	131	132
62	63	64
63	64	65
63	65	133
63	132	133
64	65	66
65	66	67
65	67	134
65	133	134
66	67	68
67	68	69
67	69	135
67	134	135
68	69	70
69	70	71
69	71	136
69	135	136
70	71	72
71	72	73
71	73	137
71	136	137
72	73	74
73	74	75
73	75	138
73	137	138
74	75	76
75	76	77
75	77	139
75	138	139
76	77	78
77	78	79
77	79	140
77	139	140
78	79	80
79	80	81
79	81	141
79	140	141
80	81	82
81	82	83
81	83	142
81	141	142
82	83	84
83	84	85
83	85	143
83	142	143
84	85	86
85	86	87
85	87	144
85	143	144
86	87	88
87	88	89
87	89	145
87	144	145
88	89	90
89	90	91
89	91	146
89	145	146
90	91	92
91	92	93
91	93	147
91	146	147
92	93	94
93	94	95
93	95	148
93	147	148
94	95	96
95	96	97
95	97	149
95	148	149
96	97	98
97	98	99
97	99	150
97	149	150
98	99	100
99	100	101
99	101	151
99	150	151
101	151	152
102	103	153
103	104	154
103	153	154
104	105	155
104	154	155
105	106	156
105	155	156
106	107	157
106	156	157
107	108	158
107	157	158
108	109	159
108	158	159
109	110	160
109	159	160
110	111	161
110	160	161
111	112	162
111	161	162
112	113	163
112	162	163
113	114	164
113	163	164
114	115	165
114	164	165
115	116	166
115	165	166
116	117	167
116	166	167
117	118	168
117	167	168
118	119	169
118	168	169
119	120	170
119	169	170
120	121	171
120	170	171
121	122	172
121	171	172
122	123	173
122	172	173
123	124	174
123	173	174
124	125	175
124	174	175
125	126	176
125	175	176
126	127	177
126	176	177
127	128	178
127	177	178
128	129	179
128	178	179
129	130	180
129	179	180
130	131	181
130	180	181
131	132	182
131	181	182
132	133	183
132	182	183
133	134	184
133	183	184
134	135	185
134	184	185
135	136	186
135	185	186
136	137	187
136	186	187
137	138	188
137	187	188
138	139	189
138	188	189
139	140	190
139	189	190
140	141	191
140	190	191
141	142	192
141	191	192
142	143	193
142	192	193
143	144	194
143	193	194
144	145	195
144	194	195
145	146	196
145	195	196
146	147	197
146	196	197
147	148	198
147	197	198
148	149	199
148	198	199
149	150	200
149	199	200
150	151	201
150	200	201
151	152	202
151	201	202
152	202	203
end_triangles

begin_node_model "AtContactNode"
BUILTIN
end_node_model

begin_node_model "ContactNSurfaceNormal_x"
DATAPARENT "SurfaceArea"
end_node_model

begin_node_model "ContactNSurfaceNormal_y"
DATAPARENT "SurfaceArea"
end_node_model

begin_node_model "ContactSurfaceArea"
DATAPARENT "SurfaceArea"
end_node_model

begin_node_model "NSurfaceNormal_x"
DATAPARENT "SurfaceArea"
end_node_model

begin_node_model "NSurfaceNormal_y"
DATAPARENT "SurfaceArea"
end_node_model

begin_node_model "NodeVolume"
BUILTIN
end_node_model

begin_node_model "SurfaceArea"
BUILTIN
end_node_model

begin_node_model "coordinate_index"
DATAPARENT "x"
end_node_model

begin_node_model "node_index"
DATAPARENT "x"
end_node_model

begin_node_model "x"
BUILTIN
end_node_model

begin_node_model "y"
DATAPARENT "x"
end_node_model

begin_node_model "z"
DATAPARENT "x"
end_node_model

begin_edge_model "EdgeCouple"
BUILTIN
end_edge_model

begin_edge_model "EdgeInverseLength"
BUILTIN
end_edge_model

begin_edge_model "EdgeLength"
BUILTIN
end_edge_model

begin_edge_model "EdgeNodeVolume"
BUILTIN
end_edge_model

begin_edge_model "edge_index"
BUILTIN
end_edge_model

begin_edge_model "unitx"
BUILTIN
end_edge_model

begin_edge_model "unity"
DATAPARENT "unitx"
end_edge_model

begin_triangle_edge_model "ElementEdgeCouple"
BUILTIN
end_triangle_edge_model

begin_triangle_edge_model "ElementNodeVolume"
BUILTIN
end_triangle_edge_model

end_region

begin_region "BlockingOxide" "Oxide"
begin_nodes
2091
2092
2142
2143
2093
2144
2094
2145
2095
2146
2096
2147
2097
2148
2098
2149
2099
2150
2100
2151
2101
2152
2102
2153
2103
2154
2104
2155
2105
2156
2106
2157
2107
2158
2108
2159
2109
2160
2110
2161
2111
2162
2112
2163
2113
2164
2114
2165
2115
2166
2116
2167
2117
2168
2118
2169
2119
2170
2120
2171
2121
2172
2122
2173
2123
2174
2124
2175
2125
2176
2126
2177
2127
2178
2128
2179
2129
2180
2130
2181
2131
2182
2132
2183
2133
2184
2134
2185
2135
2186
2136
2187
2137
2188
2138
2189
2139
2190
2140
2191
2141
2192
2193
2194
2195
2196
2197
2198
2199
2200
2201
2202
2203
2204
2205
2206
2207
2208
2209
2210
2211
2212
2213
2214
2215
2216
2217
2218
2219
2220
2221
2222
2223
2224
2225
2226
2227
2228
2229
2230
2231
2232
2233
2234
2235
2236
2237
2238
2239
2240
2241
2242
2243
2244
2245
2246
2247
2248
2249
2250
2251
2252
2253
2254
2255
2256
2257
2258
2259
2260
2261
2262
2263
2264
2265
2266
2267
2268
2269
2270
2271
2272
2273
2274
2275
2276
2277
2278
2279
2280
2281
2282
2283
2284
2285
2286
2287
2288
2289
2290
2291
2292
2293
2294
2295
2296
2297
2298
2299
2300
2301
2302
2303
2304
2305
2306
2307
2308
2309
2310
2311
2312
2313
2314
2315
2316
2317
2318
2319
2320
2321
2322
2323
2324
2325
2326
2327
2328
2329
2330
2331
2332
2333
2334
2335
2336
2337
2338
2339
2340
2341
2342
2343
2344
2345
2346
2347
2348
2349
2350
2351
2352
2353
2354
2355
2356
2357
2358
2359
2360
2361
2362
2363
2364
2365
2366
2367
2368
2369
2370
2371
2372
2373
2374
2375
2376
2377
2378
2379
2380
2381
2382
2383
2384
2385
2386
2387
2388
2389
2390
2391
2392
2393
2394
2395
2396
2397
2398
2399
2400
2401
2402
2403
2404
2405
2406
2407
2408
2409
2410
2411
2412
2413
2414
2415
2416
2417
2418
2419
2420
2421
2422
2423
2424
2425
2426
2427
2428
2429
2430
2431
2432
2433
2434
2435
2436
2437
2438
2439
2440
2441
2442
2443
2444
2445
2446
2447
2448
2449
2450
2451
2452
2453
2454
2455
2456
2457
2458
2459
2460
2461
2462
2463
2464
2465
2466
2467
2468
2469
2470
2471
2472
2473
2474
2475
2476
2477
2478
2479
2480
2481
2482
2483
2484
2485
2486
2487
2488
2489
2490
2491
2492
2493
2494
2495
2496
2497
2498
2499
2500
2501
2502
2503
2504
2505
2506
2507
2508
2509
2510
2511
2512
2513
2514
2515
2516
2517
2518
2519
2520
2521
2522
2523
2524
2525
2526
2527
2528
2529
2530
2531
2532
2533
2534
2535
2536
2537
2538
2539
2540
2541
2542
2543
2544
2545
2546
2547
2548
2549
2550
2551
2552
2553
2554
2555
2556
2557
2558
2559
2560
2561
2562
2563
2564
2565
2566
2567
2568
2569
2570
2571
2572
2573
2574
2575
2576
2577
2578
2579
2580
2581
2582
2583
2584
2585
2586
2587
2588
2589
2590
2591
2592
2593
2594
2595
2596
2597
2598
2599
2600
2601
2602
2603
2604
2605
2606
2607
2608
2609
2610
2611
2612
2613
2614
2615
2616
2617
2618
2619
2620
2621
2622
2623
2624
2625
2626
2627
2628
2629
2630
2631
2632
2633
2634
2635
2636
2637
2638
2639
2640
2641
2642
2643
2644
2645
2646
2647
2648
2649
2650
2651
2652
2653
2654
2655
2656
2657
2658
2659
2660
2661
2662
2663
2664
2665
2666
2667
2668
2669
2670
2671
2672
2673
2674
2675
2676
2677
2678
2679
2680
2681
2682
2683
2684
2685
2686
2687
2688
2689
2690
2691
2692
2693
2694
2695
2696
2697
2698
2699
2700
2701
2702
2703
2704
2705
2706
2707
2708
2709
2710
2711
2712
2713
2714
2715
2716
2717
2718
2719
2720
2721
2722
2723
2724
2725
2726
2727
2728
2729
2730
2731
2732
2733
2734
2735
2736
2737
2738
2739
2740
2741
2742
2743
2744
2745
2746
2747
2748
2749
2750
2751
2752
2753
2754
2755
2756
2757
2758
2759
2760
2761
2762
2763
2764
2765
2766
2767
2768
2769
2770
2771
2772
2773
2774
2775
2776
2777
2778
2779
2780
2781
2782
2783
2784
2785
2786
2787
2788
2789
2790
2791
2792
2793
2794
2795
2796
2797
2798
2799
2800
2801
2802
2803
2804
2805
2806
2807
2808
2809
2810
2811
2812
2813
2814
2815
2816
2817
2818
2819
2820
2821
2822
2823
2824
2825
2826
2827
2828
2829
2830
2831
2832
2833
2834
2835
2836
2837
2838
2839
2840
2841
2842
2843
2844
2845
2846
2847
2848
2849
2850
2851
2852
2853
2854
2855
2856
2857
2858
2859
2860
2861
2862
2863
2864
2865
2866
2867
2868
2869
2870
2871
2872
2873
2874
2875
2876
2877
2878
2879
2880
2881
2882
2883
2884
2885
2886
2887
2888
2889
2890
2891
2892
2893
2894
2895
2896
2897
2898
2899
2900
2901
2902
2903
2904
2905
2906
2907
2908
2909
2910
2911
2912
2913
2914
2915
2916
2917
2918
2919
2920
2921
2922
2923
2924
2925
2926
2927
2928
2929
2930
2931
2932
2933
2934
2935
2936
2937
2938
2939
2940
2941
2942
2943
2944
2945
2946
2947
2948
2949
2950
2951
2952
2953
2954
2955
2956
2957
2958
2959
2960
2961
2962
2963
2964
2965
2966
2967
2968
2969
2970
2971
2972
2973
2974
2975
2976
2977
2978
2979
2980
2981
2982
2983
2984
2985
2986
2987
2988
2989
2990
2991
2992
2993
2994
2995
2996
2997
2998
2999
3000
3001
3002
3003
3004
3005
3006
3007
3008
3009
3010
3011
3012
3013
3014
3015
3016
3017
3018
3019
3020
3021
3022
3023
3024
3025
3026
3027
3028
3029
3030
3031
3032
3033
3034
3035
3036
3037
3038
3039
3040
3041
3042
3043
3044
3045
3046
3047
3048
3049
3050
3051
3052
3053
3054
3055
3056
3057
3058
3059
3060
3061
3062
3063
3064
3065
3066
3067
3068
3069
3070
3071
3072
3073
3074
3075
3076
3077
3078
3079
3080
3081
3082
3083
3084
3085
3086
3087
3088
3089
3090
3091
3092
3093
3094
3095
3096
3097
3098
3099
3100
3101
3102
3103
3104
3105
3106
3107
3108
3109
3110
3111
3112
3113
3114
3115
3116
3117
3118
3119
3120
3121
3122
3123
3124
3125
3126
3127
3128
3129
3130
3131
3132
3133
3134
3135
3136
3137
3138
3139
3140
3141
3142
3143
3144
3145
3146
3147
3148
3149
3150
3151
3152
3153
3154
3155
3156
3157
3158
3159
3160
3161
3162
3163
3164
3165
3166
3167
3168
3169
3170
3171
3172
3173
3174
3175
3176
3177
3178
3179
3180
3181
3182
3183
3184
3185
3186
3187
3188
3189
3190
3191
3192
3193
3194
3195
3196
3197
3198
3199
3200
3201
3202
3203
3204
3205
3206
3207
3208
3209
3210
3211
3212
3213
3214
3215
3216
3217
3218
3219
3220
3221
3222
3223
3224
3225
3226
3227
3228
3229
3230
3231
3232
3233
3234
3235
3236
3237
3238
3239
3240
3241
3242
3243
3244
3245
3246
3247
3248
3249
3250
3251
3252
3253
3254
3255
3256
3257
3258
3259
3260
3261
3262
3263
3264
3265
3266
3267
3268
3269
3270
3271
3272
3273
3274
3275
3276
3277
3278
3279
3280
3281
3282
3283
3284
3285
3286
3287
3288
3289
3290
3291
3292
3293
3294
3295
3296
3297
3298
3299
3300
3301
3302
3303
3304
3305
3306
3307
3308
3309
3310
3311
3312
3313
3314
3315
3316
3317
3318
3319
3320
3321
3322
3323
3324
3325
3326
3327
3328
3329
3330
3331
3332
3333
3334
3335
3336
3337
3338
3339
3340
3341
3342
3343
3344
3345
3346
3347
3348
3349
3350
3351
3352
3353
3354
3355
3356
3357
3358
3359
3360
3361
3362
3363
3364
3365
3366
3367
3368
3369
3370
3371
3372
3373
3374
3375
3376
3377
3378
3379
3380
3381
3382
3383
3384
3385
3386
3387
3388
3389
3390
3391
3392
3393
3394
3395
3396
3397
3398
3399
3400
3401
3402
3403
3404
3405
3406
3407
3408
3409
3410
3411
3412
3413
3414
3415
3416
3417
3418
3419
3420
3421
3422
3423
3424
3425
3426
3427
3428
3429
3430
3431
3432
3433
3434
3435
3436
3437
3438
3439
3440
3441
3442
3443
3444
3445
3446
3447
3448
3449
3450
3451
3452
3453
3454
3455
3456
3457
3458
3459
3460
3461
3462
3463
3464
3465
3466
3467
3468
3469
3470
3471
3472
3473
3474
3475
3476
3477
3478
3479
3480
3481
3482
3483
3484
3485
3486
3487
3488
3489
3490
3491
3492
3493
3494
3495
3496
3497
3498
3499
3500
3501
3502
3503
3504
3505
3506
3507
3508
3509
3510
3511
3512
3513
3514
3515
3516
3517
3518
3519
3520
3521
3522
3523
3524
3525
3526
3527
3528
3529
3530
3531
3532
3533
3534
3535
3536
3537
3538
3539
3540
3541
3542
3543
3544
3545
3546
3547
3548
3549
3550
3551
3552
3553
3554
3555
3556
3557
3558
3559
3560
3561
3562
3563
3564
3565
3566
3567
3568
3569
3570
3571
3572
3573
3574
3575
3576
3577
3578
3579
3580
3581
3582
3583
3584
3585
3586
3587
3588
3589
3590
3591
3592
3593
3594
3595
3596
3597
3598
3599
3600
3601
3602
3603
3604
3605
3606
3607
3608
3609
3610
3611
3612
3613
3614
3615
3616
3617
3618
3619
3620
3621
3622
3623
3624
3625
3626
3627
3628
3629
3630
3631
3632
3633
3634
3635
3636
3637
3638
3639
3640
3641
3642
3643
3644
3645
3646
3647
3648
3649
3650
3651
3652
3653
3654
3655
3656
3657
3658
3659
3660
3661
3662
3663
3664
3665
3666
3667
3668
3669
3670
3671
3672
3673
3674
3675
3676
3677
3678
3679
3680
3681
3682
3683
3684
3685
3686
3687
3688
3689
3690
3691
3692
3693
3694
3695
3696
3697
3698
3699
3700
3701
3702
3703
3704
3705
3706
3707
3708
3709
3710
3711
3712
3713
3714
3715
3716
3717
3718
3719
3720
3721
3722
3723
3724
3725
3726
3727
3728
3729
3730
3731
3732
3733
3734
3735
3736
3737
3738
3739
3740
3741
3742
3743
3744
3745
3746
3747
3748
3749
3750
3751
3752
3753
3754
3755
3756
3757
3758
3759
3760
3761
3762
3763
3764
3765
3766
3767
3768
3769
3770
3771
3772
3773
end_nodes

begin_triangles
0	1	2
1	2	3
1	3	4
2	3	102
3	4	5
3	5	103
3	102	103
4	5	6
5	6	7
5	7	104
5	103	104
6	7	8
7	8	9
7	9	105
7	104	105
8	9	10
9	10	11
9	11	106
9	105	106
10	11	12
11	12	13
11	13	107
11	106	107
12	13	14
13	14	15
13	15	108
13	107	108
14	15	16
15	16	17
15	17	109
15	108	109
16	17	18
17	18	19
17	19	110
17	109	110
18	19	20
19	20	21
19	21	111
19	110	111
20	21	22
21	22	23
21	23	112
21	111	112
22	23	24
23	24	25
23	25	113
23	112	113
24	25	26
25	26	27
25	27	114
25	113	114
26	27	28
27	28	29
27	29	115
27	114	115
28	29	30
29	30	31
29	31	116
29	115	116
30	31	32
31	32	33
31	33	117
31	116	117
32	33	34
33	34	35
33	35	118
33	117	118
34	35	36
35	36	37
35	37	119
35	118	119
36	37	38
37	38	39
37	39	120
37	119	120
38	39	40
39	40	41
39	41	121
39	120	121
40	41	42
41	42	43
41	43	122
41	121	122
42	43	44
43	44	45
43	45	123
43	122	123
44	45	46
45	46	47
45	47	124
45	123	124
46	47	48
47	48	49
47	49	125
47	124	125
48	49	50
49	50	51
49	51	126
49	125	126
50	51	52
51	52	53
51	53	127
51	126	127
52	53	54
53	54	55
53	55	128
53	127	128
54	55	56
55	56	57
55	57	129
55	128	129
56	57	58
57	58	59
57	59	130
57	129	130
58	59	60
59	60	61
59	61	131
59	130	131
60	61	62
61	62	63
61	63	132
61	131	132
62	63	64
63	64	65
63	65	133
63	132	133
64	65	66
65	66	67
65	67	134
65	133	134
66	67	68
67	68	69
67	69	135
67	134	135
68	69	70
69	70	71
69	71	136
69	135	136
70	71	72
71	72	73
71	73	137
71	136	137
72	73	74
73	74	75
73	75	138
73	137	138
74	75	76
75	76	77
75	77	139
75	138	139
76	77	78
77	78	79
77	79	140
77	139	140
78	79	80
79	80	81
79	81	141
79	140	141
80	81	82
81	82	83
81	83	142
81	141	142
82	83	84
83	84	85
83	85	143
83	142	143
84	85	86
85	86	87
85	87	144
85	143	144
86	87	88
87	88	89
87	89	145
87	144	145
88	89	90
89	90	91
89	91	146
89	145	146
90	91	92
91	92	93
91	93	147
91	146	147
92	93	94
93	94	95
93	95	148
93	147	148
94	95	96
95	96	97
95	97	149
95	148	149
96	97	98
97	98	99
97	99	150
97	149	150
98	99	100
99	100	101
99	101	151
99	150	151
101	151	152
102	103	153
103	104	154
103	153	154
104	105	155
104	154	155
105	106	156
105	155	156
106	107	157
106	156	157
107	108	158
107	157	158
108	109	159
108	158	159
109	110	160
109	159	160
110	111	161
110	160	161
111	112	162
111	161	162
112	113	163
112	162	163
113	114	164
113	163	164
114	115	165
114	164	165
115	116	166
115	165	166
116	117	167
116	166	167
117	118	168
117	167	168
118	119	169
118	168	169
119	120	170
119	169	170
120	121	171
120	170	171
121	122	172
121	171	172
122	123	173
122	172	173
123	124	174
123	173	174
124	125	175
124	174	175
125	126	176
125	175	176
126	127	177
126	176	177
127	128	178
127	177	178
128	129	179
128	178	179
129	130	180
129	179	180
130	131	181
130	180	181
131	132	182
131	181	182
132	133	183
132	182	183
133	134	184
133	183	184
134	135	185
134	184	185
135	136	186
135	185	186
136	137	187
136	186	187
137	138	188
137	187	188
138	139	189
138	188	189
139	140	190
139	189	190
140	141	191
140	190	191
141	142	192
141	191	192
142	143	193
142	192	193
143	144	194
143	193	194
144	145	195
144	194	195
145	146	196
145	195	196
146	147	197
146	196	197
147	148	198
147	197	198
148	149	199
148	198	199
149	150	200
149	199	200
150	151	201
150	200	201
151	152	202
151	201	202
152	202	203
153	154	204
154	155	205
154	204	205
155	156	206
155	205	206
156	157	207
156	206	207
157	158	208
157	207	208
158	159	209
158	208	209
159	160	210
159	209	210
160	161	211
160	210	211
161	162	212
161	211	212
162	163	213
162	212	213
163	164	214
163	213	214
164	165	215
164	214	215
165	166	216
165	215	216
166	167	217
166	216	217
167	168	218
167	217	218
168	169	219
168	218	219
169	170	220
169	219	220
170	171	221
170	220	221
171	172	222
171	221	222
172	173	223
172	222	223
173	174	224
173	223	224
174	175	225
174	224	225
175	176	226
175	225	226
176	177	227
176	226	227
177	178	228
177	227	228
178	179	229
178	228	229
179	180	230
179	229	230
180	181	231
180	230	231
181	182	232
181	231	232
182	183	233
182	232	233
183	184	234
183	233	234
184	185	235
184	234	235
185	186	236
185	235	236
186	187	237
186	236	237
187	188	238
187	237	238
188	189	239
188	238	239
189	190	240
189	239	240
190	191	241
190	240	241
191	192	242
191	241	242
192	193	243
192	242	243
193	194	244
193	243	244
194	195	245
194	244	245
195	196	246
195	245	246
196	197	247
196	246	247
197	198	248
197	247	248
198	199	249
198	248	249
199	200	250
199	249	250
200	201	251
200	250	251
201	202	252
201	251	252
202	203	253
202	252	253
203	253	254
204	205	255
205	206	256
205	255	256
206	207	257
206	256	257
207	208	258
207	257	258
208	209	259
208	258	259
209	210	260
209	259	260
210	211	261
210	260	261
211	212	262
211	261	262
212	213	263
212	262	263
213	214	264
213	263	264
214	215	265
214	264	265
215	216	266
215	265	266
216	217	267
216	266	267
217	218	268
217	267	268
218	219	269
218	268	269
219	220	270
219	269	270
220	221	271
220	270	271
221	222	272
221	271	272
222	223	273
222	272	273
223	224	274
223	273	274
224	225	275
224	274	275
225	226	276
225	275	276
226	227	277
226	276	277
227	228	278
227	277	278
228	229	279
228	278	279
229	230	280
229	279	280
230	231	281
230	280	281
231	232	282
231	281	282
232	233	283
232	282	283
233	234	284
233	283	284
234	235	285
234	284	285
235	236	286
235	285	286
236	237	287
236	286	287
237	238	288
237	287	288
238	239	289
238	288	289
239	240	290
239	289	290
240	241	291
240	290	291
241	242	292
241	291	292
242	243	293
242	292	293
243	244	294
243	293	294
244	245	295
244	294	295
245	246	296
245	295	296
246	247	297
246	296	297
247	248	298
247	297	298
248	249	299
248	298	299
249	250	300
249	299	300
250	251	301
250	300	301
251	252	302
251	301	302
252	253	303
252	302	303
253	254	304
253	303	304
254	304	305
255	256	306
256	257	307
256	306	307
257	258	308
257	307	308
258	259	309
258	308	309
259	260	310
259	309	310
260	261	311
260	310	311
261	262	312
261	311	312
262	263	313
262	312	313
263	264	314
263	313	314
264	265	315
264	314	315
265	266	316
265	315	316
266	267	317
266	316	317
267	268	318
267	317	318
268	269	319
268	318	319
269	270	320
269	319	320
270	271	321
270	320	321
271	272	322
271	321	322
272	273	323
272	322	323
273	274	324
273	323	324
274	275	325
274	324	325
275	276	326
275	325	326
276	277	327
276	326	327
277	278	328
277	327	328
278	279	329
278	328	329
279	280	330
279	329	330
280	281	331
280	330	331
281	282	332
281	331	332
282	283	333
282	332	333
283	284	334
283	333	334
284	285	335
284	334	335
285	286	336
285	335	336
286	287	337
286	336	337
287	288	338
287	337	338
288	289	339
288	338	339
289	290	340
289	339	340
290	291	341
290	340	341
291	292	342
291	341	342
292	293	343
292	342	343
293	294	344
293	343	344
294	295	345
294	344	345
295	296	346
295	345	346
296	297	347
296	346	347
297	298	348
297	347	348
298	299	349
298	348	349
299	300	350
299	349	350
300	301	351
300	350	351
301	302	352
301	351	352
302	303	353
302	352	353
303	304	354
303	353	354
304	305	355
304	354	355
305	355	356
306	307	357
307	308	358
307	357	358
308	309	359
308	358	359
309	310	360
309	359	360
310	311	361
310	360	361
311	312	362
311	361	362
312	313	363
312	362	363
313	314	364
313	363	364
314	315	365
314	364	365
315	316	366
315	365	366
316	317	367
316	366	367
317	318	368
317	367	368
318	319	369
318	368	369
319	320	370
319	369	370
320	321	371
320	370	371
321	322	372
321	371	372
322	323	373
322	372	373
323	324	374
323	373	374
324	325	375
324	374	375
325	326	376
325	375	376
326	327	377
326	376	377
327	328	378
327	377	378
328	329	379
328	378	379
329	330	380
329	379	380
330	331	381
330	380	381
331	332	382
331	381	382
332	333	383
332	382	383
333	334	384
333	383	384
334	335	385
334	384	385
335	336	386
335	385	386
336	337	387
336	386	387
337	338	388
337	387	388
338	339	389
338	388	389
339	340	390
339	389	390
340	341	391
340	390	391
341	342	392
341	391	392
342	343	393
342	392	393
343	344	394
343	393	394
344	345	395
344	394	395
345	346	396
345	395	396
346	347	397
346	396	397
347	348	398
347	397	398
348	349	399
348	398	399
349	350	400
349	399	400
350	351	401
350	400	401
351	352	402
351	401	402
352	353	403
352	402	403
353	354	404
353	403	404
354	355	405
354	404	405
355	356	406
355	405	406
356	406	407
357	358	408
358	359	409
358	408	409
359	360	410
359	409	410
360	361	411
360	410	411
361	362	412
361	411	412
362	363	413
362	412	413
363	364	414
363	413	414
364	365	415
364	414	415
365	366	416
365	415	416
366	367	417
366	416	417
367	368	418
367	417	418
368	369	419
368	418	419
369	370	420
369	419	420
370	371	421
370	420	421
371	372	422
371	421	422
372	373	423
372	422	423
373	374	424
373	423	424
374	375	425
374	424	425
375	376	426
375	425	426
376	377	427
376	426	427
377	378	428
377	427	428
378	379	429
378	428	429
379	380	430
379	429	430
380	381	431
380	430	431
381	382	432
381	431	432
382	383	433
382	432	433
383	384	434
383	433	434
384	385	435
384	434	435
385	386	436
385	435	436
386	387	437
386	436	437
387	388	438
387	437	438
388	389	439
388	438	439
389	390	440
389	439	440
390	391	441
390	440	441
391	392	442
391	441	442
392	393	443
392	442	443
393	394	444
393	443	444
394	395	445
394	444	445
395	396	446
395	445	446
396	397	447
396	446	447
397	398	448
397	447	448
398	399	449
398	448	449
399	400	450
399	449	450
400	401	451
400	450	451
401	402	452
401	451	452
402	403	453
402	452	453
403	404	454
403	453	454
404	405	455
404	454	455
405	406	456
405	455	456
406	407	457
406	456	457
407	457	458
408	409	459
409	410	460
409	459	460
410	411	461
410	460	461
411	412	462
411	461	462
412	413	463
412	462	463
413	414	464
413	463	464
414	415	465
414	464	465
415	416	466
415	465	466
416	417	467
416	466	467
417	418	468
417	467	468
418	419	469
418	468	469
419	420	470
419	469	470
420	421	471
420	470	471
421	422	472
421	471	472
422	423	473
422	472	473
423	424	474
423	473	474
424	425	475
424	474	475
425	426	476
425	475	476
426	427	477
426	476	477
427	428	478
427	477	478
428	429	479
428	478	479
429	430	480
429	479	480
430	431	481
430	480	481
431	432	482
431	481	482
432	433	483
432	482	483
433	434	484
433	483	484
434	435	485
434	484	485
435	436	486
435	485	486
436	437	487
436	486	487
437	438	488
437	487	488
438	439	489
438	488	489
439	440	490
439	489	490
440	441	491
440	490	491
441	442	492
441	491	492
442	443	493
442	492	493
443	444	494
443	493	494
444	445	495
444	494	495
445	446	496
445	495	496
446	447	497
446	496	497
447	448	498
447	497	498
448	449	499
448	498	499
449	450	500
449	499	500
450	451	501
450	500	501
451	452	502
451	501	502
452	453	503
452	502	503
453	454	504
453	503	504
454	455	505
454	504	505
455	456	506
455	505	506
456	457	507
456	506	507
457	458	508
457	507	508
458	508	509
459	460	510
460	461	511
460	510	511
461	462	512
461	511	512
462	463	513
462	512	513
463	464	514
463	513	514
464	465	515
464	514	515
465	466	516
465	515	516
466	467	517
466	516	517
467	468	518
467	517	518
468	469	519
468	518	519
469	470	520
469	519	520
470	471	521
470	520	521
471	472	522
471	521	522
472	473	523
472	522	523
473	474	524
473	523	524
474	475	525
474	524	525
475	476	526
475	525	526
476	477	527
476	526	527
477	478	528
477	527	528
478	479	529
478	528	529
479	480	530
479	529	530
480	481	531
480	530	531
481	482	532
481	531	532
482	483	533
482	532	533
483	484	534
483	533	534
484	485	535
484	534	535
485	486	536
485	535	536
486	487	537
486	536	537
487	488	538
487	537	538
488	489	539
488	538	539
489	490	540
489	539	540
490	491	541
490	540	541
491	492	542
491	541	542
492	493	543
492	542	543
493	494	544
493	543	544
494	495	545
494	544	545
495	496	546
495	545	546
496	497	547
496	546	547
497	498	548
497	547	548
498	499	549
498	548	549
499	500	550
499	549	550
500	501	551
500	550	551
501	502	552
501	551	552
502	503	553
502	552	553
503	504	554
503	553	554
504	505	555
504	554	555
505	506	556
505	555	556
506	507	557
506	556	557
507	508	558
507	557	558
508	509	559
508	558	559
509	559	560
510	511	561
511	512	562
511	561	562
512	513	563
512	562	563
513	514	564
513	563	564
514	515	565
514	564	565
515	516	566
515	565	566
516	517	567
516	566	567
517	518	568
517	567	568
518	519	569
518	568	569
519	520	570
519	569	570
520	521	571
520	570	571
521	522	572
521	571	572
522	523	573
522	572	573
523	524	574
523	573	574
524	525	575
524	574	575
525	526	576
525	575	576
526	527	577
526	576	577
527	528	578
527	577	578
528	529	579
528	578	579
529	530	580
529	579	580
530	531	581
530	580	581
531	532	582
531	581	582
532	533	583
532	582	583
533	534	584
533	583	584
534	535	585
534	584	585
535	536	586
535	585	586
536	537	587
536	586	587
537	538	588
537	587	588
538	539	589
538	588	589
539	540	590
539	589	590
540	541	591
540	590	591
541	542	592
541	591	592
542	543	593
542	592	593
543	544	594
543	593	594
544	545	595
544	594	595
545	546	596
545	595	596
546	547	597
546	596	597
547	548	598
547	597	598
548	549	599
548	598	599
549	550	600
549	599	600
550	551	601
550	600	601
551	552	602
551	601	602
552	553	603
552	602	603
553	554	604
553	603	604
554	555	605
554	604	605
555	556	606
555	605	606
556	557	607
556	606	607
557	558	608
557	607	608
558	559	609
558	608	609
559	560	610
559	609	610
560	610	611
561	562	612
562	563	613
562	612	613
563	564	614
563	613	614
564	565	615
564	614	615
565	566	616
565	615	616
566	567	617
566	616	617
567	568	618
567	617	618
568	569	619
568	618	619
569	570	620
569	619	620
570	571	621
570	620	621
571	572	622
571	621	622
572	573	623
572	622	623
573	574	624
573	623	624
574	575	625
574	624	625
575	576	626
575	625	626
576	577	627
576	626	627
577	578	628
577	627	628
578	579	629
578	628	629
579	580	630
579	629	630
580	581	631
580	630	631
581	582	632
581	631	632
582	583	633
582	632	633
583	584	634
583	633	634
584	585	635
584	634	635
585	586	636
585	635	636
586	587	637
586	636	637
587	588	638
587	637	638
588	589	639
588	638	639
589	590	640
589	639	640
590	591	641
590	640	641
591	592	642
591	641	642
592	593	643
592	642	643
593	594	644
593	643	644
594	595	645
594	644	645
595	596	646
595	645	646
596	597	647
596	646	647
597	598	648
597	647	648
598	599	649
598	648	649
599	600	650
599	649	650
600	601	651
600	650	651
601	602	652
601	651	652
602	603	653
602	652	653
603	604	654
603	653	654
604	605	655
604	654	655
605	606	656
605	655	656
606	607	657
606	656	657
607	608	658
607	657	658
608	609	659
608	658	659
609	610	660
609	659	660
610	611	661
610	660	661
611	661	662
612	613	663
613	614	664
613	663	664
614	615	665
614	664	665
615	616	666
615	665	666
616	617	667
616	666	667
617	618	668
617	667	668
618	619	669
618	668	669
619	620	670
619	669	670
620	621	671
620	670	671
621	622	672
621	671	672
622	623	673
622	672	673
623	624	674
623	673	674
624	625	675
624	674	675
625	626	676
625	675	676
626	627	677
626	676	677
627	628	678
627	677	678
628	629	679
628	678	679
629	630	680
629	679	680
630	631	681
630	680	681
631	632	682
631	681	682
632	633	683
632	682	683
633	634	684
633	683	684
634	635	685
634	684	685
635	636	686
635	685	686
636	637	687
636	686	687
637	638	688
637	687	688
638	639	689
638	688	689
639	640	690
639	689	690
640	641	691
640	690	691
641	642	692
641	691	692
642	643	693
642	692	693
643	644	694
643	693	694
644	645	695
644	694	695
645	646	696
645	695	696
646	647	697
646	696	697
647	648	698
647	697	698
648	649	699
648	698	699
649	650	700
649	699	700
650	651	701
650	700	701
651	652	702
651	701	702
652	653	703
652	702	703
653	654	704
653	703	704
654	655	705
654	704	705
655	656	706
655	705	706
656	657	707
656	706	707
657	658	708
657	707	708
658	659	709
658	708	709
659	660	710
659	709	710
660	661	711
660	710	711
661	662	712
661	711	712
662	712	713
663	664	714
664	665	715
664	714	715
665	666	716
665	715	716
666	667	717
666	716	717
667	668	718
667	717	718
668	669	719
668	718	719
669	670	720
669	719	720
670	671	721
670	720	721
671	672	722
671	721	722
672	673	723
672	722	723
673	674	724
673	723	724
674	675	725
674	724	725
675	676	726
675	725	726
676	677	727
676	726	727
677	678	728
677	727	728
678	679	729
678	728	729
679	680	730
679	729	730
680	681	731
680	730	731
681	682	732
681	731	732
682	683	733
682	732	733
683	684	734
683	733	734
684	685	735
684	734	735
685	686	736
685	735	736
686	687	737
686	736	737
687	688	738
687	737	738
688	689	739
688	738	739
689	690	740
689	739	740
690	691	741
690	740	741
691	692	742
691	741	742
692	693	743
692	742	743
693	694	744
693	743	744
694	695	745
694	744	745
695	696	746
695	745	746
696	697	747
696	746	747
697	698	748
697	747	748
698	699	749
698	748	749
699	700	750
699	749	750
700	701	751
700	750	751
701	702	752
701	751	752
702	703	753
702	752	753
703	704	754
703	753	754
704	705	755
704	754	755
705	706	756
705	755	756
706	707	757
706	756	757
707	708	758
707	757	758
708	709	759
708	758	759
709	710	760
709	759	760
710	711	761
710	760	761
711	712	762
711	761	762
712	713	763
712	762	763
713	763	764
714	715	765
715	716	766
715	765	766
716	717	767
716	766	767
717	718	768
717	767	768
718	719	769
718	768	769
719	720	770
719	769	770
720	721	771
720	770	771
721	722	772
721	771	772
722	723	773
722	772	773
723	724	774
723	773	774
724	725	775
724	774	775
725	726	776
725	775	776
726	727	777
726	776	777
727	728	778
727	777	778
728	729	779
728	778	779
729	730	780
729	779	780
730	731	781
730	780	781
731	732	782
731	781	782
732	733	783
732	782	783
733	734	784
733	783	784
734	735	785
734	784	785
735	736	786
735	785	786
736	737	787
736	786	787
737	738	788
737	787	788
738	739	789
738	788	789
739	740	790
739	789	790
740	741	791
740	790	791
741	742	792
741	791	792
742	743	793
742	792	793
743	744	794
743	793	794
744	745	795
744	794	795
745	746	796
745	795	796
746	747	797
746	796	797
747	748	798
747	797	798
748	749	799
748	798	799
749	750	800
749	799	800
750	751	801
750	800	801
751	752	802
751	801	802
752	753	803
752	802	803
753	754	804
753	803	804
754	755	805
754	804	805
755	756	806
755	805	806
756	757	807
756	806	807
757	758	808
757	807	808
758	759	809
758	808	809
759	760	810
759	809	810
760	761	811
760	810	811
761	762	812
761	811	812
762	763	813
762	812	813
763	764	814
763	813	814
764	814	815
765	766	816
766	767	817
766	816	817
767	768	818
767	817	818
768	769	819
768	818	819
769	770	820
769	819	820
770	771	821
770	820	821
771	772	822
771	821	822
772	773	823
772	822	823
773	774	824
773	823	824
774	775	825
774	824	825
775	776	826
775	825	826
776	777	827
776	826	827
777	778	828
777	827	828
778	779	829
778	828	829
779	780	830
779	829	830
780	781	831
780	830	831
781	782	832
781	831	832
782	783	833
782	832	833
783	784	834
783	833	834
784	785	835
784	834	835
785	786	836
785	835	836
786	787	837
786	836	837
787	788	838
787	837	838
788	789	839
788	838	839
789	790	840
789	839	840
790	791	841
790	840	841
791	792	842
791	841	842
792	793	843
792	842	843
793	794	844
793	843	844
794	795	845
794	844	845
795	796	846
795	845	846
796	797	847
796	846	847
797	798	848
797	847	848
798	799	849
798	848	849
799	800	850
799	849	850
800	801	851
800	850	851
801	802	852
801	851	852
802	803	853
802	852	853
803	804	854
803	853	854
804	805	855
804	854	855
805	806	856
805	855	856
806	807	857
806	856	857
807	808	858
807	857	858
808	809	859
808	858	859
809	810	860
809	859	860
810	811	861
810	860	861
811	812	862
811	861	862
812	813	863
812	862	863
813	814	864
813	863	864
814	815	865
814	864	865
815	865	866
816	817	867
817	818	868
817	867	868
818	819	869
818	868	869
819	820	870
819	869	870
820	821	871
820	870	871
821	822	872
821	871	872
822	823	873
822	872	873
823	824	874
823	873	874
824	825	875
824	874	875
825	826	876
825	875	876
826	827	877
826	876	877
827	828	878
827	877	878
828	829	879
828	878	879
829	830	880
829	879	880
830	831	881
830	880	881
831	832	882
831	881	882
832	833	883
832	882	883
833	834	884
833	883	884
834	835	885
834	884	885
835	836	886
835	885	886
836	837	887
836	886	887
837	838	888
837	887	888
838	839	889
838	888	889
839	840	890
839	889	890
840	841	891
840	890	891
841	842	892
841	891	892
842	843	893
842	892	893
843	844	894
843	893	894
844	845	895
844	894	895
845	846	896
845	895	896
846	847	897
846	896	897
847	848	898
847	897	898
848	849	899
848	898	899
849	850	900
849	899	900
850	851	901
850	900	901
851	852	902
851	901	902
852	853	903
852	902	903
853	854	904
853	903	904
854	855	905
854	904	905
855	856	906
855	905	906
856	857	907
856	906	907
857	858	908
857	907	908
858	859	909
858	908	909
859	860	910
859	909	910
860	861	911
860	910	911
861	862	912
861	911	912
862	863	913
862	912	913
863	864	914
863	913	914
864	865	915
864	914	915
865	866	916
865	915	916
866	916	917
867	868	918
868	869	919
868	918	919
869	870	920
869	919	920
870	871	921
870	920	921
871	872	922
871	921	922
872	873	923
872	922	923
873	874	924
873	923	924
874	875	925
874	924	925
875	876	926
875	925	926
876	877	927
876	926	927
877	878	928
877	927	928
878	879	929
878	928	929
879	880	930
879	929	930
880	881	931
880	930	931
881	882	932
881	931	932
882	883	933
882	932	933
883	884	934
883	933	934
884	885	935
884	934	935
885	886	936
885	935	936
886	887	937
886	936	937
887	888	938
887	937	938
888	889	939
888	938	939
889	890	940
889	939	940
890	891	941
890	940	941
891	892	942
891	941	942
892	893	943
892	942	943
893	894	944
893	943	944
894	895	945
894	944	945
895	896	946
895	945	946
896	897	947
896	946	947
897	898	948
897	947	948
898	899	949
898	948	949
899	900	950
899	949	950
900	901	951
900	950	951
901	902	952
901	951	952
902	903	953
902	952	953
903	904	954
903	953	954
904	905	955
904	954	955
905	906	956
905	955	956
906	907	957
906	956	957
907	908	958
907	957	958
908	909	959
908	958	959
909	910	960
909	959	960
910	911	961
910	960	961
911	912	962
911	961	962
912	913	963
912	962	963
913	914	964
913	963	964
914	915	965
914	964	965
915	916	966
915	965	966
916	917	967
916	966	967
917	967	968
918	919	969
919	920	970
919	969	970
920	921	971
920	970	971
921	922	972
921	971	972
922	923	973
922	972	973
923	924	974
923	973	974
924	925	975
924	974	975
925	926	976
925	975	976
926	927	977
926	976	977
927	928	978
927	977	978
928	929	979
928	978	979
929	930	980
929	979	980
930	931	981
930	980	981
931	932	982
931	981	982
932	933	983
932	982	983
933	934	984
933	983	984
934	935	985
934	984	985
935	936	986
935	985	986
936	937	987
936	986	987
937	938	988
937	987	988
938	939	989
938	988	989
939	940	990
939	989	990
940	941	991
940	990	991
941	942	992
941	991	992
942	943	993
942	992	993
943	944	994
943	993	994
944	945	995
944	994	995
945	946	996
945	995	996
946	947	997
946	996	997
947	948	998
947	997	998
948	949	999
948	998	999
949	950	1000
949	999	1000
950	951	1001
950	1000	1001
951	952	1002
951	1001	1002
952	953	1003
952	1002	1003
953	954	1004
953	1003	1004
954	955	1005
954	1004	1005
955	956	1006
955	1005	1006
956	957	1007
956	1006	1007
957	958	1008
957	1007	1008
958	959	1009
958	1008	1009
959	960	1010
959	1009	1010
960	961	1011
960	1010	1011
961	962	1012
961	1011	1012
962	963	1013
962	1012	1013
963	964	1014
963	1013	1014
964	965	1015
964	1014	1015
965	966	1016
965	1015	1016
966	967	1017
966	1016	1017
967	968	1018
967	1017	1018
968	1018	1019
969	970	1020
970	971	1021
970	1020	1021
971	972	1022
971	1021	1022
972	973	1023
972	1022	1023
973	974	1024
973	1023	1024
974	975	1025
974	1024	1025
975	976	1026
975	1025	1026
976	977	1027
976	1026	1027
977	978	1028
977	1027	1028
978	979	1029
978	1028	1029
979	980	1030
979	1029	1030
980	981	1031
980	1030	1031
981	982	1032
981	1031	1032
982	983	1033
982	1032	1033
983	984	1034
983	1033	1034
984	985	1035
984	1034	1035
985	986	1036
985	1035	1036
986	987	1037
986	1036	1037
987	988	1038
987	1037	1038
988	989	1039
988	1038	1039
989	990	1040
989	1039	1040
990	991	1041
990	1040	1041
991	992	1042
991	1041	1042
992	993	1043
992	1042	1043
993	994	1044
993	1043	1044
994	995	1045
994	1044	1045
995	996	1046
995	1045	1046
996	997	1047
996	1046	1047
997	998	1048
997	1047	1048
998	999	1049
998	1048	1049
999	1000	1050
999	1049	1050
1000	1001	1051
1000	1050	1051
1001	1002	1052
1001	1051	1052
1002	1003	1053
1002	1052	1053
1003	1004	1054
1003	1053	1054
1004	1005	1055
1004	1054	1055
1005	1006	1056
1005	1055	1056
1006	1007	1057
1006	1056	1057
1007	1008	1058
1007	1057	1058
1008	1009	1059
1008	1058	1059
1009	1010	1060
1009	1059	1060
1010	1011	1061
1010	1060	1061
1011	1012	1062
1011	1061	1062
1012	1013	1063
1012	1062	1063
1013	1014	1064
1013	1063	1064
1014	1015	1065
1014	1064	1065
1015	1016	1066
1015	1065	1066
1016	1017	1067
1016	1066	1067
1017	1018	1068
1017	1067	1068
1018	1019	1069
1018	1068	1069
1019	1069	1070
1020	1021	1071
1021	1022	1072
1021	1071	1072
1022	1023	1073
1022	1072	1073
1023	1024	1074
1023	1073	1074
1024	1025	1075
1024	1074	1075
1025	1026	1076
1025	1075	1076
1026	1027	1077
1026	1076	1077
1027	1028	1078
1027	1077	1078
1028	1029	1079
1028	1078	1079
1029	1030	1080
1029	1079	1080
1030	1031	1081
1030	1080	1081
1031	1032	1082
1031	1081	1082
1032	1033	1083
1032	1082	1083
1033	1034	1084
1033	1083	1084
1034	1035	1085
1034	1084	1085
1035	1036	1086
1035	1085	1086
1036	1037	1087
1036	1086	1087
1037	1038	1088
1037	1087	1088
1038	1039	1089
1038	1088	1089
1039	1040	1090
1039	1089	1090
1040	1041	1091
1040	1090	1091
1041	1042	1092
1041	1091	1092
1042	1043	1093
1042	1092	1093
1043	1044	1094
1043	1093	1094
1044	1045	1095
1044	1094	1095
1045	1046	1096
1045	1095	1096
1046	1047	1097
1046	1096	1097
1047	1048	1098
1047	1097	1098
1048	1049	1099
1048	1098	1099
1049	1050	1100
1049	1099	1100
1050	1051	1101
1050	1100	1101
1051	1052	1102
1051	1101	1102
1052	1053	1103
1052	1102	1103
1053	1054	1104
1053	1103	1104
1054	1055	1105
1054	1104	1105
1055	1056	1106
1055	1105	1106
1056	1057	1107
1056	1106	1107
1057	1058	1108
1057	1107	1108
1058	1059	1109
1058	1108	1109
1059	1060	1110
1059	1109	1110
1060	1061	1111
1060	1110	1111
1061	1062	1112
1061	1111	1112
1062	1063	1113
1062	1112	1113
1063	1064	1114
1063	1113	1114
1064	1065	1115
1064	1114	1115
1065	1066	1116
1065	1115	1116
1066	1067	1117
1066	1116	1117
1067	1068	1118
1067	1117	1118
1068	1069	1119
1068	1118	1119
1069	1070	1120
1069	1119	1120
1070	1120	1121
1071	1072	1122
1072	1073	1123
1072	1122	1123
1073	1074	1124
1073	1123	1124
1074	1075	1125
1074	1124	1125
1075	1076	1126
1075	1125	1126
1076	1077	1127
1076	1126	1127
1077	1078	1128
1077	1127	1128
1078	1079	1129
1078	1128	1129
1079	1080	1130
1079	1129	1130
1080	1081	1131
1080	1130	1131
1081	1082	1132
1081	1131	1132
1082	1083	1133
1082	1132	1133
1083	1084	1134
1083	1133	1134
1084	1085	1135
1084	1134	1135
1085	1086	1136
1085	1135	1136
1086	1087	1137
1086	1136	1137
1087	1088	1138
1087	1137	1138
1088	1089	1139
1088	1138	1139
1089	1090	1140
1089	1139	1140
1090	1091	1141
1090	1140	1141
1091	1092	1142
1091	1141	1142
1092	1093	1143
1092	1142	1143
1093	1094	1144
1093	1143	1144
1094	1095	1145
1094	1144	1145
1095	1096	1146
1095	1145	1146
1096	1097	1147
1096	1146	1147
1097	1098	1148
1097	1147	1148
1098	1099	1149
1098	1148	1149
1099	1100	1150
1099	1149	1150
1100	1101	1151
1100	1150	1151
1101	1102	1152
1101	1151	1152
1102	1103	1153
1102	1152	1153
1103	1104	1154
1103	1153	1154
1104	1105	1155
1104	1154	1155
1105	1106	1156
1105	1155	1156
1106	1107	1157
1106	1156	1157
1107	1108	1158
1107	1157	1158
1108	1109	1159
1108	1158	1159
1109	1110	1160
1109	1159	1160
1110	1111	1161
1110	1160	1161
1111	1112	1162
1111	1161	1162
1112	1113	1163
1112	1162	1163
1113	1114	1164
1113	1163	1164
1114	1115	1165
1114	1164	1165
1115	1116	1166
1115	1165	1166
1116	1117	1167
1116	1166	1167
1117	1118	1168
1117	1167	1168
1118	1119	1169
1118	1168	1169
1119	1120	1170
1119	1169	1170
1120	1121	1171
1120	1170	1171
1121	1171	1172
1122	1123	1173
1123	1124	1174
1123	1173	1174
1124	1125	1175
1124	1174	1175
1125	1126	1176
1125	1175	1176
1126	1127	1177
1126	1176	1177
1127	1128	1178
1127	1177	1178
1128	1129	1179
1128	1178	1179
1129	1130	1180
1129	1179	1180
1130	1131	1181
1130	1180	1181
1131	1132	1182
1131	1181	1182
1132	1133	1183
1132	1182	1183
1133	1134	1184
1133	1183	1184
1134	1135	1185
1134	1184	1185
1135	1136	1186
1135	1185	1186
1136	1137	1187
1136	1186	1187
1137	1138	1188
1137	1187	1188
1138	1139	1189
1138	1188	1189
1139	1140	1190
1139	1189	1190
1140	1141	1191
1140	1190	1191
1141	1142	1192
1141	1191	1192
1142	1143	1193
1142	1192	1193
1143	1144	1194
1143	1193	1194
1144	1145	1195
1144	1194	1195
1145	1146	1196
1145	1195	1196
1146	1147	1197
1146	1196	1197
1147	1148	1198
1147	1197	1198
1148	1149	1199
1148	1198	1199
1149	1150	1200
1149	1199	1200
1150	1151	1201
1150	1200	1201
1151	1152	1202
1151	1201	1202
1152	1153	1203
1152	1202	1203
1153	1154	1204
1153	1203	1204
1154	1155	1205
1154	1204	1205
1155	1156	1206
1155	1205	1206
1156	1157	1207
1156	1206	1207
1157	1158	1208
1157	1207	1208
1158	1159	1209
1158	1208	1209
1159	1160	1210
1159	1209	1210
1160	1161	1211
1160	1210	1211
1161	1162	1212
1161	1211	1212
1162	1163	1213
1162	1212	1213
1163	1164	1214
1163	1213	1214
1164	1165	1215
1164	1214	1215
1165	1166	1216
1165	1215	1216
1166	1167	1217
1166	1216	1217
1167	1168	1218
1167	1217	1218
1168	1169	1219
1168	1218	1219
1169	1170	1220
1169	1219	1220
1170	1171	1221
1170	1220	1221
1171	1172	1222
1171	1221	1222
1172	1222	1223
1173	1174	1224
1174	1175	1225
1174	1224	1225
1175	1176	1226
1175	1225	1226
1176	1177	1227
1176	1226	1227
1177	1178	1228
1177	1227	1228
1178	1179	1229
1178	1228	1229
1179	1180	1230
1179	1229	1230
1180	1181	1231
1180	1230	1231
1181	1182	1232
1181	1231	1232
1182	1183	1233
1182	1232	1233
1183	1184	1234
1183	1233	1234
1184	1185	1235
1184	1234	1235
1185	1186	1236
1185	1235	1236
1186	1187	1237
1186	1236	1237
1187	1188	1238
1187	1237	1238
1188	1189	1239
1188	1238	1239
1189	1190	1240
1189	1239	1240
1190	1191	1241
1190	1240	1241
1191	1192	1242
1191	1241	1242
1192	1193	1243
1192	1242	1243
1193	1194	1244
1193	1243	1244
1194	1195	1245
1194	1244	1245
1195	1196	1246
1195	1245	1246
1196	1197	1247
1196	1246	1247
1197	1198	1248
1197	1247	1248
1198	1199	1249
1198	1248	1249
1199	1200	1250
1199	1249	1250
1200	1201	1251
1200	1250	1251
1201	1202	1252
1201	1251	1252
1202	1203	1253
1202	1252	1253
1203	1204	1254
1203	1253	1254
1204	1205	1255
1204	1254	1255
1205	1206	1256
1205	1255	1256
1206	1207	1257
1206	1256	1257
1207	1208	1258
1207	1257	1258
1208	1209	1259
1208	1258	1259
1209	1210	1260
1209	1259	1260
1210	1211	1261
1210	1260	1261
1211	1212	1262
1211	1261	1262
1212	1213	1263
1212	1262	1263
1213	1214	1264
1213	1263	1264
1214	1215	1265
1214	1264	1265
1215	1216	1266
1215	1265	1266
1216	1217	1267
1216	1266	1267
1217	1218	1268
1217	1267	1268
1218	1219	1269
1218	1268	1269
1219	1220	1270
1219	1269	1270
1220	1221	1271
1220	1270	1271
1221	1222	1272
1221	1271	1272
1222	1223	1273
1222	1272	1273
1223	1273	1274
1224	1225	1275
1225	1226	1276
1225	1275	1276
1226	1227	1277
1226	1276	1277
1227	1228	1278
1227	1277	1278
1228	1229	1279
1228	1278	1279
1229	1230	1280
1229	1279	1280
1230	1231	1281
1230	1280	1281
1231	1232	1282
1231	1281	1282
1232	1233	1283
1232	1282	1283
1233	1234	1284
1233	1283	1284
1234	1235	1285
1234	1284	1285
1235	1236	1286
1235	1285	1286
1236	1237	1287
1236	1286	1287
1237	1238	1288
1237	1287	1288
1238	1239	1289
1238	1288	1289
1239	1240	1290
1239	1289	1290
1240	1241	1291
1240	1290	1291
1241	1242	1292
1241	1291	1292
1242	1243	1293
1242	1292	1293
1243	1244	1294
1243	1293	1294
1244	1245	1295
1244	1294	1295
1245	1246	1296
1245	1295	1296
1246	1247	1297
1246	1296	1297
1247	1248	1298
1247	1297	1298
1248	1249	1299
1248	1298	1299
1249	1250	1300
1249	1299	1300
1250	1251	1301
1250	1300	1301
1251	1252	1302
1251	1301	1302
1252	1253	1303
1252	1302	1303
1253	1254	1304
1253	1303	1304
1254	1255	1305
1254	1304	1305
1255	1256	1306
1255	1305	1306
1256	1257	1307
1256	1306	1307
1257	1258	1308
1257	1307	1308
1258	1259	1309
1258	1308	1309
1259	1260	1310
1259	1309	1310
1260	1261	1311
1260	1310	1311
1261	1262	1312
1261	1311	1312
1262	1263	1313
1262	1312	1313
1263	1264	1314
1263	1313	1314
1264	1265	1315
1264	1314	1315
1265	1266	1316
1265	1315	1316
1266	1267	1317
1266	1316	1317
1267	1268	1318
1267	1317	1318
1268	1269	1319
1268	1318	1319
1269	1270	1320
1269	1319	1320
1270	1271	1321
1270	1320	1321
1271	1272	1322
1271	1321	1322
1272	1273	1323
1272	1322	1323
1273	1274	1324
1273	1323	1324
1274	1324	1325
1275	1276	1326
1276	1277	1327
1276	1326	1327
1277	1278	1328
1277	1327	1328
1278	1279	1329
1278	1328	1329
1279	1280	1330
1279	1329	1330
1280	1281	1331
1280	1330	1331
1281	1282	1332
1281	1331	1332
1282	1283	1333
1282	1332	1333
1283	1284	1334
1283	1333	1334
1284	1285	1335
1284	1334	1335
1285	1286	1336
1285	1335	1336
1286	1287	1337
1286	1336	1337
1287	1288	1338
1287	1337	1338
1288	1289	1339
1288	1338	1339
1289	1290	1340
1289	1339	1340
1290	1291	1341
1290	1340	1341
1291	1292	1342
1291	1341	1342
1292	1293	1343
1292	1342	1343
1293	1294	1344
1293	1343	1344
1294	1295	1345
1294	1344	1345
1295	1296	1346
1295	1345	1346
1296	1297	1347
1296	1346	1347
1297	1298	1348
1297	1347	1348
1298	1299	1349
1298	1348	1349
1299	1300	1350
1299	1349	1350
1300	1301	1351
1300	1350	1351
1301	1302	1352
1301	1351	1352
1302	1303	1353
1302	1352	1353
1303	1304	1354
1303	1353	1354
1304	1305	1355
1304	1354	1355
1305	1306	1356
1305	1355	1356
1306	1307	1357
1306	1356	1357
1307	1308	1358
1307	1357	1358
1308	1309	1359
1308	1358	1359
1309	1310	1360
1309	1359	1360
1310	1311	1361
1310	1360	1361
1311	1312	1362
1311	1361	1362
1312	1313	1363
1312	1362	1363
1313	1314	1364
1313	1363	1364
1314	1315	1365
1314	1364	1365
1315	1316	1366
1315	1365	1366
1316	1317	1367
1316	1366	1367
1317	1318	1368
1317	1367	1368
1318	1319	1369
1318	1368	1369
1319	1320	1370
1319	1369	1370
1320	1321	1371
1320	1370	1371
1321	1322	1372
1321	1371	1372
1322	1323	1373
1322	1372	1373
1323	1324	1374
1323	1373	1374
1324	1325	1375
1324	1374	1375
1325	1375	1376
1326	1327	1377
1327	1328	1378
1327	1377	1378
1328	1329	1379
1328	1378	1379
1329	1330	1380
1329	1379	1380
1330	1331	1381
1330	1380	1381
1331	1332	1382
1331	1381	1382
1332	1333	1383
1332	1382	1383
1333	1334	1384
1333	1383	1384
1334	1335	1385
1334	1384	1385
1335	1336	1386
1335	1385	1386
1336	1337	1387
1336	1386	1387
1337	1338	1388
1337	1387	1388
1338	1339	1389
1338	1388	1389
1339	1340	1390
1339	1389	1390
1340	1341	1391
1340	1390	1391
1341	1342	1392
1341	1391	1392
1342	1343	1393
1342	1392	1393
1343	1344	1394
1343	1393	1394
1344	1345	1395
1344	1394	1395
1345	1346	1396
1345	1395	1396
1346	1347	1397
1346	1396	1397
1347	1348	1398
1347	1397	1398
1348	1349	1399
1348	1398	1399
1349	1350	1400
1349	1399	1400
1350	1351	1401
1350	1400	1401
1351	1352	1402
1351	1401	1402
1352	1353	1403
1352	1402	1403
1353	1354	1404
1353	1403	1404
1354	1355	1405
1354	1404	1405
1355	1356	1406
1355	1405	1406
1356	1357	1407
1356	1406	1407
1357	1358	1408
1357	1407	1408
1358	1359	1409
1358	1408	1409
1359	1360	1410
1359	1409	1410
1360	1361	1411
1360	1410	1411
1361	1362	1412
1361	1411	1412
1362	1363	1413
1362	1412	1413
1363	1364	1414
1363	1413	1414
1364	1365	1415
1364	1414	1415
1365	1366	1416
1365	1415	1416
1366	1367	1417
1366	1416	1417
1367	1368	1418
1367	1417	1418
1368	1369	1419
1368	1418	1419
1369	1370	1420
1369	1419	1420
1370	1371	1421
1370	1420	1421
1371	1372	1422
1371	1421	1422
1372	1373	1423
1372	1422	1423
1373	1374	1424
1373	1423	1424
1374	1375	1425
1374	1424	1425
1375	1376	1426
1375	1425	1426
1376	1426	1427
1377	1378	1428
1378	1379	1429
1378	1428	1429
1379	1380	1430
1379	1429	1430
1380	1381	1431
1380	1430	1431
1381	1382	1432
1381	1431	1432
1382	1383	1433
1382	1432	1433
1383	1384	1434
1383	1433	1434
1384	1385	1435
1384	1434	1435
1385	1386	1436
1385	1435	1436
1386	1387	1437
1386	1436	1437
1387	1388	1438
1387	1437	1438
1388	1389	1439
1388	1438	1439
1389	1390	1440
1389	1439	1440
1390	1391	1441
1390	1440	1441
1391	1392	1442
1391	1441	1442
1392	1393	1443
1392	1442	1443
1393	1394	1444
1393	1443	1444
1394	1395	1445
1394	1444	1445
1395	1396	1446
1395	1445	1446
1396	1397	1447
1396	1446	1447
1397	1398	1448
1397	1447	1448
1398	1399	1449
1398	1448	1449
1399	1400	1450
1399	1449	1450
1400	1401	1451
1400	1450	1451
1401	1402	1452
1401	1451	1452
1402	1403	1453
1402	1452	1453
1403	1404	1454
1403	1453	1454
1404	1405	1455
1404	1454	1455
1405	1406	1456
1405	1455	1456
1406	1407	1457
1406	1456	1457
1407	1408	1458
1407	1457	1458
1408	1409	1459
1408	1458	1459
1409	1410	1460
1409	1459	1460
1410	1411	1461
1410	1460	1461
1411	1412	1462
1411	1461	1462
1412	1413	1463
1412	1462	1463
1413	1414	1464
1413	1463	1464
1414	1415	1465
1414	1464	1465
1415	1416	1466
1415	1465	1466
1416	1417	1467
1416	1466	1467
1417	1418	1468
1417	1467	1468
1418	1419	1469
1418	1468	1469
1419	1420	1470
1419	1469	1470
1420	1421	1471
1420	1470	1471
1421	1422	1472
1421	1471	1472
1422	1423	1473
1422	1472	1473
1423	1424	1474
1423	1473	1474
1424	1425	1475
1424	1474	1475
1425	1426	1476
1425	1475	1476
1426	1427	1477
1426	1476	1477
1427	1477	1478
1428	1429	1479
1429	1430	1480
1429	1479	1480
1430	1431	1481
1430	1480	1481
1431	1432	1482
1431	1481	1482
1432	1433	1483
1432	1482	1483
1433	1434	1484
1433	1483	1484
1434	1435	1485
1434	1484	1485
1435	1436	1486
1435	1485	1486
1436	1437	1487
1436	1486	1487
1437	1438	1488
1437	1487	1488
1438	1439	1489
1438	1488	1489
1439	1440	1490
1439	1489	1490
1440	1441	1491
1440	1490	1491
1441	1442	1492
1441	1491	1492
1442	1443	1493
1442	1492	1493
1443	1444	1494
1443	1493	1494
1444	1445	1495
1444	1494	1495
1445	1446	1496
1445	1495	1496
1446	1447	1497
1446	1496	1497
1447	1448	1498
1447	1497	1498
1448	1449	1499
1448	1498	1499
1449	1450	1500
1449	1499	1500
1450	1451	1501
1450	1500	1501
1451	1452	1502
1451	1501	1502
1452	1453	1503
1452	1502	1503
1453	1454	1504
1453	1503	1504
1454	1455	1505
1454	1504	1505
1455	1456	1506
1455	1505	1506
1456	1457	1507
1456	1506	1507
1457	1458	1508
1457	1507	1508
1458	1459	1509
1458	1508	1509
1459	1460	1510
1459	1509	1510
1460	1461	1511
1460	1510	1511
1461	1462	1512
1461	1511	1512
1462	1463	1513
1462	1512	1513
1463	1464	1514
1463	1513	1514
1464	1465	1515
1464	1514	1515
1465	1466	1516
1465	1515	1516
1466	1467	1517
1466	1516	1517
1467	1468	1518
1467	1517	1518
1468	1469	1519
1468	1518	1519
1469	1470	1520
1469	1519	1520
1470	1471	1521
1470	1520	1521
1471	1472	1522
1471	1521	1522
1472	1473	1523
1472	1522	1523
1473	1474	1524
1473	1523	1524
1474	1475	1525
1474	1524	1525
1475	1476	1526
1475	1525	1526
1476	1477	1527
1476	1526	1527
1477	1478	1528
1477	1527	1528
1478	1528	1529
1479	1480	1530
1480	1481	1531
1480	1530	1531
1481	1482	1532
1481	1531	1532
1482	1483	1533
1482	1532	1533
1483	1484	1534
1483	1533	1534
1484	1485	1535
1484	1534	1535
1485	1486	1536
1485	1535	1536
1486	1487	1537
1486	1536	1537
1487	1488	1538
1487	1537	1538
1488	1489	1539
1488	1538	1539
1489	1490	1540
1489	1539	1540
1490	1491	1541
1490	1540	1541
1491	1492	1542
1491	1541	1542
1492	1493	1543
1492	1542	1543
1493	1494	1544
1493	1543	1544
1494	1495	1545
1494	1544	1545
1495	1496	1546
1495	1545	1546
1496	1497	1547
1496	1546	1547
1497	1498	1548
1497	1547	1548
1498	1499	1549
1498	1548	1549
1499	1500	1550
1499	1549	1550
1500	1501	1551
1500	1550	1551
1501	1502	1552
1501	1551	1552
1502	1503	1553
1502	1552	1553
1503	1504	1554
1503	1553	1554
1504	1505	1555
1504	1554	1555
1505	1506	1556
1505	1555	1556
1506	1507	1557
1506	1556	1557
1507	1508	1558
1507	1557	1558
1508	1509	1559
1508	1558	1559
1509	1510	1560
1509	1559	1560
1510	1511	1561
1510	1560	1561
1511	1512	1562
1511	1561	1562
1512	1513	1563
1512	1562	1563
1513	1514	1564
1513	1563	1564
1514	1515	1565
1514	1564	1565
1515	1516	1566
1515	1565	1566
1516	1517	1567
1516	1566	1567
1517	1518	1568
1517	1567	1568
1518	1519	1569
1518	1568	1569
1519	1520	1570
1519	1569	1570
1520	1521	1571
1520	1570	1571
1521	1522	1572
1521	1571	1572
1522	1523	1573
1522	1572	1573
1523	1524	1574
1523	1573	1574
1524	1525	1575
1524	1574	1575
1525	1526	1576
1525	1575	1576
1526	1527	1577
1526	1576	1577
1527	1528	1578
1527	1577	1578
1528	1529	1579
1528	1578	1579
1529	1579	1580
1530	1531	1581
1531	1532	1582
1531	1581	1582
1532	1533	1583
1532	1582	1583
1533	1534	1584
1533	1583	1584
1534	1535	1585
1534	1584	1585
1535	1536	1586
1535	1585	1586
1536	1537	1587
1536	1586	1587
1537	1538	1588
1537	1587	1588
1538	1539	1589
1538	1588	1589
1539	1540	1590
1539	1589	1590
1540	1541	1591
1540	1590	1591
1541	1542	1592
1541	1591	1592
1542	1543	1593
1542	1592	1593
1543	1544	1594
1543	1593	1594
1544	1545	1595
1544	1594	1595
1545	1546	1596
1545	1595	1596
1546	1547	1597
1546	1596	1597
1547	1548	1598
1547	1597	1598
1548	1549	1599
1548	1598	1599
1549	1550	1600
1549	1599	1600
1550	1551	1601
1550	1600	1601
1551	1552	1602
1551	1601	1602
1552	1553	1603
1552	1602	1603
1553	1554	1604
1553	1603	1604
1554	1555	1605
1554	1604	1605
1555	1556	1606
1555	1605	1606
1556	1557	1607
1556	1606	1607
1557	1558	1608
1557	1607	1608
1558	1559	1609
1558	1608	1609
1559	1560	1610
1559	1609	1610
1560	1561	1611
1560	1610	1611
1561	1562	1612
1561	1611	1612
1562	1563	1613
1562	1612	1613
1563	1564	1614
1563	1613	1614
1564	1565	1615
1564	1614	1615
1565	1566	1616
1565	1615	1616
1566	1567	1617
1566	1616	1617
1567	1568	1618
1567	1617	1618
1568	1569	1619
1568	1618	1619
1569	1570	1620
1569	1619	1620
1570	1571	1621
1570	1620	1621
1571	1572	1622
1571	1621	1622
1572	1573	1623
1572	1622	1623
1573	1574	1624
1573	1623	1624
1574	1575	1625
1574	1624	1625
1575	1576	1626
1575	1625	1626
1576	1577	1627
1576	1626	1627
1577	1578	1628
1577	1627	1628
1578	1579	1629
1578	1628	1629
1579	1580	1630
1579	1629	1630
1580	1630	1631
1581	1582	1632
1582	1583	1633
1582	1632	1633
1583	1584	1634
1583	1633	1634
1584	1585	1635
1584	1634	1635
1585	1586	1636
1585	1635	1636
1586	1587	1637
1586	1636	1637
1587	1588	1638
1587	1637	1638
1588	1589	1639
1588	1638	1639
1589	1590	1640
1589	1639	1640
1590	1591	1641
1590	1640	1641
1591	1592	1642
1591	1641	1642
1592	1593	1643
1592	1642	1643
1593	1594	1644
1593	1643	1644
1594	1595	1645
1594	1644	1645
1595	1596	1646
1595	1645	1646
1596	1597	1647
1596	1646	1647
1597	1598	1648
1597	1647	1648
1598	1599	1649
1598	1648	1649
1599	1600	1650
1599	1649	1650
1600	1601	1651
1600	1650	1651
1601	1602	1652
1601	1651	1652
1602	1603	1653
1602	1652	1653
1603	1604	1654
1603	1653	1654
1604	1605	1655
1604	1654	1655
1605	1606	1656
1605	1655	1656
1606	1607	1657
1606	1656	1657
1607	1608	1658
1607	1657	1658
1608	1609	1659
1608	1658	1659
1609	1610	1660
1609	1659	1660
1610	1611	1661
1610	1660	1661
1611	1612	1662
1611	1661	1662
1612	1613	1663
1612	1662	1663
1613	1614	1664
1613	1663	1664
1614	1615	1665
1614	1664	1665
1615	1616	1666
1615	1665	1666
1616	1617	1667
1616	1666	1667
1617	1618	1668
1617	1667	1668
1618	1619	1669
1618	1668	1669
1619	1620	1670
1619	1669	1670
1620	1621	1671
1620	1670	1671
1621	1622	1672
1621	1671	1672
1622	1623	1673
1622	1672	1673
1623	1624	1674
1623	1673	1674
1624	1625	1675
1624	1674	1675
1625	1626	1676
1625	1675	1676
1626	1627	1677
1626	1676	1677
1627	1628	1678
1627	1677	1678
1628	1629	1679
1628	1678	1679
1629	1630	1680
1629	1679	1680
1630	1631	1681
1630	1680	1681
1631	1681	1682
end_triangles

begin_node_model "AtContactNode"
BUILTIN
end_node_model

begin_node_model "ContactNSurfaceNormal_x"
DATAPARENT "SurfaceArea"
end_node_model

begin_node_model "ContactNSurfaceNormal_y"
DATAPARENT "SurfaceArea"
end_node_model

begin_node_model "ContactSurfaceArea"
DATAPARENT "SurfaceArea"
end_node_model

begin_node_model "CylindricalNodeVolume"
DATAPARENT "ElementCylindricalNodeVolume@en0"
end_node_model

begin_node_model "CylindricalSurfaceArea"
COMMAND cylindrical_surface_area -device "MoS2_GAA" -region "BlockingOxide"
end_node_model

begin_node_model "NSurfaceNormal_x"
DATAPARENT "SurfaceArea"
end_node_model

begin_node_model "NSurfaceNormal_y"
DATAPARENT "SurfaceArea"
end_node_model

begin_node_model "NodeVolume"
BUILTIN
end_node_model

begin_node_model "Potential"
DATA
6.435737062673887e-02
6.338808051558989e-02
6.079597403958462e-02
5.991856857543881e-02
6.057848202066087e-02
5.738987608770803e-02
5.644089516624799e-02
5.364264342778385e-02
5.161687559376474e-02
4.922706592633038e-02
4.661999578545961e-02
4.460261460351395e-02
4.177395491883894e-02
4.007399576723977e-02
3.725032794306934e-02
3.581289760363405e-02
3.312312956811897e-02
3.190068480530466e-02
2.941077191641847e-02
2.836444976858531e-02
2.610252459187150e-02
2.520122487588115e-02
2.317374332000624e-02
2.239265379439697e-02
2.059421582772863e-02
1.991341683334901e-02
1.833258916398281e-02
1.773591444318971e-02
1.635864161058080e-02
1.583280053355348e-02
1.464438820413379e-02
1.417830409760964e-02
1.316456120422292e-02
1.274887462625867e-02
1.189675977311917e-02
1.152345339036440e-02
1.082142927309437e-02
1.048354108064061e-02
9.921758297573260e-03
9.613158696842912e-03
9.183542293701231e-03
8.898757292409597e-03
8.595041087537645e-03
8.329108804375906e-03
8.146845648424973e-03
7.895196795453582e-03
7.831762694582274e-03
7.590118147435812e-03
7.644721921533807e-03
7.409002163271615e-03
7.582708459128251e-03
7.348950807422386e-03
7.644721921533793e-03
7.409002163271602e-03
7.831762694582248e-03
7.590118147435787e-03
8.146845648424932e-03
7.895196795453543e-03
8.595041087537589e-03
8.329108804375854e-03
9.183542293701162e-03
8.898757292409529e-03
9.921758297573174e-03
9.613158696842828e-03
1.082142927309427e-02
1.048354108064051e-02
1.189675977311905e-02
1.152345339036428e-02
1.316456120422277e-02
1.274887462625853e-02
1.464438820413362e-02
1.417830409760948e-02
1.635864161058060e-02
1.583280053355329e-02
1.833258916398258e-02
1.773591444318949e-02
2.059421582772837e-02
1.991341683334876e-02
2.317374332000594e-02
2.239265379439668e-02
2.610252459187116e-02
2.520122487588082e-02
2.941077191641809e-02
2.836444976858494e-02
3.312312956811854e-02
3.190068480530424e-02
3.725032794306885e-02
3.581289760363358e-02
4.177395491883838e-02
4.007399576723924e-02
4.661999578545899e-02
4.460261460351335e-02
5.161687559376404e-02
4.922706592632972e-02
5.644089516624724e-02
5.364264342778313e-02
6.057848202066006e-02
5.738987608770726e-02
6.338808051558907e-02
5.991856857543804e-02
6.435737062673806e-02
6.079597403958387e-02
5.742874852690992e-02
5.663462133259105e-02
5.435334521798887e-02
5.095308772293134e-02
4.690773936334608e-02
4.262792764892205e-02
3.839848089101135e-02
3.438856151940152e-02
3.068448104848284e-02
2.732030794975924e-02
2.429974442072789e-02
2.161005031317304e-02
1.923039143310138e-02
1.713667476431114e-02
1.530427894569943e-02
1.370955372626032e-02
1.233060769828494e-02
1.114768772470465e-02
1.014332681004873e-02
9.302363875416397e-03
8.611896523720797e-03
8.061203209297032e-03
7.641656698281071e-03
7.346642039350113e-03
7.171487023038462e-03
7.113409889523235e-03
7.171487023038449e-03
7.346642039350088e-03
7.641656698281034e-03
8.061203209296980e-03
8.611896523720731e-03
9.302363875416315e-03
1.014332681004863e-02
1.114768772470453e-02
1.233060769828480e-02
1.370955372626016e-02
1.530427894569924e-02
1.713667476431093e-02
1.923039143310114e-02
2.161005031317275e-02
2.429974442072758e-02
2.732030794975888e-02
3.068448104848244e-02
3.438856151940107e-02
3.839848089101084e-02
4.262792764892148e-02
4.690773936334545e-02
5.095308772293066e-02
5.435334521798816e-02
5.663462133259033e-02
5.742874852690921e-02
5.423884991500814e-02
5.351979675229838e-02
5.145737568929124e-02
4.836665952923737e-02
4.465746675023086e-02
4.069659314006531e-02
3.674883084977561e-02
3.297884917563765e-02
2.947589957177419e-02
2.627951122971867e-02
2.339903921789881e-02
2.082671179686865e-02
1.854577608216278e-02
1.653539443713046e-02
1.477351350525775e-02
1.323850523711704e-02
1.191007485349207e-02
1.076973495636214e-02
9.801025352939910e-03
8.989586557900884e-03
8.323152317875532e-03
7.791501031538943e-03
7.386390577236781e-03
7.101491685292886e-03
6.932329193343956e-03
6.876236876728654e-03
6.932329193343945e-03
7.101491685292861e-03
7.386390577236745e-03
7.791501031538893e-03
8.323152317875468e-03
8.989586557900806e-03
9.801025352939814e-03
1.076973495636203e-02
1.191007485349194e-02
1.323850523711689e-02
1.477351350525757e-02
1.653539443713025e-02
1.854577608216255e-02
2.082671179686837e-02
2.339903921789850e-02
2.627951122971833e-02
2.947589957177381e-02
3.297884917563722e-02
3.674883084977512e-02
4.069659314006477e-02
4.465746675023026e-02
4.836665952923673e-02
5.145737568929057e-02
5.351979675229771e-02
5.423884991500746e-02
5.121113082865731e-02
5.055957276539289e-02
4.869150989857086e-02
4.587789993570728e-02
4.247447378876747e-02
3.880884708722444e-02
3.512612022544395e-02
3.158504634118186e-02
2.827616172921727e-02
2.524312305180528e-02
2.250000221311758e-02
2.004337841402536e-02
1.786018374935501e-02
1.593258387226159e-02
1.424093301094623e-02
1.276552273474405e-02
1.148758889748857e-02
1.038986716167488e-02
9.456876451223707e-03
8.675040908797241e-03
8.032718802094788e-03
7.520181007612246e-03
7.129565779116777e-03
6.854826590524640e-03
6.691683587407737e-03
6.637585169933783e-03
6.691683587407724e-03
6.854826590524618e-03
7.129565779116742e-03
7.520181007612199e-03
8.032718802094727e-03
8.675040908797164e-03
9.456876451223617e-03
1.038986716167477e-02
1.148758889748844e-02
1.276552273474390e-02
1.424093301094606e-02
1.593258387226139e-02
1.786018374935479e-02
2.004337841402509e-02
2.250000221311729e-02
2.524312305180495e-02
2.827616172921690e-02
3.158504634118144e-02
3.512612022544349e-02
3.880884708722393e-02
4.247447378876691e-02
4.587789993570668e-02
4.869150989857023e-02
5.055957276539225e-02
5.121113082865667e-02
4.833198002172907e-02
4.774104792897477e-02
4.604623108099284e-02
4.348151683880056e-02
4.035674025396976e-02
3.696457904547333e-02
3.353112117271131e-02
3.020821614348197e-02
2.708633762873983e-02
2.421210822493507e-02
2.160346341386206e-02
1.926075072248955e-02
1.717420280232187e-02
1.532873849326866e-02
1.370695743540439e-02
1.229096545248947e-02
1.106346030501402e-02
1.000835571473908e-02
9.111120182982749e-03
8.358942084432082e-03
7.740791503329235e-03
7.247423522280207e-03
6.871351445904320e-03
6.606808138109459e-03
6.449707037548327e-03
6.397610101581343e-03
6.449707037548316e-03
6.606808138109437e-03
6.871351445904286e-03
7.247423522280161e-03
7.740791503329176e-03
8.358942084432009e-03
9.111120182982662e-03
1.000835571473898e-02
1.106346030501390e-02
1.229096545248933e-02
1.370695743540422e-02
1.532873849326847e-02
1.717420280232166e-02
1.926075072248929e-02
2.160346341386178e-02
2.421210822493475e-02
2.708633762873948e-02
3.020821614348157e-02
3.353112117271087e-02
3.696457904547285e-02
4.035674025396923e-02
4.348151683880000e-02
4.604623108099225e-02
4.774104792897419e-02
4.833198002172847e-02
4.558916204620020e-02
4.505270332795218e-02
4.351286138954218e-02
4.117242074047796e-02
3.830207820903704e-02
3.516339704570020e-02
3.196434342064453e-02
2.884921986063273e-02
2.590735552773417e-02
2.318733643454424e-02
2.071019065224605e-02
1.847948927870149e-02
1.648839621332771e-02
1.472433786669384e-02
1.317199710826357e-02
1.181518702864326e-02
1.063799659221746e-02
9.625470745162677e-03
8.763996491386846e-03
8.041505819001937e-03
7.447566978983774e-03
6.973410273287482e-03
6.611918204374903e-03
6.357599295465055e-03
6.206558011577674e-03
6.156468655284686e-03
6.206558011577662e-03
6.357599295465033e-03
6.611918204374870e-03
6.973410273287438e-03
7.447566978983718e-03
8.041505819001867e-03
8.763996491386761e-03
9.625470745162576e-03
1.063799659221734e-02
1.181518702864313e-02
1.317199710826341e-02
1.472433786669366e-02
1.648839621332751e-02
1.847948927870124e-02
2.071019065224578e-02
2.318733643454394e-02
2.590735552773384e-02
2.884921986063235e-02
3.196434342064412e-02
3.516339704569973e-02
3.830207820903654e-02
4.117242074047743e-02
4.351286138954162e-02
4.505270332795163e-02
4.558916204619964e-02
4.297166569659509e-02
4.248420972389708e-02
4.108347214937283e-02
3.894574537355656e-02
3.630819327403193e-02
3.340468284866286e-02
3.042607058933186e-02
2.750873704025442e-02
2.474001164257461e-02
2.216958638655293e-02
1.982089090324185e-02
1.770021466411336e-02
1.580330106030381e-02
1.411984503711879e-02
1.263645204188753e-02
1.133853488328442e-02
1.021150176153605e-02
9.241480649541098e-03
8.415744754524212e-03
7.722948042762670e-03
7.153242473738746e-03
6.698323958020340e-03
6.351437874813691e-03
6.107364338212152e-03
5.962396345480929e-03
5.914319201409794e-03
5.962396345480918e-03
6.107364338212131e-03
6.351437874813660e-03
6.698323958020298e-03
7.153242473738692e-03
7.722948042762603e-03
8.415744754524130e-03
9.241480649541001e-03
1.021150176153594e-02
1.133853488328429e-02
1.263645204188738e-02
1.411984503711862e-02
1.580330106030362e-02
1.770021466411313e-02
1.982089090324159e-02
2.216958638655264e-02
2.474001164257430e-02
2.750873704025406e-02
3.042607058933147e-02
3.340468284866242e-02
3.630819327403145e-02
3.894574537355606e-02
4.108347214937231e-02
4.248420972389656e-02
4.297166569659457e-02
4.046956514044695e-02
4.002626892635607e-02
3.875080490960274e-02
3.679685763306284e-02
3.437273228675677e-02
3.168763866918975e-02
2.891639284475483e-02
2.618728466988976e-02
2.358498011992114e-02
2.115955041941749e-02
1.893621206411592e-02
1.692350787843763e-02
1.511942829696284e-02
1.351570605354292e-02
1.210071139227529e-02
1.086134969133816e-02
9.784275816160551e-03
8.856651654356328e-03
8.066603394209998e-03
7.403484530617034e-03
6.858015600833929e-03
6.422347980537699e-03
6.090083197334768e-03
5.856268589846276e-03
5.717382990924347e-03
5.671321247165574e-03
5.717382990924337e-03
5.856268589846256e-03
6.090083197334738e-03
6.422347980537659e-03
6.858015600833877e-03
7.403484530616970e-03
8.066603394209922e-03
8.856651654356238e-03
9.784275816160445e-03
1.086134969133803e-02
1.210071139227515e-02
1.351570605354275e-02
1.511942829696265e-02
1.692350787843741e-02
1.893621206411568e-02
2.115955041941721e-02
2.358498011992083e-02
2.618728466988942e-02
2.891639284475445e-02
3.168763866918934e-02
3.437273228675633e-02
3.679685763306237e-02
3.875080490960225e-02
4.002626892635558e-02
4.046956514044647e-02
3.807389505524095e-02
3.767048161758883e-02
3.650820193826832e-02
3.472136003586380e-02
3.249332007888488e-02
3.001132646497595e-02
2.743523602380393e-02
2.488523521696170e-02
2.244282296787093e-02
2.015783944056099e-02
1.805674510808806e-02
1.614991105096942e-02
1.443726276556366e-02
1.291234967279424e-02
1.156515304717071e-02
1.038396494711701e-02
9.356614340996505e-03
8.471247428041891e-03
7.716809521950510e-03
7.083330579517090e-03
6.562084046371261e-03
6.145666177615940e-03
5.828027574501939e-03
5.604478175968364e-03
5.471679776348531e-03
5.427635199966543e-03
5.471679776348521e-03
5.604478175968345e-03
5.828027574501911e-03
6.145666177615901e-03
6.562084046371211e-03
7.083330579517029e-03
7.716809521950437e-03
8.471247428041805e-03
9.356614340996402e-03
1.038396494711689e-02
1.156515304717057e-02
1.291234967279409e-02
1.443726276556348e-02
1.614991105096921e-02
1.805674510808782e-02
2.015783944056073e-02
2.244282296787064e-02
2.488523521696137e-02
2.743523602380357e-02
3.001132646497556e-02
3.249332007888446e-02
3.472136003586336e-02
3.650820193826786e-02
3.767048161758837e-02
3.807389505524049e-02
3.577653966479908e-02
3.540923602950598e-02
3.434954492207590e-02
3.271508802733816e-02
3.066758757368410e-02
2.837470080091785e-02
2.598238743145537e-02
2.360283343059554e-02
2.131399978938832e-02
1.916498806412205e-02
1.718302653312596e-02
1.537992842353349e-02
1.375726342616347e-02
1.231018722538121e-02
1.103014333308727e-02
9.906706615401932e-03
8.928808146940409e-03
8.085528739965753e-03
7.366598620318436e-03
6.762700713218292e-03
6.265645295338224e-03
5.868462562611256e-03
5.565444829119724e-03
5.352159791983474e-03
5.225449180578975e-03
5.183422143007096e-03
5.225449180578966e-03
5.352159791983456e-03
5.565444829119696e-03
5.868462562611219e-03
6.265645295338176e-03
6.762700713218234e-03
7.366598620318365e-03
8.085528739965670e-03
8.928808146940310e-03
9.906706615401819e-03
1.103014333308714e-02
1.231018722538106e-02
1.375726342616330e-02
1.537992842353329e-02
1.718302653312573e-02
1.916498806412180e-02
2.131399978938804e-02
2.360283343059523e-02
2.598238743145503e-02
2.837470080091749e-02
3.066758757368370e-02
3.271508802733775e-02
3.434954492207547e-02
3.540923602950555e-02
3.577653966479865e-02
3.357013483101116e-02
3.323561334119562e-02
3.226920077918109e-02
3.077410380356776e-02
2.889319298437294e-02
2.677663620178518e-02
2.455751855327443e-02
2.234021185536704e-02
2.019887719884962e-02
1.818145984648200e-02
1.631554103505645e-02
1.461402756147857e-02
1.307986377686354e-02
1.170961262912436e-02
1.049603683273515e-02
9.429892863942118e-03
8.501142975199355e-03
7.699753164071363e-03
7.016204258041256e-03
6.441808413008326e-03
5.968896378165178e-03
5.590921086069818e-03
5.302508976198337e-03
5.099480483316864e-03
4.978854118028084e-03
4.938843622129534e-03
4.978854118028076e-03
5.099480483316847e-03
5.302508976198311e-03
5.590921086069783e-03
5.968896378165133e-03
6.441808413008270e-03
7.016204258041188e-03
7.699753164071284e-03
8.501142975199261e-03
9.429892863942010e-03
1.049603683273502e-02
1.170961262912422e-02
1.307986377686338e-02
1.461402756147838e-02
1.631554103505624e-02
1.818145984648176e-02
2.019887719884936e-02
2.234021185536675e-02
2.455751855327412e-02
2.677663620178483e-02
2.889319298437257e-02
3.077410380356737e-02
3.226920077918068e-02
3.323561334119522e-02
3.357013483101075e-02
3.144798202307492e-02
3.114330668164147e-02
3.026197364038803e-02
2.889468784873301e-02
2.716783754258851e-02
2.521594980380322e-02
2.316020494641647e-02
2.109740505088219e-02
1.909773783517619e-02
1.720765253405335e-02
1.545472434249529e-02
1.385264075240395e-02
1.240547244055892e-02
1.111100253604865e-02
9.963176304225536e-03
8.953833872119189e-03
8.073899258299931e-03
7.314174824893377e-03
6.665857837130068e-03
6.120865873094090e-03
5.672033636713773e-03
5.313225412114844e-03
5.039394008204442e-03
4.846607437309767e-03
4.732057734678545e-03
4.694061443184483e-03
4.732057734678536e-03
4.846607437309750e-03
5.039394008204417e-03
5.313225412114810e-03
5.672033636713730e-03
6.120865873094037e-03
6.665857837130005e-03
7.314174824893302e-03
8.073899258299842e-03
8.953833872119087e-03
9.963176304225420e-03
1.111100253604852e-02
1.240547244055877e-02
1.385264075240377e-02
1.545472434249508e-02
1.720765253405313e-02
1.909773783517594e-02
2.109740505088192e-02
2.316020494641617e-02
2.521594980380290e-02
2.716783754258816e-02
2.889468784873264e-02
3.026197364038765e-02
3.114330668164110e-02
3.144798202307453e-02
2.940397288232446e-02
2.912655133987721e-02
2.832306218878733e-02
2.707332904869684e-02
2.548927690266821e-02
2.369142001598197e-02
2.178994357728874e-02
1.987436254344578e-02
1.801078891228900e-02
1.624390325412648e-02
1.460096615922545e-02
1.309616655580122e-02
1.173447389496795e-02
1.051471659834137e-02
9.431892693419357e-03
8.478831710437019e-03
7.647351934363518e-03
6.929044183636105e-03
6.315788370386451e-03
5.800083779370964e-03
5.375252508655928e-03
5.035558709716388e-03
4.776273692795171e-03
4.593707786048401e-03
4.485223214131934e-03
4.449237479177217e-03
4.485223214131926e-03
4.593707786048385e-03
4.776273692795148e-03
5.035558709716356e-03
5.375252508655887e-03
5.800083779370913e-03
6.315788370386390e-03
6.929044183636033e-03
7.647351934363435e-03
8.478831710436922e-03
9.431892693419246e-03
1.051471659834125e-02
1.173447389496781e-02
1.309616655580105e-02
1.460096615922525e-02
1.624390325412627e-02
1.801078891228877e-02
1.987436254344552e-02
2.178994357728846e-02
2.369142001598166e-02
2.548927690266789e-02
2.707332904869650e-02
2.832306218878698e-02
2.912655133987687e-02
2.940397288232410e-02
2.743252312212472e-02
2.718006430269974e-02
2.644802166550746e-02
2.530671399645892e-02
2.385532913832452e-02
2.220180180860640e-02
2.044616786873226e-02
1.867096055911289e-02
1.693817027000637e-02
1.529049359408976e-02
1.375461316740893e-02
1.234497147039981e-02
1.106722932417430e-02
9.921097839656258e-03
8.902505230872635e-03
8.005180285461329e-03
7.221770311174349e-03
6.544607861974388e-03
5.966222287625878e-03
5.479671110324995e-03
5.078747329248578e-03
4.758103458008825e-03
4.513321382300973e-03
4.340948419453127e-03
4.238513593082721e-03
4.204533486570555e-03
4.238513593082714e-03
4.340948419453113e-03
4.513321382300951e-03
4.758103458008795e-03
5.078747329248540e-03
5.479671110324948e-03
5.966222287625822e-03
6.544607861974320e-03
7.221770311174270e-03
8.005180285461239e-03
8.902505230872531e-03
9.921097839656140e-03
1.106722932417417e-02
1.234497147039965e-02
1.375461316740875e-02
1.529049359408956e-02
1.693817027000615e-02
1.867096055911265e-02
2.044616786873199e-02
2.220180180860612e-02
2.385532913832422e-02
2.530671399645860e-02
2.644802166550714e-02
2.718006430269941e-02
2.743252312212439e-02
2.552851458745376e-02
2.529899162189184e-02
2.463272994967338e-02
2.359171592707242e-02
2.226388006399806e-02
2.074583916116941e-02
1.912826070754176e-02
1.748701260303875e-02
1.587996190658185e-02
1.434765452705976e-02
1.291597205227451e-02
1.159939168961319e-02
1.040407757150048e-02
9.330473118642364e-03
8.375321604998667e-03
7.533165344842173e-03
6.797417976536014e-03
6.161108501212451e-03
5.617383268952001e-03
5.159834958834777e-03
4.782711149542304e-03
4.481041264866168e-03
4.250709834276348e-03
4.088495808013523e-03
3.992091585639521e-03
3.960110930177645e-03
3.992091585639514e-03
4.088495808013509e-03
4.250709834276327e-03
4.481041264866140e-03
4.782711149542268e-03
5.159834958834732e-03
5.617383268951947e-03
6.161108501212388e-03
6.797417976535941e-03
7.533165344842087e-03
8.375321604998570e-03
9.330473118642253e-03
1.040407757150036e-02
1.159939168961304e-02
1.291597205227434e-02
1.434765452705957e-02
1.587996190658164e-02
1.748701260303852e-02
1.912826070754152e-02
2.074583916116914e-02
2.226388006399778e-02
2.359171592707213e-02
2.463272994967308e-02
2.529899162189154e-02
2.552851458745346e-02
2.368724441175413e-02
2.347886240027205e-02
2.287335720537576e-02
2.192538359004654e-02
2.071288646531992e-02
1.932227512595418e-02
1.783556564700126e-02
1.632227895986399e-02
1.483619098840887e-02
1.341557115294862e-02
1.208531251560331e-02
1.085973491900948e-02
9.745336175193527e-03
8.743153672267466e-03
7.850638203305092e-03
7.063064537103802e-03
6.374552751402376e-03
5.778784654418668e-03
5.269492103409772e-03
4.840780373649155e-03
4.487335570085356e-03
4.204552697979745e-03
3.988611042479660e-03
3.836515834602238e-03
3.746119415965379e-03
3.716130816128746e-03
3.746119415965372e-03
3.836515834602225e-03
3.988611042479641e-03
4.204552697979718e-03
4.487335570085322e-03
4.840780373649114e-03
5.269492103409722e-03
5.778784654418608e-03
6.374552751402307e-03
7.063064537103722e-03
7.850638203305001e-03
8.743153672267363e-03
9.745336175193410e-03
1.085973491900934e-02
1.208531251560315e-02
1.341557115294845e-02
1.483619098840868e-02
1.632227895986378e-02
1.783556564700103e-02
1.932227512595394e-02
2.071288646531966e-02
2.192538359004626e-02
2.287335720537548e-02
2.347886240027177e-02
2.368724441175385e-02
2.190438032908237e-02
2.171554840632605e-02
2.116633865958811e-02
2.030493027284218e-02
1.920037770469337e-02
1.792985989646941e-02
1.656739652078263e-02
1.517647519524299e-02
1.380683834354901e-02
1.249438723336330e-02
1.126287025139302e-02
1.012628223311162e-02
9.091302470093517e-03
8.159435727264285e-03
7.328740413859832e-03
6.595147520975854e-03
5.953426682279741e-03
5.397870709144919e-03
4.922766571339636e-03
4.522710219321884e-03
4.192810589201033e-03
3.928817127708668e-03
3.727196077676200e-03
3.585173634838197e-03
3.500758658749172e-03
3.472753532437236e-03
3.500758658749166e-03
3.585173634838185e-03
3.727196077676182e-03
3.928817127708643e-03
4.192810589201001e-03
4.522710219321845e-03
4.922766571339589e-03
5.397870709144863e-03
5.953426682279676e-03
6.595147520975779e-03
7.328740413859746e-03
8.159435727264189e-03
9.091302470093409e-03
1.012628223311149e-02
1.126287025139287e-02
1.249438723336314e-02
1.380683834354883e-02
1.517647519524280e-02
1.656739652078242e-02
1.792985989646919e-02
1.920037770469313e-02
2.030493027284193e-02
2.116633865958785e-02
2.171554840632579e-02
2.190438032908211e-02
2.017592131653775e-02
2.000522849919537e-02
1.950835013468421e-02
1.872772312021961e-02
1.772445607325630e-02
1.656735721156849e-02
1.532304566539129e-02
1.404927974064887e-02
1.279184445418022e-02
1.158420950660960e-02
1.044884986250565e-02
9.399289952022849e-03
8.442254740135718e-03
7.579601168829407e-03
6.809902979481372e-03
6.129676119162404e-03
5.534286069427723e-03
5.018596838339209e-03
4.577421348751274e-03
4.205825053387126e-03
3.899324464927933e-03
3.654012580993159e-03
3.466634937684448e-03
3.334633445499736e-03
3.256170087052711e-03
3.230138696723447e-03
3.256170087052705e-03
3.334633445499725e-03
3.466634937684432e-03
3.654012580993136e-03
3.899324464927903e-03
4.205825053387090e-03
4.577421348751231e-03
5.018596838339158e-03
5.534286069427663e-03
6.129676119162334e-03
6.809902979481293e-03
7.579601168829318e-03
8.442254740135619e-03
9.399289952022728e-03
1.044884986250551e-02
1.158420950660945e-02
1.279184445418006e-02
1.404927974064869e-02
1.532304566539109e-02
1.656735721156827e-02
1.772445607325607e-02
1.872772312021937e-02
1.950835013468397e-02
2.000522849919513e-02
2.017592131653751e-02
1.849816284994658e-02
1.834435718207524e-02
1.789628600945527e-02
1.719127284401465e-02
1.628329618472201e-02
1.523354937566200e-02
1.410179092927671e-02
1.294034064316333e-02
1.179111496927064e-02
1.068511177561123e-02
9.643427701900518e-03
8.678991521338856e-03
7.798453408175396e-03
7.003918256528479e-03
6.294390397524247e-03
5.666904511595883e-03
5.117371527434845e-03
4.641188977069673e-03
4.233667932035172e-03
3.890323019561844e-03
3.607063589721022e-03
3.380315605635703e-03
3.207096406105812e-03
3.085058460512375e-03
3.012513527104448e-03
2.988445010681909e-03
3.012513527104442e-03
3.085058460512364e-03
3.207096406105796e-03
3.380315605635681e-03
3.607063589720995e-03
3.890323019561810e-03
4.233667932035132e-03
4.641188977069625e-03
5.117371527434789e-03
5.666904511595820e-03
6.294390397524175e-03
7.003918256528397e-03
7.798453408175304e-03
8.678991521338745e-03
9.643427701900393e-03
1.068511177561110e-02
1.179111496927049e-02
1.294034064316317e-02
1.410179092927653e-02
1.523354937566181e-02
1.628329618472180e-02
1.719127284401444e-02
1.789628600945505e-02
1.834435718207502e-02
1.849816284994635e-02
1.686766615255108e-02
1.672963671144050e-02
1.632723932496171e-02
1.569322388141951e-02
1.487514364603312e-02
1.392724113216802e-02
1.290290162837409e-02
1.184928155979413e-02
1.080452576316861e-02
9.797138766901733e-03
8.846754626246950e-03
7.965599381531387e-03
7.160142251196050e-03
6.432642378188578e-03
5.782457358529137e-03
5.207079463395742e-03
4.702918074809541e-03
4.265868822696987e-03
3.891714581334142e-03
3.576399755763753e-03
3.316212377018036e-03
3.107901144266638e-03
2.948747919194200e-03
2.836610694055321e-03
2.769947719632061e-03
2.747830120899619e-03
2.769947719632056e-03
2.836610694055311e-03
2.948747919194186e-03
3.107901144266618e-03
3.316212377018011e-03
3.576399755763723e-03
3.891714581334105e-03
4.265868822696943e-03
4.702918074809490e-03
5.207079463395683e-03
5.782457358529071e-03
6.432642378188503e-03
7.160142251195964e-03
7.965599381531286e-03
8.846754626246836e-03
9.797138766901607e-03
1.080452576316847e-02
1.184928155979397e-02
1.290290162837393e-02
1.392724113216784e-02
1.487514364603294e-02
1.569322388141931e-02
1.632723932496151e-02
1.672963671144030e-02
1.686766615255087e-02
1.528123090153119e-02
1.515799227825643e-02
1.479848378755049e-02
1.423134503340305e-02
1.349831319136050e-02
1.264726259042159e-02
1.172564359059297e-02
1.077570707251649e-02
9.831927568715454e-03
8.920309763153625e-03
8.058958653335224e-03
7.259306815457497e-03
6.527549630448106e-03
5.866016833374045e-03
5.274349217418696e-03
4.750440582941851e-03
4.291155249305709e-03
3.892853856160026e-03
3.551766280905497e-03
3.264248315737656e-03
3.026953158781567e-03
2.836942417320267e-03
2.691755440334833e-03
2.589450850346589e-03
2.528630187343671e-03
2.508450485651033e-03
2.528630187343666e-03
2.589450850346580e-03
2.691755440334819e-03
2.836942417320249e-03
3.026953158781544e-03
3.264248315737627e-03
3.551766280905463e-03
3.892853856159986e-03
4.291155249305663e-03
4.750440582941797e-03
5.274349217418635e-03
5.866016833373976e-03
6.527549630448028e-03
7.259306815457406e-03
8.058958653335120e-03
8.920309763153509e-03
9.831927568715327e-03
1.077570707251635e-02
1.172564359059282e-02
1.264726259042143e-02
1.349831319136033e-02
1.423134503340288e-02
1.479848378755031e-02
1.515799227825625e-02
1.528123090153101e-02
1.373587093105586e-02
1.362654984999538e-02
1.330745745203816e-02
1.280352059588443e-02
1.215118642730520e-02
1.139247137489488e-02
1.056928341583788e-02
9.719207396138893e-03
8.873150215236545e-03
8.054622015116511e-03
7.280147517799725e-03
6.560289764863499e-03
5.900889727452104e-03
5.304273638832673e-03
4.770302491336281e-03
4.297220605674930e-03
3.882307245791861e-03
3.522357382075535e-03
3.214024714817879e-03
2.954059103089099e-03
2.739466093133107e-03
2.567610814355719e-03
2.436283341612580e-03
2.343738199679762e-03
2.288717108181995e-03
2.270461247310450e-03
2.288717108181991e-03
2.343738199679754e-03
2.436283341612568e-03
2.567610814355703e-03
2.739466093133087e-03
2.954059103089074e-03
3.214024714817848e-03
3.522357382075499e-03
3.882307245791819e-03
4.297220605674882e-03
4.770302491336226e-03
5.304273638832611e-03
5.900889727452034e-03
6.560289764863417e-03
7.280147517799630e-03
8.054622015116407e-03
8.873150215236433e-03
9.719207396138770e-03
1.056928341583774e-02
1.139247137489474e-02
1.215118642730505e-02
1.280352059588428e-02
1.330745745203800e-02
1.362654984999522e-02
1.373587093105569e-02
1.222879253415964e-02
1.213261632223410e-02
1.185174789430221e-02
1.140774198273649e-02
1.083220930627231e-02
1.016175413902870e-02
9.433092063638670e-03
8.679362546577947e-03
7.928006502604798e-03
7.200053941474190e-03
6.510411122281199e-03
5.868708608716466e-03
5.280363778078938e-03
4.747634349054335e-03
4.270545378637412e-03
3.847645699446028e-03
3.476593073571896e-03
3.154588585395958e-03
2.878688256344873e-03
2.646019816533007e-03
2.453929081201950e-03
2.300075793064480e-03
2.182494291959644e-03
2.099630460296632e-03
2.050363193988080e-03
2.034016110035245e-03
2.050363193988076e-03
2.099630460296625e-03
2.182494291959633e-03
2.300075793064466e-03
2.453929081201932e-03
2.646019816532984e-03
2.878688256344845e-03
3.154588585395926e-03
3.476593073571858e-03
3.847645699445984e-03
4.270545378637363e-03
4.747634349054279e-03
5.280363778078874e-03
5.868708608716393e-03
6.510411122281114e-03
7.200053941474097e-03
7.928006502604697e-03
8.679362546577836e-03
9.433092063638550e-03
1.016175413902858e-02
1.083220930627218e-02
1.140774198273635e-02
1.185174789430207e-02
1.213261632223396e-02
1.222879253415949e-02
1.075737502018955e-02
1.067366167838284e-02
1.042907870506302e-02
1.004209983021746e-02
9.539889420333545e-03
8.954027563582883e-03
8.316347867404462e-03
7.655746032438712e-03
6.996295742712251e-03
6.356568127119475e-03
5.749823883331290e-03
5.184709897917799e-03
4.666161298084074e-03
4.196310885795849e-03
3.775298293946390e-03
3.401935787450073e-03
3.074226730171353e-03
2.789752602419145e-03
2.545951969440269e-03
2.340315405176330e-03
2.170517692319712e-03
2.034504785314190e-03
1.930549151381128e-03
1.857283685689879e-03
1.813721574222012e-03
1.799267222384396e-03
1.813721574222009e-03
1.857283685689872e-03
1.930549151381119e-03
2.034504785314177e-03
2.170517692319696e-03
2.340315405176310e-03
2.545951969440245e-03
2.789752602419116e-03
3.074226730171319e-03
3.401935787450035e-03
3.775298293946347e-03
4.196310885795800e-03
4.666161298084019e-03
5.184709897917734e-03
5.749823883331215e-03
6.356568127119393e-03
6.996295742712161e-03
7.655746032438614e-03
8.316347867404357e-03
8.954027563582771e-03
9.539889420333427e-03
1.004209983021734e-02
1.042907870506290e-02
1.067366167838271e-02
1.075737502018942e-02
9.319153231001225e-03
9.247302897630857e-03
9.037297156061696e-03
8.704776565956912e-03
8.272793188246032e-03
7.768238940589106e-03
7.218339062664575e-03
6.647928128116254e-03
6.077806999305872e-03
5.524114131790129e-03
4.998446973148067e-03
4.508428042444397e-03
4.058461294520418e-03
3.650506371087803e-03
3.284774414577515e-03
2.960304884990949e-03
2.675417388713360e-03
2.428050603998665e-03
2.216007620706904e-03
2.037128032668141e-03
1.889405096700697e-03
1.771063109586543e-03
1.680606870765578e-03
1.616852156939144e-03
1.578943684397729e-03
1.566365064546726e-03
1.578943684397726e-03
1.616852156939139e-03
1.680606870765570e-03
1.771063109586531e-03
1.889405096700683e-03
2.037128032668123e-03
2.216007620706882e-03
2.428050603998639e-03
2.675417388713331e-03
2.960304884990916e-03
3.284774414577478e-03
3.650506371087761e-03
4.058461294520370e-03
4.508428042444340e-03
4.998446973148001e-03
5.524114131790058e-03
6.077806999305793e-03
6.647928128116169e-03
7.218339062664484e-03
7.768238940589008e-03
8.272793188245928e-03
8.704776565956807e-03
9.037297156061587e-03
9.247302897630746e-03
9.319153231001112e-03
7.911801758573552e-03
7.851289385986657e-03
7.674362906620330e-03
7.394039421374387e-03
7.029542992666051e-03
6.603366428220610e-03
6.138365906356352e-03
5.655478782091689e-03
5.172322056386468e-03
4.702631122003227e-03
4.256330459669933e-03
3.839986948237116e-03
3.457433458385272e-03
3.110415958846721e-03
2.799180233987133e-03
2.522961446533984e-03
2.280369596121532e-03
2.069679888862761e-03
1.889043700302058e-03
1.736637049067866e-03
1.610762004759583e-03
1.509913889176247e-03
1.432824396796216e-03
1.378488279692690e-03
1.346179158898170e-03
1.335458339862463e-03
1.346179158898167e-03
1.378488279692685e-03
1.432824396796209e-03
1.509913889176238e-03
1.610762004759571e-03
1.736637049067851e-03
1.889043700302040e-03
2.069679888862740e-03
2.280369596121507e-03
2.522961446533956e-03
2.799180233987101e-03
3.110415958846685e-03
3.457433458385232e-03
3.839986948237067e-03
4.256330459669877e-03
4.702631122003166e-03
5.172322056386401e-03
5.655478782091617e-03
6.138365906356274e-03
6.603366428220526e-03
7.029542992665962e-03
7.394039421374296e-03
7.674362906620236e-03
7.851289385986563e-03
7.911801758573454e-03
6.533120640225121e-03
6.483489734524553e-03
6.338337633099184e-03
6.108233863804868e-03
5.808814312206302e-03
5.458419048735138e-03
5.075742455179105e-03
4.677970209780912e-03
4.279618144350015e-03
3.892050339849121e-03
3.523515348688246e-03
3.179501602228118e-03
2.863239334672575e-03
2.576227660766396e-03
2.318716118265755e-03
2.090108719703547e-03
1.889283479500875e-03
1.714833985012668e-03
1.565245450257107e-03
1.439018969302643e-03
1.334756612231262e-03
1.251217975528308e-03
1.187356581487812e-03
1.142342485415736e-03
1.115575727845896e-03
1.106693870330678e-03
1.115575727845894e-03
1.142342485415733e-03
1.187356581487806e-03
1.251217975528300e-03
1.334756612231251e-03
1.439018969302631e-03
1.565245450257092e-03
1.714833985012651e-03
1.889283479500854e-03
2.090108719703524e-03
2.318716118265729e-03
2.576227660766366e-03
2.863239334672543e-03
3.179501602228077e-03
3.523515348688199e-03
3.892050339849070e-03
4.279618144349960e-03
4.677970209780852e-03
5.075742455179040e-03
5.458419048735069e-03
5.808814312206229e-03
6.108233863804793e-03
6.338337633099107e-03
6.483489734524476e-03
6.533120640225037e-03
5.181022336003959e-03
5.141879633559629e-03
5.027375476359111e-03
4.845777423212661e-03
4.609332883212128e-03
4.332436490719531e-03
4.029798063161357e-03
3.714979216265657e-03
3.399470451860111e-03
3.092297422528981e-03
2.800035532503555e-03
2.527079604783506e-03
2.276033466705153e-03
2.048123162653770e-03
1.843576861995921e-03
1.661945103076071e-03
1.502354958160830e-03
1.363702757236200e-03
1.244794898727013e-03
1.144447457107862e-03
1.061554550273096e-03
9.951338761025746e-04
9.443560958840851e-04
9.085631365358030e-04
8.872791177132299e-04
8.802164958039567e-04
8.872791177132284e-04
9.085631365358000e-04
9.443560958840803e-04
9.951338761025684e-04
1.061554550273088e-03
1.144447457107852e-03
1.244794898727001e-03
1.363702757236186e-03
1.502354958160814e-03
1.661945103076052e-03
1.843576861995900e-03
2.048123162653746e-03
2.276033466705127e-03
2.527079604783474e-03
2.800035532503518e-03
3.092297422528940e-03
3.399470451860067e-03
3.714979216265609e-03
4.029798063161306e-03
4.332436490719476e-03
4.609332883212070e-03
4.845777423212601e-03
5.027375476359049e-03
5.141879633559570e-03
5.181022336003890e-03
3.853519816819263e-03
3.824530792210454e-03
3.739714213261523e-03
3.605153887871870e-03
3.429871918481975e-03
3.224488767843257e-03
2.999878651788899e-03
2.766089290530433e-03
2.531654450150114e-03
2.303294586599657e-03
2.085919650280717e-03
1.882822649550097e-03
1.695964512217332e-03
1.526278627806692e-03
1.373952240089348e-03
1.238664504800535e-03
1.119775958855529e-03
1.016472518839451e-03
9.278708987260787e-04
8.530933133709068e-04
7.913188397475605e-04
7.418176861677842e-04
7.039733474614577e-04
6.772964351251493e-04
6.614329553652523e-04
6.561689765808544e-04
6.614329553652511e-04
6.772964351251470e-04
7.039733474614541e-04
7.418176861677795e-04
7.913188397475545e-04
8.530933133708995e-04
9.278708987260699e-04
1.016472518839441e-03
1.119775958855517e-03
1.238664504800521e-03
1.373952240089331e-03
1.526278627806674e-03
1.695964512217314e-03
1.882822649550073e-03
2.085919650280689e-03
2.303294586599626e-03
2.531654450150082e-03
2.766089290530396e-03
2.999878651788860e-03
3.224488767843216e-03
3.429871918481931e-03
3.605153887871826e-03
3.739714213261477e-03
3.824530792210410e-03
3.853519816819211e-03
2.548715612115656e-03
2.529600730277695e-03
2.473667067712471e-03
2.384907843539595e-03
2.269249404239098e-03
2.133675778941533e-03
1.985347800219536e-03
1.830892509463528e-03
1.675948055118264e-03
1.524962690774554e-03
1.381192865683752e-03
1.246827951249496e-03
1.123176329150537e-03
1.010865484403603e-03
9.100275524749830e-04
8.204566992477375e-04
7.417346319241386e-04
6.733261457673986e-04
6.146491699496942e-04
5.651244678266638e-04
5.242098489031419e-04
4.914230239422462e-04
4.663564007971315e-04
4.486863347709688e-04
4.381786752387298e-04
4.346918991161362e-04
4.381786752387290e-04
4.486863347709672e-04
4.663564007971291e-04
4.914230239422430e-04
5.242098489031379e-04
5.651244678266589e-04
6.146491699496882e-04
6.733261457673915e-04
7.417346319241305e-04
8.204566992477281e-04
9.100275524749721e-04
1.010865484403592e-03
1.123176329150524e-03
1.246827951249480e-03
1.381192865683733e-03
1.524962690774534e-03
1.675948055118243e-03
1.830892509463503e-03
1.985347800219511e-03
2.133675778941505e-03
2.269249404239069e-03
2.384907843539565e-03
2.473667067712440e-03
2.529600730277666e-03
2.548715612115622e-03
1.264791682884188e-03
1.255323324055780e-03
1.227615084966008e-03
1.183639531271372e-03
1.126325492166151e-03
1.059126808268654e-03
9.855876981780907e-04
9.089912868614436e-04
8.321336512392524e-04
7.572231908585811e-04
6.858785676183401e-04
6.191896223720682e-04
5.578090295185160e-04
5.020511941894934e-04
4.519841587371553e-04
4.075076790456404e-04
3.684155661179453e-04
3.344431913526333e-04
3.053023423273832e-04
2.807059730844973e-04
2.603852536935875e-04
2.441009685150273e-04
2.316509010727898e-04
2.228744552954162e-04
2.176554293704957e-04
2.159235845789644e-04
2.176554293704953e-04
2.228744552954153e-04
2.316509010727886e-04
2.441009685150256e-04
2.603852536935855e-04
2.807059730844948e-04
3.053023423273801e-04
3.344431913526297e-04
3.684155661179411e-04
4.075076790456355e-04
4.519841587371497e-04
5.020511941894872e-04
5.578090295185095e-04
6.191896223720599e-04
6.858785676183311e-04
7.572231908585710e-04
8.321336512392416e-04
9.089912868614315e-04
9.855876981780779e-04
1.059126808268640e-03
1.126325492166136e-03
1.183639531271357e-03
1.227615084965992e-03
1.255323324055764e-03
1.264791682884171e-03
0.000000000000000e+00
0.000000000000000e+00
0.000000000000000e+00
0.000000000000000e+00
0.000000000000000e+00
0.000000000000000e+00
0.000000000000000e+00
0.000000000000000e+00
0.000000000000000e+00
0.000000000000000e+00
0.000000000000000e+00
0.000000000000000e+00
0.000000000000000e+00
0.000000000000000e+00
0.000000000000000e+00
0.000000000000000e+00
0.000000000000000e+00
0.000000000000000e+00
0.000000000000000e+00
0.000000000000000e+00
0.000000000000000e+00
0.000000000000000e+00
0.000000000000000e+00
0.000000000000000e+00
0.000000000000000e+00
0.000000000000000e+00
0.000000000000000e+00
0.000000000000000e+00
0.000000000000000e+00
0.000000000000000e+00
0.000000000000000e+00
0.000000000000000e+00
0.000000000000000e+00
0.000000000000000e+00
0.000000000000000e+00
0.000000000000000e+00
0.000000000000000e+00
0.000000000000000e+00
0.000000000000000e+00
0.000000000000000e+00
0.000000000000000e+00
0.000000000000000e+00
0.000000000000000e+00
0.000000000000000e+00
0.000000000000000e+00
0.000000000000000e+00
0.000000000000000e+00
0.000000000000000e+00
0.000000000000000e+00
0.000000000000000e+00
0.000000000000000e+00
end_node_model

begin_node_model "Potential_prev"
DATA
0.000000000000000e+00
0.000000000000000e+00
0.000000000000000e+00
0.000000000000000e+00
0.000000000000000e+00
0.000000000000000e+00
0.000000000000000e+00
0.000000000000000e+00
0.000000000000000e+00
0.000000000000000e+00
0.000000000000000e+00
0.000000000000000e+00
0.000000000000000e+00
0.000000000000000e+00
0.000000000000000e+00
0.000000000000000e+00
0.000000000000000e+00
0.000000000000000e+00
0.000000000000000e+00
0.000000000000000e+00
0.000000000000000e+00
0.000000000000000e+00
0.000000000000000e+00
0.000000000000000e+00
0.000000000000000e+00
0.000000000000000e+00
0.000000000000000e+00
0.000000000000000e+00
0.000000000000000e+00
0.000000000000000e+00
0.000000000000000e+00
0.000000000000000e+00
0.000000000000000e+00
0.000000000000000e+00
0.000000000000000e+00
0.000000000000000e+00
0.000000000000000e+00
0.000000000000000e+00
0.000000000000000e+00
0.000000000000000e+00
0.000000000000000e+00
0.000000000000000e+00
0.000000000000000e+00
0.000000000000000e+00
0.000000000000000e+00
0.000000000000000e+00
0.000000000000000e+00
0.000000000000000e+00
0.000000000000000e+00
0.000000000000000e+00
0.000000000000000e+00
0.000000000000000e+00
0.000000000000000e+00
0.000000000000000e+00
0.000000000000000e+00
0.000000000000000e+00
0.000000000000000e+00
0.000000000000000e+00
0.000000000000000e+00
0.000000000000000e+00
0.000000000000000e+00
0.000000000000000e+00
0.000000000000000e+00
0.000000000000000e+00
0.000000000000000e+00
0.000000000000000e+00
0.000000000000000e+00
0.000000000000000e+00
0.000000000000000e+00
0.000000000000000e+00
0.000000000000000e+00
0.000000000000000e+00
0.000000000000000e+00
0.000000000000000e+00
0.000000000000000e+00
0.000000000000000e+00
0.000000000000000e+00
0.000000000000000e+00
0.000000000000000e+00
0.000000000000000e+00
0.000000000000000e+00
0.000000000000000e+00
0.000000000000000e+00
0.000000000000000e+00
0.000000000000000e+00
0.000000000000000e+00
0.000000000000000e+00
0.000000000000000e+00
0.000000000000000e+00
0.000000000000000e+00
0.000000000000000e+00
0.000000000000000e+00
0.000000000000000e+00
0.000000000000000e+00
0.000000000000000e+00
0.000000000000000e+00
0.000000000000000e+00
0.000000000000000e+00
0.000000000000000e+00
0.000000000000000e+00
0.000000000000000e+00
0.000000000000000e+00
0.000000000000000e+00
0.000000000000000e+00
0.000000000000000e+00
0.000000000000000e+00
0.000000000000000e+00
0.000000000000000e+00
0.000000000000000e+00
0.000000000000000e+00
0.000000000000000e+00
0.000000000000000e+00
0.000000000000000e+00
0.000000000000000e+00
0.000000000000000e+00
0.000000000000000e+00
0.000000000000000e+00
0.000000000000000e+00
0.000000000000000e+00
0.000000000000000e+00
0.000000000000000e+00
0.000000000000000e+00
0.000000000000000e+00
0.000000000000000e+00
0.000000000000000e+00
0.000000000000000e+00
0.000000000000000e+00
0.000000000000000e+00
0.000000000000000e+00
0.000000000000000e+00
0.000000000000000e+00
0.000000000000000e+00
0.000000000000000e+00
0.000000000000000e+00
0.000000000000000e+00
0.000000000000000e+00
0.000000000000000e+00
0.000000000000000e+00
0.000000000000000e+00
0.000000000000000e+00
0.000000000000000e+00
0.000000000000000e+00
0.000000000000000e+00
0.000000000000000e+00
0.000000000000000e+00
0.000000000000000e+00
0.000000000000000e+00
0.000000000000000e+00
0.000000000000000e+00
0.000000000000000e+00
0.000000000000000e+00
0.000000000000000e+00
0.000000000000000e+00
0.000000000000000e+00
0.000000000000000e+00
0.000000000000000e+00
0.000000000000000e+00
0.000000000000000e+00
0.000000000000000e+00
0.000000000000000e+00
0.000000000000000e+00
0.000000000000000e+00
0.000000000000000e+00
0.000000000000000e+00
0.000000000000000e+00
0.000000000000000e+00
0.000000000000000e+00
0.000000000000000e+00
0.000000000000000e+00
0.000000000000000e+00
0.000000000000000e+00
0.000000000000000e+00
0.000000000000000e+00
0.000000000000000e+00
0.000000000000000e+00
0.000000000000000e+00
0.000000000000000e+00
0.000000000000000e+00
0.000000000000000e+00
0.000000000000000e+00
0.000000000000000e+00
0.000000000000000e+00
0.000000000000000e+00
0.000000000000000e+00
0.000000000000000e+00
0.000000000000000e+00
0.000000000000000e+00
0.000000000000000e+00
0.000000000000000e+00
0.000000000000000e+00
0.000000000000000e+00
0.000000000000000e+00
0.000000000000000e+00
0.000000000000000e+00
0.000000000000000e+00
0.000000000000000e+00
0.000000000000000e+00
0.000000000000000e+00
0.000000000000000e+00
0.000000000000000e+00
0.000000000000000e+00
0.000000000000000e+00
0.000000000000000e+00
0.000000000000000e+00
0.000000000000000e+00
0.000000000000000e+00
0.000000000000000e+00
0.000000000000000e+00
0.000000000000000e+00
0.000000000000000e+00
0.000000000000000e+00
0.000000000000000e+00
0.000000000000000e+00
0.000000000000000e+00
0.000000000000000e+00
0.000000000000000e+00
0.000000000000000e+00
0.000000000000000e+00
0.000000000000000e+00
0.000000000000000e+00
0.000000000000000e+00
0.000000000000000e+00
0.000000000000000e+00
0.000000000000000e+00
0.000000000000000e+00
0.000000000000000e+00
0.000000000000000e+00
0.000000000000000e+00
0.000000000000000e+00
0.000000000000000e+00
0.000000000000000e+00
0.000000000000000e+00
0.000000000000000e+00
0.000000000000000e+00
0.000000000000000e+00
0.000000000000000e+00
0.000000000000000e+00
0.000000000000000e+00
0.000000000000000e+00
0.000000000000000e+00
0.000000000000000e+00
0.000000000000000e+00
0.000000000000000e+00
0.000000000000000e+00
0.000000000000000e+00
0.000000000000000e+00
0.000000000000000e+00
0.000000000000000e+00
0.000000000000000e+00
0.000000000000000e+00
0.000000000000000e+00
0.000000000000000e+00
0.000000000000000e+00
0.000000000000000e+00
0.000000000000000e+00
0.000000000000000e+00
0.000000000000000e+00
0.000000000000000e+00
0.000000000000000e+00
0.000000000000000e+00
0.000000000000000e+00
0.000000000000000e+00
0.000000000000000e+00
0.000000000000000e+00
0.000000000000000e+00
0.000000000000000e+00
0.000000000000000e+00
0.000000000000000e+00
0.000000000000000e+00
0.000000000000000e+00
0.000000000000000e+00
0.000000000000000e+00
0.000000000000000e+00
0.000000000000000e+00
0.000000000000000e+00
0.000000000000000e+00
0.000000000000000e+00
0.000000000000000e+00
0.000000000000000e+00
0.000000000000000e+00
0.000000000000000e+00
0.000000000000000e+00
0.000000000000000e+00
0.000000000000000e+00
0.000000000000000e+00
0.000000000000000e+00
0.000000000000000e+00
0.000000000000000e+00
0.000000000000000e+00
0.000000000000000e+00
0.000000000000000e+00
0.000000000000000e+00
0.000000000000000e+00
0.000000000000000e+00
0.000000000000000e+00
0.000000000000000e+00
0.000000000000000e+00
0.000000000000000e+00
0.000000000000000e+00
0.000000000000000e+00
0.000000000000000e+00
0.000000000000000e+00
0.000000000000000e+00
0.000000000000000e+00
0.000000000000000e+00
0.000000000000000e+00
0.000000000000000e+00
0.000000000000000e+00
0.000000000000000e+00
0.000000000000000e+00
0.000000000000000e+00
0.000000000000000e+00
0.000000000000000e+00
0.000000000000000e+00
0.000000000000000e+00
0.000000000000000e+00
0.000000000000000e+00
0.000000000000000e+00
0.000000000000000e+00
0.000000000000000e+00
0.000000000000000e+00
0.000000000000000e+00
0.000000000000000e+00
0.000000000000000e+00
0.000000000000000e+00
0.000000000000000e+00
0.000000000000000e+00
0.000000000000000e+00
0.000000000000000e+00
0.000000000000000e+00
0.000000000000000e+00
0.000000000000000e+00
0.000000000000000e+00
0.000000000000000e+00
0.000000000000000e+00
0.000000000000000e+00
0.000000000000000e+00
0.000000000000000e+00
0.000000000000000e+00
0.000000000000000e+00
0.000000000000000e+00
0.000000000000000e+00
0.000000000000000e+00
0.000000000000000e+00
0.000000000000000e+00
0.000000000000000e+00
0.000000000000000e+00
0.000000000000000e+00
0.000000000000000e+00
0.000000000000000e+00
0.000000000000000e+00
0.000000000000000e+00
0.000000000000000e+00
0.000000000000000e+00
0.000000000000000e+00
0.000000000000000e+00
0.000000000000000e+00
0.000000000000000e+00
0.000000000000000e+00
0.000000000000000e+00
0.000000000000000e+00
0.000000000000000e+00
0.000000000000000e+00
0.000000000000000e+00
0.000000000000000e+00
0.000000000000000e+00
0.000000000000000e+00
0.000000000000000e+00
0.000000000000000e+00
0.000000000000000e+00
0.000000000000000e+00
0.000000000000000e+00
0.000000000000000e+00
0.000000000000000e+00
0.000000000000000e+00
0.000000000000000e+00
0.000000000000000e+00
0.000000000000000e+00
0.000000000000000e+00
0.000000000000000e+00
0.000000000000000e+00
0.000000000000000e+00
0.000000000000000e+00
0.000000000000000e+00
0.000000000000000e+00
0.000000000000000e+00
0.000000000000000e+00
0.000000000000000e+00
0.000000000000000e+00
0.000000000000000e+00
0.000000000000000e+00
0.000000000000000e+00
0.000000000000000e+00
0.000000000000000e+00
0.000000000000000e+00
0.000000000000000e+00
0.000000000000000e+00
0.000000000000000e+00
0.000000000000000e+00
0.000000000000000e+00
0.000000000000000e+00
0.000000000000000e+00
0.000000000000000e+00
0.000000000000000e+00
0.000000000000000e+00
0.000000000000000e+00
0.000000000000000e+00
0.000000000000000e+00
0.000000000000000e+00
0.000000000000000e+00
0.000000000000000e+00
0.000000000000000e+00
0.000000000000000e+00
0.000000000000000e+00
0.000000000000000e+00
0.000000000000000e+00
0.000000000000000e+00
0.000000000000000e+00
0.000000000000000e+00
0.000000000000000e+00
0.000000000000000e+00
0.000000000000000e+00
0.000000000000000e+00
0.000000000000000e+00
0.000000000000000e+00
0.000000000000000e+00
0.000000000000000e+00
0.000000000000000e+00
0.000000000000000e+00
0.000000000000000e+00
0.000000000000000e+00
0.000000000000000e+00
0.000000000000000e+00
0.000000000000000e+00
0.000000000000000e+00
0.000000000000000e+00
0.000000000000000e+00
0.000000000000000e+00
0.000000000000000e+00
0.000000000000000e+00
0.000000000000000e+00
0.000000000000000e+00
0.000000000000000e+00
0.000000000000000e+00
0.000000000000000e+00
0.000000000000000e+00
0.000000000000000e+00
0.000000000000000e+00
0.000000000000000e+00
0.000000000000000e+00
0.000000000000000e+00
0.000000000000000e+00
0.000000000000000e+00
0.000000000000000e+00
0.000000000000000e+00
0.000000000000000e+00
0.000000000000000e+00
0.000000000000000e+00
0.000000000000000e+00
0.000000000000000e+00
0.000000000000000e+00
0.000000000000000e+00
0.000000000000000e+00
0.000000000000000e+00
0.000000000000000e+00
0.000000000000000e+00
0.000000000000000e+00
0.000000000000000e+00
0.000000000000000e+00
0.000000000000000e+00
0.000000000000000e+00
0.000000000000000e+00
0.000000000000000e+00
0.000000000000000e+00
0.000000000000000e+00
0.000000000000000e+00
0.000000000000000e+00
0.000000000000000e+00
0.000000000000000e+00
0.000000000000000e+00
0.000000000000000e+00
0.000000000000000e+00
0.000000000000000e+00
0.000000000000000e+00
0.000000000000000e+00
0.000000000000000e+00
0.000000000000000e+00
0.000000000000000e+00
0.000000000000000e+00
0.000000000000000e+00
0.000000000000000e+00
0.000000000000000e+00
0.000000000000000e+00
0.000000000000000e+00
0.000000000000000e+00
0.000000000000000e+00
0.000000000000000e+00
0.000000000000000e+00
0.000000000000000e+00
0.000000000000000e+00
0.000000000000000e+00
0.000000000000000e+00
0.000000000000000e+00
0.000000000000000e+00
0.000000000000000e+00
0.000000000000000e+00
0.000000000000000e+00
0.000000000000000e+00
0.000000000000000e+00
0.000000000000000e+00
0.000000000000000e+00
0.000000000000000e+00
0.000000000000000e+00
0.000000000000000e+00
0.000000000000000e+00
0.000000000000000e+00
0.000000000000000e+00
0.000000000000000e+00
0.000000000000000e+00
0.000000000000000e+00
0.000000000000000e+00
0.000000000000000e+00
0.000000000000000e+00
0.000000000000000e+00
0.000000000000000e+00
0.000000000000000e+00
0.000000000000000e+00
0.000000000000000e+00
0.000000000000000e+00
0.000000000000000e+00
0.000000000000000e+00
0.000000000000000e+00
0.000000000000000e+00
0.000000000000000e+00
0.000000000000000e+00
0.000000000000000e+00
0.000000000000000e+00
0.000000000000000e+00
0.000000000000000e+00
0.000000000000000e+00
0.000000000000000e+00
0.000000000000000e+00
0.000000000000000e+00
0.000000000000000e+00
0.000000000000000e+00
0.000000000000000e+00
0.000000000000000e+00
0.000000000000000e+00
0.000000000000000e+00
0.000000000000000e+00
0.000000000000000e+00
0.000000000000000e+00
0.000000000000000e+00
0.000000000000000e+00
0.000000000000000e+00
0.000000000000000e+00
0.000000000000000e+00
0.000000000000000e+00
0.000000000000000e+00
0.000000000000000e+00
0.000000000000000e+00
0.000000000000000e+00
0.000000000000000e+00
0.000000000000000e+00
0.000000000000000e+00
0.000000000000000e+00
0.000000000000000e+00
0.000000000000000e+00
0.000000000000000e+00
0.000000000000000e+00
0.000000000000000e+00
0.000000000000000e+00
0.000000000000000e+00
0.000000000000000e+00
0.000000000000000e+00
0.000000000000000e+00
0.000000000000000e+00
0.000000000000000e+00
0.000000000000000e+00
0.000000000000000e+00
0.000000000000000e+00
0.000000000000000e+00
0.000000000000000e+00
0.000000000000000e+00
0.000000000000000e+00
0.000000000000000e+00
0.000000000000000e+00
0.000000000000000e+00
0.000000000000000e+00
0.000000000000000e+00
0.000000000000000e+00
0.000000000000000e+00
0.000000000000000e+00
0.000000000000000e+00
0.000000000000000e+00
0.000000000000000e+00
0.000000000000000e+00
0.000000000000000e+00
0.000000000000000e+00
0.000000000000000e+00
0.000000000000000e+00
0.000000000000000e+00
0.000000000000000e+00
0.000000000000000e+00
0.000000000000000e+00
0.000000000000000e+00
0.000000000000000e+00
0.000000000000000e+00
0.000000000000000e+00
0.000000000000000e+00
0.000000000000000e+00
0.000000000000000e+00
0.000000000000000e+00
0.000000000000000e+00
0.000000000000000e+00
0.000000000000000e+00
0.000000000000000e+00
0.000000000000000e+00
0.000000000000000e+00
0.000000000000000e+00
0.000000000000000e+00
0.000000000000000e+00
0.000000000000000e+00
0.000000000000000e+00
0.000000000000000e+00
0.000000000000000e+00
0.000000000000000e+00
0.000000000000000e+00
0.000000000000000e+00
0.000000000000000e+00
0.000000000000000e+00
0.000000000000000e+00
0.000000000000000e+00
0.000000000000000e+00
0.000000000000000e+00
0.000000000000000e+00
0.000000000000000e+00
0.000000000000000e+00
0.000000000000000e+00
0.000000000000000e+00
0.000000000000000e+00
0.000000000000000e+00
0.000000000000000e+00
0.000000000000000e+00
0.000000000000000e+00
0.000000000000000e+00
0.000000000000000e+00
0.000000000000000e+00
0.000000000000000e+00
0.000000000000000e+00
0.000000000000000e+00
0.000000000000000e+00
0.000000000000000e+00
0.000000000000000e+00
0.000000000000000e+00
0.000000000000000e+00
0.000000000000000e+00
0.000000000000000e+00
0.000000000000000e+00
0.000000000000000e+00
0.000000000000000e+00
0.000000000000000e+00
0.000000000000000e+00
0.000000000000000e+00
0.000000000000000e+00
0.000000000000000e+00
0.000000000000000e+00
0.000000000000000e+00
0.000000000000000e+00
0.000000000000000e+00
0.000000000000000e+00
0.000000000000000e+00
0.000000000000000e+00
0.000000000000000e+00
0.000000000000000e+00
0.000000000000000e+00
0.000000000000000e+00
0.000000000000000e+00
0.000000000000000e+00
0.000000000000000e+00
0.000000000000000e+00
0.000000000000000e+00
0.000000000000000e+00
0.000000000000000e+00
0.000000000000000e+00
0.000000000000000e+00
0.000000000000000e+00
0.000000000000000e+00
0.000000000000000e+00
0.000000000000000e+00
0.000000000000000e+00
0.000000000000000e+00
0.000000000000000e+00
0.000000000000000e+00
0.000000000000000e+00
0.000000000000000e+00
0.000000000000000e+00
0.000000000000000e+00
0.000000000000000e+00
0.000000000000000e+00
0.000000000000000e+00
0.000000000000000e+00
0.000000000000000e+00
0.000000000000000e+00
0.000000000000000e+00
0.000000000000000e+00
0.000000000000000e+00
0.000000000000000e+00
0.000000000000000e+00
0.000000000000000e+00
0.000000000000000e+00
0.000000000000000e+00
0.000000000000000e+00
0.000000000000000e+00
0.000000000000000e+00
0.000000000000000e+00
0.000000000000000e+00
0.000000000000000e+00
0.000000000000000e+00
0.000000000000000e+00
0.000000000000000e+00
0.000000000000000e+00
0.000000000000000e+00
0.000000000000000e+00
0.000000000000000e+00
0.000000000000000e+00
0.000000000000000e+00
0.000000000000000e+00
0.000000000000000e+00
0.000000000000000e+00
0.000000000000000e+00
0.000000000000000e+00
0.000000000000000e+00
0.000000000000000e+00
0.000000000000000e+00
0.000000000000000e+00
0.000000000000000e+00
0.000000000000000e+00
0.000000000000000e+00
0.000000000000000e+00
0.000000000000000e+00
0.000000000000000e+00
0.000000000000000e+00
0.000000000000000e+00
0.000000000000000e+00
0.000000000000000e+00
0.000000000000000e+00
0.000000000000000e+00
0.000000000000000e+00
0.000000000000000e+00
0.000000000000000e+00
0.000000000000000e+00
0.000000000000000e+00
0.000000000000000e+00
0.000000000000000e+00
0.000000000000000e+00
0.000000000000000e+00
0.000000000000000e+00
0.000000000000000e+00
0.000000000000000e+00
0.000000000000000e+00
0.000000000000000e+00
0.000000000000000e+00
0.000000000000000e+00
0.000000000000000e+00
0.000000000000000e+00
0.000000000000000e+00
0.000000000000000e+00
0.000000000000000e+00
0.000000000000000e+00
0.000000000000000e+00
0.000000000000000e+00
0.000000000000000e+00
0.000000000000000e+00
0.000000000000000e+00
0.000000000000000e+00
0.000000000000000e+00
0.000000000000000e+00
0.000000000000000e+00
0.000000000000000e+00
0.000000000000000e+00
0.000000000000000e+00
0.000000000000000e+00
0.000000000000000e+00
0.000000000000000e+00
0.000000000000000e+00
0.000000000000000e+00
0.000000000000000e+00
0.000000000000000e+00
0.000000000000000e+00
0.000000000000000e+00
0.000000000000000e+00
0.000000000000000e+00
0.000000000000000e+00
0.000000000000000e+00
0.000000000000000e+00
0.000000000000000e+00
0.000000000000000e+00
0.000000000000000e+00
0.000000000000000e+00
0.000000000000000e+00
0.000000000000000e+00
0.000000000000000e+00
0.000000000000000e+00
0.000000000000000e+00
0.000000000000000e+00
0.000000000000000e+00
0.000000000000000e+00
0.000000000000000e+00
0.000000000000000e+00
0.000000000000000e+00
0.000000000000000e+00
0.000000000000000e+00
0.000000000000000e+00
0.000000000000000e+00
0.000000000000000e+00
0.000000000000000e+00
0.000000000000000e+00
0.000000000000000e+00
0.000000000000000e+00
0.000000000000000e+00
0.000000000000000e+00
0.000000000000000e+00
0.000000000000000e+00
0.000000000000000e+00
0.000000000000000e+00
0.000000000000000e+00
0.000000000000000e+00
0.000000000000000e+00
0.000000000000000e+00
0.000000000000000e+00
0.000000000000000e+00
0.000000000000000e+00
0.000000000000000e+00
0.000000000000000e+00
0.000000000000000e+00
0.000000000000000e+00
0.000000000000000e+00
0.000000000000000e+00
0.000000000000000e+00
0.000000000000000e+00
0.000000000000000e+00
0.000000000000000e+00
0.000000000000000e+00
0.000000000000000e+00
0.000000000000000e+00
0.000000000000000e+00
0.000000000000000e+00
0.000000000000000e+00
0.000000000000000e+00
0.000000000000000e+00
0.000000000000000e+00
0.000000000000000e+00
0.000000000000000e+00
0.000000000000000e+00
0.000000000000000e+00
0.000000000000000e+00
0.000000000000000e+00
0.000000000000000e+00
0.000000000000000e+00
0.000000000000000e+00
0.000000000000000e+00
0.000000000000000e+00
0.000000000000000e+00
0.000000000000000e+00
0.000000000000000e+00
0.000000000000000e+00
0.000000000000000e+00
0.000000000000000e+00
0.000000000000000e+00
0.000000000000000e+00
0.000000000000000e+00
0.000000000000000e+00
0.000000000000000e+00
0.000000000000000e+00
0.000000000000000e+00
0.000000000000000e+00
0.000000000000000e+00
0.000000000000000e+00
0.000000000000000e+00
0.000000000000000e+00
0.000000000000000e+00
0.000000000000000e+00
0.000000000000000e+00
0.000000000000000e+00
0.000000000000000e+00
0.000000000000000e+00
0.000000000000000e+00
0.000000000000000e+00
0.000000000000000e+00
0.000000000000000e+00
0.000000000000000e+00
0.000000000000000e+00
0.000000000000000e+00
0.000000000000000e+00
0.000000000000000e+00
0.000000000000000e+00
0.000000000000000e+00
0.000000000000000e+00
0.000000000000000e+00
0.000000000000000e+00
0.000000000000000e+00
0.000000000000000e+00
0.000000000000000e+00
0.000000000000000e+00
0.000000000000000e+00
0.000000000000000e+00
0.000000000000000e+00
0.000000000000000e+00
0.000000000000000e+00
0.000000000000000e+00
0.000000000000000e+00
0.000000000000000e+00
0.000000000000000e+00
0.000000000000000e+00
0.000000000000000e+00
0.000000000000000e+00
0.000000000000000e+00
0.000000000000000e+00
0.000000000000000e+00
0.000000000000000e+00
0.000000000000000e+00
0.000000000000000e+00
0.000000000000000e+00
0.000000000000000e+00
0.000000000000000e+00
0.000000000000000e+00
0.000000000000000e+00
0.000000000000000e+00
0.000000000000000e+00
0.000000000000000e+00
0.000000000000000e+00
0.000000000000000e+00
0.000000000000000e+00
0.000000000000000e+00
0.000000000000000e+00
0.000000000000000e+00
0.000000000000000e+00
0.000000000000000e+00
0.000000000000000e+00
0.000000000000000e+00
0.000000000000000e+00
0.000000000000000e+00
0.000000000000000e+00
0.000000000000000e+00
0.000000000000000e+00
0.000000000000000e+00
0.000000000000000e+00
0.000000000000000e+00
0.000000000000000e+00
0.000000000000000e+00
0.000000000000000e+00
0.000000000000000e+00
0.000000000000000e+00
0.000000000000000e+00
0.000000000000000e+00
0.000000000000000e+00
0.000000000000000e+00
0.000000000000000e+00
0.000000000000000e+00
0.000000000000000e+00
0.000000000000000e+00
0.000000000000000e+00
0.000000000000000e+00
0.000000000000000e+00
0.000000000000000e+00
0.000000000000000e+00
0.000000000000000e+00
0.000000000000000e+00
0.000000000000000e+00
0.000000000000000e+00
0.000000000000000e+00
0.000000000000000e+00
0.000000000000000e+00
0.000000000000000e+00
0.000000000000000e+00
0.000000000000000e+00
0.000000000000000e+00
0.000000000000000e+00
0.000000000000000e+00
0.000000000000000e+00
0.000000000000000e+00
0.000000000000000e+00
0.000000000000000e+00
0.000000000000000e+00
0.000000000000000e+00
0.000000000000000e+00
0.000000000000000e+00
0.000000000000000e+00
0.000000000000000e+00
0.000000000000000e+00
0.000000000000000e+00
0.000000000000000e+00
0.000000000000000e+00
0.000000000000000e+00
0.000000000000000e+00
0.000000000000000e+00
0.000000000000000e+00
0.000000000000000e+00
0.000000000000000e+00
0.000000000000000e+00
0.000000000000000e+00
0.000000000000000e+00
0.000000000000000e+00
0.000000000000000e+00
0.000000000000000e+00
0.000000000000000e+00
0.000000000000000e+00
0.000000000000000e+00
0.000000000000000e+00
0.000000000000000e+00
0.000000000000000e+00
0.000000000000000e+00
0.000000000000000e+00
0.000000000000000e+00
0.000000000000000e+00
0.000000000000000e+00
0.000000000000000e+00
0.000000000000000e+00
0.000000000000000e+00
0.000000000000000e+00
0.000000000000000e+00
0.000000000000000e+00
0.000000000000000e+00
0.000000000000000e+00
0.000000000000000e+00
0.000000000000000e+00
0.000000000000000e+00
0.000000000000000e+00
0.000000000000000e+00
0.000000000000000e+00
0.000000000000000e+00
0.000000000000000e+00
0.000000000000000e+00
0.000000000000000e+00
0.000000000000000e+00
0.000000000000000e+00
0.000000000000000e+00
0.000000000000000e+00
0.000000000000000e+00
0.000000000000000e+00
0.000000000000000e+00
0.000000000000000e+00
0.000000000000000e+00
0.000000000000000e+00
0.000000000000000e+00
0.000000000000000e+00
0.000000000000000e+00
0.000000000000000e+00
0.000000000000000e+00
0.000000000000000e+00
0.000000000000000e+00
0.000000000000000e+00
0.000000000000000e+00
0.000000000000000e+00
0.000000000000000e+00
0.000000000000000e+00
0.000000000000000e+00
0.000000000000000e+00
0.000000000000000e+00
0.000000000000000e+00
0.000000000000000e+00
0.000000000000000e+00
0.000000000000000e+00
0.000000000000000e+00
0.000000000000000e+00
0.000000000000000e+00
0.000000000000000e+00
0.000000000000000e+00
0.000000000000000e+00
0.000000000000000e+00
0.000000000000000e+00
0.000000000000000e+00
0.000000000000000e+00
0.000000000000000e+00
0.000000000000000e+00
0.000000000000000e+00
0.000000000000000e+00
0.000000000000000e+00
0.000000000000000e+00
0.000000000000000e+00
0.000000000000000e+00
0.000000000000000e+00
0.000000000000000e+00
0.000000000000000e+00
0.000000000000000e+00
0.000000000000000e+00
0.000000000000000e+00
0.000000000000000e+00
0.000000000000000e+00
0.000000000000000e+00
0.000000000000000e+00
0.000000000000000e+00
0.000000000000000e+00
0.000000000000000e+00
0.000000000000000e+00
0.000000000000000e+00
0.000000000000000e+00
0.000000000000000e+00
0.000000000000000e+00
0.000000000000000e+00
0.000000000000000e+00
0.000000000000000e+00
0.000000000000000e+00
0.000000000000000e+00
0.000000000000000e+00
0.000000000000000e+00
0.000000000000000e+00
0.000000000000000e+00
0.000000000000000e+00
0.000000000000000e+00
0.000000000000000e+00
0.000000000000000e+00
0.000000000000000e+00
0.000000000000000e+00
0.000000000000000e+00
0.000000000000000e+00
0.000000000000000e+00
0.000000000000000e+00
0.000000000000000e+00
0.000000000000000e+00
0.000000000000000e+00
0.000000000000000e+00
0.000000000000000e+00
0.000000000000000e+00
0.000000000000000e+00
0.000000000000000e+00
0.000000000000000e+00
0.000000000000000e+00
0.000000000000000e+00
0.000000000000000e+00
0.000000000000000e+00
0.000000000000000e+00
0.000000000000000e+00
0.000000000000000e+00
0.000000000000000e+00
0.000000000000000e+00
0.000000000000000e+00
0.000000000000000e+00
0.000000000000000e+00
0.000000000000000e+00
0.000000000000000e+00
0.000000000000000e+00
0.000000000000000e+00
0.000000000000000e+00
0.000000000000000e+00
0.000000000000000e+00
0.000000000000000e+00
0.000000000000000e+00
0.000000000000000e+00
0.000000000000000e+00
0.000000000000000e+00
0.000000000000000e+00
0.000000000000000e+00
0.000000000000000e+00
0.000000000000000e+00
0.000000000000000e+00
0.000000000000000e+00
0.000000000000000e+00
0.000000000000000e+00
0.000000000000000e+00
0.000000000000000e+00
0.000000000000000e+00
0.000000000000000e+00
0.000000000000000e+00
0.000000000000000e+00
0.000000000000000e+00
0.000000000000000e+00
0.000000000000000e+00
0.000000000000000e+00
0.000000000000000e+00
0.000000000000000e+00
0.000000000000000e+00
0.000000000000000e+00
0.000000000000000e+00
0.000000000000000e+00
0.000000000000000e+00
0.000000000000000e+00
0.000000000000000e+00
0.000000000000000e+00
0.000000000000000e+00
0.000000000000000e+00
0.000000000000000e+00
0.000000000000000e+00
0.000000000000000e+00
0.000000000000000e+00
0.000000000000000e+00
0.000000000000000e+00
0.000000000000000e+00
0.000000000000000e+00
0.000000000000000e+00
0.000000000000000e+00
0.000000000000000e+00
0.000000000000000e+00
0.000000000000000e+00
0.000000000000000e+00
0.000000000000000e+00
0.000000000000000e+00
0.000000000000000e+00
0.000000000000000e+00
0.000000000000000e+00
0.000000000000000e+00
0.000000000000000e+00
0.000000000000000e+00
0.000000000000000e+00
0.000000000000000e+00
0.000000000000000e+00
0.000000000000000e+00
0.000000000000000e+00
0.000000000000000e+00
0.000000000000000e+00
0.000000000000000e+00
0.000000000000000e+00
0.000000000000000e+00
0.000000000000000e+00
0.000000000000000e+00
0.000000000000000e+00
0.000000000000000e+00
0.000000000000000e+00
0.000000000000000e+00
0.000000000000000e+00
0.000000000000000e+00
0.000000000000000e+00
0.000000000000000e+00
0.000000000000000e+00
0.000000000000000e+00
0.000000000000000e+00
0.000000000000000e+00
0.000000000000000e+00
0.000000000000000e+00
0.000000000000000e+00
0.000000000000000e+00
0.000000000000000e+00
0.000000000000000e+00
0.000000000000000e+00
0.000000000000000e+00
0.000000000000000e+00
0.000000000000000e+00
0.000000000000000e+00
0.000000000000000e+00
0.000000000000000e+00
0.000000000000000e+00
0.000000000000000e+00
0.000000000000000e+00
0.000000000000000e+00
0.000000000000000e+00
0.000000000000000e+00
0.000000000000000e+00
0.000000000000000e+00
0.000000000000000e+00
0.000000000000000e+00
0.000000000000000e+00
0.000000000000000e+00
0.000000000000000e+00
0.000000000000000e+00
0.000000000000000e+00
0.000000000000000e+00
0.000000000000000e+00
0.000000000000000e+00
0.000000000000000e+00
0.000000000000000e+00
0.000000000000000e+00
0.000000000000000e+00
0.000000000000000e+00
0.000000000000000e+00
0.000000000000000e+00
0.000000000000000e+00
0.000000000000000e+00
0.000000000000000e+00
0.000000000000000e+00
0.000000000000000e+00
0.000000000000000e+00
0.000000000000000e+00
0.000000000000000e+00
0.000000000000000e+00
0.000000000000000e+00
0.000000000000000e+00
0.000000000000000e+00
0.000000000000000e+00
0.000000000000000e+00
0.000000000000000e+00
0.000000000000000e+00
0.000000000000000e+00
0.000000000000000e+00
0.000000000000000e+00
0.000000000000000e+00
0.000000000000000e+00
0.000000000000000e+00
0.000000000000000e+00
0.000000000000000e+00
0.000000000000000e+00
0.000000000000000e+00
0.000000000000000e+00
0.000000000000000e+00
0.000000000000000e+00
0.000000000000000e+00
0.000000000000000e+00
0.000000000000000e+00
0.000000000000000e+00
0.000000000000000e+00
0.000000000000000e+00
0.000000000000000e+00
0.000000000000000e+00
0.000000000000000e+00
0.000000000000000e+00
0.000000000000000e+00
0.000000000000000e+00
0.000000000000000e+00
0.000000000000000e+00
0.000000000000000e+00
0.000000000000000e+00
0.000000000000000e+00
0.000000000000000e+00
0.000000000000000e+00
0.000000000000000e+00
0.000000000000000e+00
0.000000000000000e+00
0.000000000000000e+00
0.000000000000000e+00
0.000000000000000e+00
0.000000000000000e+00
0.000000000000000e+00
0.000000000000000e+00
0.000000000000000e+00
0.000000000000000e+00
0.000000000000000e+00
0.000000000000000e+00
0.000000000000000e+00
0.000000000000000e+00
0.000000000000000e+00
0.000000000000000e+00
0.000000000000000e+00
0.000000000000000e+00
0.000000000000000e+00
0.000000000000000e+00
0.000000000000000e+00
0.000000000000000e+00
0.000000000000000e+00
0.000000000000000e+00
0.000000000000000e+00
0.000000000000000e+00
0.000000000000000e+00
0.000000000000000e+00
0.000000000000000e+00
0.000000000000000e+00
0.000000000000000e+00
0.000000000000000e+00
0.000000000000000e+00
0.000000000000000e+00
0.000000000000000e+00
0.000000000000000e+00
0.000000000000000e+00
0.000000000000000e+00
0.000000000000000e+00
0.000000000000000e+00
0.000000000000000e+00
0.000000000000000e+00
0.000000000000000e+00
0.000000000000000e+00
0.000000000000000e+00
0.000000000000000e+00
0.000000000000000e+00
0.000000000000000e+00
0.000000000000000e+00
0.000000000000000e+00
0.000000000000000e+00
0.000000000000000e+00
0.000000000000000e+00
0.000000000000000e+00
0.000000000000000e+00
0.000000000000000e+00
0.000000000000000e+00
0.000000000000000e+00
0.000000000000000e+00
0.000000000000000e+00
0.000000000000000e+00
0.000000000000000e+00
0.000000000000000e+00
0.000000000000000e+00
0.000000000000000e+00
0.000000000000000e+00
0.000000000000000e+00
0.000000000000000e+00
0.000000000000000e+00
0.000000000000000e+00
0.000000000000000e+00
0.000000000000000e+00
0.000000000000000e+00
0.000000000000000e+00
0.000000000000000e+00
0.000000000000000e+00
0.000000000000000e+00
0.000000000000000e+00
0.000000000000000e+00
0.000000000000000e+00
0.000000000000000e+00
0.000000000000000e+00
0.000000000000000e+00
0.000000000000000e+00
0.000000000000000e+00
0.000000000000000e+00
0.000000000000000e+00
0.000000000000000e+00
0.000000000000000e+00
0.000000000000000e+00
0.000000000000000e+00
0.000000000000000e+00
0.000000000000000e+00
0.000000000000000e+00
0.000000000000000e+00
0.000000000000000e+00
0.000000000000000e+00
0.000000000000000e+00
0.000000000000000e+00
0.000000000000000e+00
0.000000000000000e+00
0.000000000000000e+00
0.000000000000000e+00
0.000000000000000e+00
0.000000000000000e+00
0.000000000000000e+00
0.000000000000000e+00
0.000000000000000e+00
0.000000000000000e+00
0.000000000000000e+00
0.000000000000000e+00
0.000000000000000e+00
0.000000000000000e+00
0.000000000000000e+00
0.000000000000000e+00
0.000000000000000e+00
0.000000000000000e+00
0.000000000000000e+00
0.000000000000000e+00
0.000000000000000e+00
0.000000000000000e+00
0.000000000000000e+00
0.000000000000000e+00
0.000000000000000e+00
0.000000000000000e+00
0.000000000000000e+00
0.000000000000000e+00
0.000000000000000e+00
0.000000000000000e+00
0.000000000000000e+00
0.000000000000000e+00
0.000000000000000e+00
0.000000000000000e+00
0.000000000000000e+00
0.000000000000000e+00
0.000000000000000e+00
0.000000000000000e+00
0.000000000000000e+00
0.000000000000000e+00
0.000000000000000e+00
0.000000000000000e+00
0.000000000000000e+00
0.000000000000000e+00
0.000000000000000e+00
0.000000000000000e+00
0.000000000000000e+00
0.000000000000000e+00
0.000000000000000e+00
0.000000000000000e+00
0.000000000000000e+00
0.000000000000000e+00
0.000000000000000e+00
0.000000000000000e+00
0.000000000000000e+00
0.000000000000000e+00
0.000000000000000e+00
0.000000000000000e+00
0.000000000000000e+00
0.000000000000000e+00
0.000000000000000e+00
0.000000000000000e+00
0.000000000000000e+00
0.000000000000000e+00
0.000000000000000e+00
0.000000000000000e+00
0.000000000000000e+00
0.000000000000000e+00
0.000000000000000e+00
0.000000000000000e+00
0.000000000000000e+00
0.000000000000000e+00
0.000000000000000e+00
0.000000000000000e+00
0.000000000000000e+00
0.000000000000000e+00
0.000000000000000e+00
0.000000000000000e+00
0.000000000000000e+00
0.000000000000000e+00
0.000000000000000e+00
0.000000000000000e+00
0.000000000000000e+00
0.000000000000000e+00
0.000000000000000e+00
0.000000000000000e+00
0.000000000000000e+00
0.000000000000000e+00
0.000000000000000e+00
0.000000000000000e+00
0.000000000000000e+00
0.000000000000000e+00
0.000000000000000e+00
0.000000000000000e+00
0.000000000000000e+00
0.000000000000000e+00
0.000000000000000e+00
0.000000000000000e+00
0.000000000000000e+00
0.000000000000000e+00
0.000000000000000e+00
0.000000000000000e+00
0.000000000000000e+00
0.000000000000000e+00
0.000000000000000e+00
0.000000000000000e+00
0.000000000000000e+00
0.000000000000000e+00
0.000000000000000e+00
0.000000000000000e+00
0.000000000000000e+00
0.000000000000000e+00
0.000000000000000e+00
0.000000000000000e+00
0.000000000000000e+00
0.000000000000000e+00
0.000000000000000e+00
0.000000000000000e+00
0.000000000000000e+00
0.000000000000000e+00
0.000000000000000e+00
0.000000000000000e+00
0.000000000000000e+00
0.000000000000000e+00
0.000000000000000e+00
0.000000000000000e+00
0.000000000000000e+00
0.000000000000000e+00
0.000000000000000e+00
0.000000000000000e+00
0.000000000000000e+00
0.000000000000000e+00
0.000000000000000e+00
0.000000000000000e+00
0.000000000000000e+00
0.000000000000000e+00
0.000000000000000e+00
0.000000000000000e+00
0.000000000000000e+00
0.000000000000000e+00
0.000000000000000e+00
0.000000000000000e+00
0.000000000000000e+00
0.000000000000000e+00
0.000000000000000e+00
0.000000000000000e+00
0.000000000000000e+00
0.000000000000000e+00
0.000000000000000e+00
0.000000000000000e+00
0.000000000000000e+00
0.000000000000000e+00
0.000000000000000e+00
0.000000000000000e+00
0.000000000000000e+00
0.000000000000000e+00
0.000000000000000e+00
0.000000000000000e+00
0.000000000000000e+00
0.000000000000000e+00
0.000000000000000e+00
0.000000000000000e+00
0.000000000000000e+00
0.000000000000000e+00
0.000000000000000e+00
0.000000000000000e+00
0.000000000000000e+00
0.000000000000000e+00
0.000000000000000e+00
0.000000000000000e+00
0.000000000000000e+00
0.000000000000000e+00
0.000000000000000e+00
0.000000000000000e+00
0.000000000000000e+00
0.000000000000000e+00
0.000000000000000e+00
0.000000000000000e+00
0.000000000000000e+00
0.000000000000000e+00
0.000000000000000e+00
0.000000000000000e+00
0.000000000000000e+00
0.000000000000000e+00
0.000000000000000e+00
0.000000000000000e+00
0.000000000000000e+00
0.000000000000000e+00
0.000000000000000e+00
0.000000000000000e+00
0.000000000000000e+00
0.000000000000000e+00
0.000000000000000e+00
0.000000000000000e+00
0.000000000000000e+00
0.000000000000000e+00
0.000000000000000e+00
0.000000000000000e+00
0.000000000000000e+00
0.000000000000000e+00
0.000000000000000e+00
0.000000000000000e+00
0.000000000000000e+00
0.000000000000000e+00
0.000000000000000e+00
0.000000000000000e+00
0.000000000000000e+00
0.000000000000000e+00
0.000000000000000e+00
0.000000000000000e+00
0.000000000000000e+00
0.000000000000000e+00
0.000000000000000e+00
0.000000000000000e+00
0.000000000000000e+00
0.000000000000000e+00
0.000000000000000e+00
0.000000000000000e+00
0.000000000000000e+00
0.000000000000000e+00
0.000000000000000e+00
0.000000000000000e+00
0.000000000000000e+00
0.000000000000000e+00
0.000000000000000e+00
0.000000000000000e+00
0.000000000000000e+00
0.000000000000000e+00
0.000000000000000e+00
0.000000000000000e+00
0.000000000000000e+00
0.000000000000000e+00
0.000000000000000e+00
0.000000000000000e+00
0.000000000000000e+00
0.000000000000000e+00
0.000000000000000e+00
0.000000000000000e+00
0.000000000000000e+00
0.000000000000000e+00
0.000000000000000e+00
0.000000000000000e+00
0.000000000000000e+00
0.000000000000000e+00
0.000000000000000e+00
0.000000000000000e+00
0.000000000000000e+00
0.000000000000000e+00
0.000000000000000e+00
0.000000000000000e+00
0.000000000000000e+00
0.000000000000000e+00
0.000000000000000e+00
0.000000000000000e+00
0.000000000000000e+00
0.000000000000000e+00
0.000000000000000e+00
0.000000000000000e+00
0.000000000000000e+00
0.000000000000000e+00
0.000000000000000e+00
0.000000000000000e+00
0.000000000000000e+00
0.000000000000000e+00
0.000000000000000e+00
0.000000000000000e+00
0.000000000000000e+00
0.000000000000000e+00
0.000000000000000e+00
end_node_model

begin_node_model "SurfaceArea"
BUILTIN
end_node_model

begin_node_model "coordinate_index"
DATAPARENT "x"
end_node_model

begin_node_model "gate_potential_bc"
COMMAND contact_node_model -device "MoS2_GAA" -contact "gate" -display_type "scalar" -name "gate_potential_bc" -equation "(Potential - gate_bias);"
end_node_model

begin_node_model "gate_potential_bc:Potential"
COMMAND contact_node_model -device "MoS2_GAA" -contact "gate" -display_type "scalar" -name "gate_potential_bc:Potential" -equation "1;"
end_node_model

begin_node_model "node_index"
DATAPARENT "x"
end_node_model

begin_node_model "x"
BUILTIN
end_node_model

begin_node_model "y"
DATAPARENT "x"
end_node_model

begin_node_model "z"
DATAPARENT "x"
end_node_model

begin_edge_model "CylindricalEdgeCouple"
DATAPARENT "ElementCylindricalEdgeCouple"
end_edge_model

begin_edge_model "CylindricalEdgeNodeVolume@n0"
DATAPARENT "ElementCylindricalNodeVolume@en0"
end_edge_model

begin_edge_model "CylindricalEdgeNodeVolume@n1"
DATAPARENT "CylindricalEdgeNodeVolume@n0"
end_edge_model

begin_edge_model "EdgeCouple"
BUILTIN
end_edge_model

begin_edge_model "EdgeInverseLength"
BUILTIN
end_edge_model

begin_edge_model "EdgeLength"
BUILTIN
end_edge_model

begin_edge_model "EdgeNodeVolume"
BUILTIN
end_edge_model

begin_edge_model "ElectricField"
COMMAND edge_model -device "MoS2_GAA" -region "BlockingOxide" -name "ElectricField" -equation "((Potential@n0 - Potential@n1) * EdgeInverseLength);" -display_type "scalar"
end_edge_model

begin_edge_model "ElectricField:Potential@n0"
COMMAND edge_model -device "MoS2_GAA" -region "BlockingOxide" -name "ElectricField:Potential@n0" -equation "EdgeInverseLength;" -display_type "scalar"
end_edge_model

begin_edge_model "ElectricField:Potential@n1"
COMMAND edge_model -device "MoS2_GAA" -region "BlockingOxide" -name "ElectricField:Potential@n1" -equation "(-EdgeInverseLength);" -display_type "scalar"
end_edge_model

begin_edge_model "Potential@n0"
COMMAND edge_from_node_model -device "MoS2_GAA" -region "BlockingOxide" -node_model "Potential"
end_edge_model

begin_edge_model "Potential@n1"
DATAPARENT "Potential@n0"
end_edge_model

begin_edge_model "PotentialEdgeFlux"
COMMAND edge_model -device "MoS2_GAA" -region "BlockingOxide" -name "PotentialEdgeFlux" -equation "(Permittivity * ElectricField);" -display_type "scalar"
end_edge_model

begin_edge_model "PotentialEdgeFlux:Potential@n0"
COMMAND edge_model -device "MoS2_GAA" -region "BlockingOxide" -name "PotentialEdgeFlux:Potential@n0" -equation "(Permittivity * EdgeInverseLength);" -display_type "scalar"
end_edge_model

begin_edge_model "PotentialEdgeFlux:Potential@n1"
COMMAND edge_model -device "MoS2_GAA" -region "BlockingOxide" -name "PotentialEdgeFlux:Potential@n1" -equation "(-Permittivity * EdgeInverseLength);" -display_type "scalar"
end_edge_model

begin_edge_model "edge_index"
BUILTIN
end_edge_model

begin_edge_model "unitx"
BUILTIN
end_edge_model

begin_edge_model "unity"
DATAPARENT "unitx"
end_edge_model

begin_triangle_edge_model "ElectricFieldMagnitude"
COMMAND element_model -device "MoS2_GAA" -region "BlockingOxide" -name "ElectricFieldMagnitude" -equation "pow((pow(ElectricField_x,2) + pow(ElectricField_y,2)),5.000000000000000e-01);"
end_triangle_edge_model

begin_triangle_edge_model "ElectricField_x"
COMMAND element_from_edge_model -device "MoS2_GAA" -region "BlockingOxide" -edge_model "ElectricField"
end_triangle_edge_model

begin_triangle_edge_model "ElectricField_y"
DATAPARENT "ElectricField_x"
end_triangle_edge_model

begin_triangle_edge_model "ElementCylindricalEdgeCouple"
COMMAND element_cylindrical_edge_couple -device "MoS2_GAA" -region "BlockingOxide"
end_triangle_edge_model

begin_triangle_edge_model "ElementCylindricalNodeVolume@en0"
COMMAND element_cylindrical_node_volume -device "MoS2_GAA" -region "BlockingOxide"
end_triangle_edge_model

begin_triangle_edge_model "ElementCylindricalNodeVolume@en1"
DATAPARENT "ElementCylindricalNodeVolume@en0"
end_triangle_edge_model

begin_triangle_edge_model "ElementEdgeCouple"
BUILTIN
end_triangle_edge_model

begin_triangle_edge_model "ElementNodeVolume"
BUILTIN
end_triangle_edge_model

begin_equation "PotentialEquation"
COMMAND equation -device "MoS2_GAA" -region "BlockingOxide" -name "PotentialEquation" -variable_name "Potential" -variable_update "log_damp" -node_model "" -edge_model "PotentialEdgeFlux" -edge_volume_model "" -element_model "" -volume_node0_model "" -volume_node1_model "" -time_node_model ""
end_equation

end_region

begin_region "ChargeTrap" "ChargeTrap"
begin_nodes
1581
1582
1632
1633
1583
1634
1584
1635
1585
1636
1586
1637
1587
1638
1588
1639
1589
1640
1590
1641
1591
1642
1592
1643
1593
1644
1594
1645
1595
1646
1596
1647
1597
1648
1598
1649
1599
1650
1600
1651
1601
1652
1602
1653
1603
1654
1604
1655
1605
1656
1606
1657
1607
1658
1608
1659
1609
1660
1610
1661
1611
1662
1612
1663
1613
1664
1614
1665
1615
1666
1616
1667
1617
1668
1618
1669
1619
1670
1620
1671
1621
1672
1622
1673
1623
1674
1624
1675
1625
1676
1626
1677
1627
1678
1628
1679
1629
1680
1630
1681
1631
1682
1683
1684
1685
1686
1687
1688
1689
1690
1691
1692
1693
1694
1695
1696
1697
1698
1699
1700
1701
1702
1703
1704
1705
1706
1707
1708
1709
1710
1711
1712
1713
1714
1715
1716
1717
1718
1719
1720
1721
1722
1723
1724
1725
1726
1727
1728
1729
1730
1731
1732
1733
1734
1735
1736
1737
1738
1739
1740
1741
1742
1743
1744
1745
1746
1747
1748
1749
1750
1751
1752
1753
1754
1755
1756
1757
1758
1759
1760
1761
1762
1763
1764
1765
1766
1767
1768
1769
1770
1771
1772
1773
1774
1775
1776
1777
1778
1779
1780
1781
1782
1783
1784
1785
1786
1787
1788
1789
1790
1791
1792
1793
1794
1795
1796
1797
1798
1799
1800
1801
1802
1803
1804
1805
1806
1807
1808
1809
1810
1811
1812
1813
1814
1815
1816
1817
1818
1819
1820
1821
1822
1823
1824
1825
1826
1827
1828
1829
1830
1831
1832
1833
1834
1835
1836
1837
1838
1839
1840
1841
1842
1843
1844
1845
1846
1847
1848
1849
1850
1851
1852
1853
1854
1855
1856
1857
1858
1859
1860
1861
1862
1863
1864
1865
1866
1867
1868
1869
1870
1871
1872
1873
1874
1875
1876
1877
1878
1879
1880
1881
1882
1883
1884
1885
1886
1887
1888
1889
1890
1891
1892
1893
1894
1895
1896
1897
1898
1899
1900
1901
1902
1903
1904
1905
1906
1907
1908
1909
1910
1911
1912
1913
1914
1915
1916
1917
1918
1919
1920
1921
1922
1923
1924
1925
1926
1927
1928
1929
1930
1931
1932
1933
1934
1935
1936
1937
1938
1939
1940
1941
1942
1943
1944
1945
1946
1947
1948
1949
1950
1951
1952
1953
1954
1955
1956
1957
1958
1959
1960
1961
1962
1963
1964
1965
1966
1967
1968
1969
1970
1971
1972
1973
1974
1975
1976
1977
1978
1979
1980
1981
1982
1983
1984
1985
1986
1987
1988
1989
1990
1991
1992
1993
1994
1995
1996
1997
1998
1999
2000
2001
2002
2003
2004
2005
2006
2007
2008
2009
2010
2011
2012
2013
2014
2015
2016
2017
2018
2019
2020
2021
2022
2023
2024
2025
2026
2027
2028
2029
2030
2031
2032
2033
2034
2035
2036
2037
2038
2039
2040
2041
2042
2043
2044
2045
2046
2047
2048
2049
2050
2051
2052
2053
2054
2055
2056
2057
2058
2059
2060
2061
2062
2063
2064
2065
2066
2067
2068
2069
2070
2071
2072
2073
2074
2075
2076
2077
2078
2079
2080
2081
2082
2083
2084
2085
2086
2087
2088
2089
2090
2091
2092
2093
2094
2095
2096
2097
2098
2099
2100
2101
2102
2103
2104
2105
2106
2107
2108
2109
2110
2111
2112
2113
2114
2115
2116
2117
2118
2119
2120
2121
2122
2123
2124
2125
2126
2127
2128
2129
2130
2131
2132
2133
2134
2135
2136
2137
2138
2139
2140
2141
end_nodes

begin_triangles
0	1	2
1	2	3
1	3	4
2	3	102
3	4	5
3	5	103
3	102	103
4	5	6
5	6	7
5	7	104
5	103	104
6	7	8
7	8	9
7	9	105
7	104	105
8	9	10
9	10	11
9	11	106
9	105	106
10	11	12
11	12	13
11	13	107
11	106	107
12	13	14
13	14	15
13	15	108
13	107	108
14	15	16
15	16	17
15	17	109
15	108	109
16	17	18
17	18	19
17	19	110
17	109	110
18	19	20
19	20	21
19	21	111
19	110	111
20	21	22
21	22	23
21	23	112
21	111	112
22	23	24
23	24	25
23	25	113
23	112	113
24	25	26
25	26	27
25	27	114
25	113	114
26	27	28
27	28	29
27	29	115
27	114	115
28	29	30
29	30	31
29	31	116
29	115	116
30	31	32
31	32	33
31	33	117
31	116	117
32	33	34
33	34	35
33	35	118
33	117	118
34	35	36
35	36	37
35	37	119
35	118	119
36	37	38
37	38	39
37	39	120
37	119	120
38	39	40
39	40	41
39	41	121
39	120	121
40	41	42
41	42	43
41	43	122
41	121	122
42	43	44
43	44	45
43	45	123
43	122	123
44	45	46
45	46	47
45	47	124
45	123	124
46	47	48
47	48	49
47	49	125
47	124	125
48	49	50
49	50	51
49	51	126
49	125	126
50	51	52
51	52	53
51	53	127
51	126	127
52	53	54
53	54	55
53	55	128
53	127	128
54	55	56
55	56	57
55	57	129
55	128	129
56	57	58
57	58	59
57	59	130
57	129	130
58	59	60
59	60	61
59	61	131
59	130	131
60	61	62
61	62	63
61	63	132
61	131	132
62	63	64
63	64	65
63	65	133
63	132	133
64	65	66
65	66	67
65	67	134
65	133	134
66	67	68
67	68	69
67	69	135
67	134	135
68	69	70
69	70	71
69	71	136
69	135	136
70	71	72
71	72	73
71	73	137
71	136	137
72	73	74
73	74	75
73	75	138
73	137	138
74	75	76
75	76	77
75	77	139
75	138	139
76	77	78
77	78	79
77	79	140
77	139	140
78	79	80
79	80	81
79	81	141
79	140	141
80	81	82
81	82	83
81	83	142
81	141	142
82	83	84
83	84	85
83	85	143
83	142	143
84	85	86
85	86	87
85	87	144
85	143	144
86	87	88
87	88	89
87	89	145
87	144	145
88	89	90
89	90	91
89	91	146
89	145	146
90	91	92
91	92	93
91	93	147
91	146	147
92	93	94
93	94	95
93	95	148
93	147	148
94	95	96
95	96	97
95	97	149
95	148	149
96	97	98
97	98	99
97	99	150
97	149	150
98	99	100
99	100	101
99	101	151
99	150	151
101	151	152
102	103	153
103	104	154
103	153	154
104	105	155
104	154	155
105	106	156
105	155	156
106	107	157
106	156	157
107	108	158
107	157	158
108	109	159
108	158	159
109	110	160
109	159	160
110	111	161
110	160	161
111	112	162
111	161	162
112	113	163
112	162	163
113	114	164
113	163	164
114	115	165
114	164	165
115	116	166
115	165	166
116	117	167
116	166	167
117	118	168
117	167	168
118	119	169
118	168	169
119	120	170
119	169	170
120	121	171
120	170	171
121	122	172
121	171	172
122	123	173
122	172	173
123	124	174
123	173	174
124	125	175
124	174	175
125	126	176
125	175	176
126	127	177
126	176	177
127	128	178
127	177	178
128	129	179
128	178	179
129	130	180
129	179	180
130	131	181
130	180	181
131	132	182
131	181	182
132	133	183
132	182	183
133	134	184
133	183	184
134	135	185
134	184	185
135	136	186
135	185	186
136	137	187
136	186	187
137	138	188
137	187	188
138	139	189
138	188	189
139	140	190
139	189	190
140	141	191
140	190	191
141	142	192
141	191	192
142	143	193
142	192	193
143	144	194
143	193	194
144	145	195
144	194	195
145	146	196
145	195	196
146	147	197
146	196	197
147	148	198
147	197	198
148	149	199
148	198	199
149	150	200
149	199	200
150	151	201
150	200	201
151	152	202
151	201	202
152	202	203
153	154	204
154	155	205
154	204	205
155	156	206
155	205	206
156	157	207
156	206	207
157	158	208
157	207	208
158	159	209
158	208	209
159	160	210
159	209	210
160	161	211
160	210	211
161	162	212
161	211	212
162	163	213
162	212	213
163	164	214
163	213	214
164	165	215
164	214	215
165	166	216
165	215	216
166	167	217
166	216	217
167	168	218
167	217	218
168	169	219
168	218	219
169	170	220
169	219	220
170	171	221
170	220	221
171	172	222
171	221	222
172	173	223
172	222	223
173	174	224
173	223	224
174	175	225
174	224	225
175	176	226
175	225	226
176	177	227
176	226	227
177	178	228
177	227	228
178	179	229
178	228	229
179	180	230
179	229	230
180	181	231
180	230	231
181	182	232
181	231	232
182	183	233
182	232	233
183	184	234
183	233	234
184	185	235
184	234	235
185	186	236
185	235	236
186	187	237
186	236	237
187	188	238
187	237	238
188	189	239
188	238	239
189	190	240
189	239	240
190	191	241
190	240	241
191	192	242
191	241	242
192	193	243
192	242	243
193	194	244
193	243	244
194	195	245
194	244	245
195	196	246
195	245	246
196	197	247
196	246	247
197	198	248
197	247	248
198	199	249
198	248	249
199	200	250
199	249	250
200	201	251
200	250	251
201	202	252
201	251	252
202	203	253
202	252	253
203	253	254
204	205	255
205	206	256
205	255	256
206	207	257
206	256	257
207	208	258
207	257	258
208	209	259
208	258	259
209	210	260
209	259	260
210	211	261
210	260	261
211	212	262
211	261	262
212	213	263
212	262	263
213	214	264
213	263	264
214	215	265
214	264	265
215	216	266
215	265	266
216	217	267
216	266	267
217	218	268
217	267	268
218	219	269
218	268	269
219	220	270
219	269	270
220	221	271
220	270	271
221	222	272
221	271	272
222	223	273
222	272	273
223	224	274
223	273	274
224	225	275
224	274	275
225	226	276
225	275	276
226	227	277
226	276	277
227	228	278
227	277	278
228	229	279
228	278	279
229	230	280
229	279	280
230	231	281
230	280	281
231	232	282
231	281	282
232	233	283
232	282	283
233	234	284
233	283	284
234	235	285
234	284	285
235	236	286
235	285	286
236	237	287
236	286	287
237	238	288
237	287	288
238	239	289
238	288	289
239	240	290
239	289	290
240	241	291
240	290	291
241	242	292
241	291	292
242	243	293
242	292	293
243	244	294
243	293	294
244	245	295
244	294	295
245	246	296
245	295	296
246	247	297
246	296	297
247	248	298
247	297	298
248	249	299
248	298	299
249	250	300
249	299	300
250	251	301
250	300	301
251	252	302
251	301	302
252	253	303
252	302	303
253	254	304
253	303	304
254	304	305
255	256	306
256	257	307
256	306	307
257	258	308
257	307	308
258	259	309
258	308	309
259	260	310
259	309	310
260	261	311
260	310	311
261	262	312
261	311	312
262	263	313
262	312	313
263	264	314
263	313	314
264	265	315
264	314	315
265	266	316
265	315	316
266	267	317
266	316	317
267	268	318
267	317	318
268	269	319
268	318	319
269	270	320
269	319	320
270	271	321
270	320	321
271	272	322
271	321	322
272	273	323
272	322	323
273	274	324
273	323	324
274	275	325
274	324	325
275	276	326
275	325	326
276	277	327
276	326	327
277	278	328
277	327	328
278	279	329
278	328	329
279	280	330
279	329	330
280	281	331
280	330	331
281	282	332
281	331	332
282	283	333
282	332	333
283	284	334
283	333	334
284	285	335
284	334	335
285	286	336
285	335	336
286	287	337
286	336	337
287	288	338
287	337	338
288	289	339
288	338	339
289	290	340
289	339	340
290	291	341
290	340	341
291	292	342
291	341	342
292	293	343
292	342	343
293	294	344
293	343	344
294	295	345
294	344	345
295	296	346
295	345	346
296	297	347
296	346	347
297	298	348
297	347	348
298	299	349
298	348	349
299	300	350
299	349	350
300	301	351
300	350	351
301	302	352
301	351	352
302	303	353
302	352	353
303	304	354
303	353	354
304	305	355
304	354	355
305	355	356
306	307	357
307	308	358
307	357	358
308	309	359
308	358	359
309	310	360
309	359	360
310	311	361
310	360	361
311	312	362
311	361	362
312	313	363
312	362	363
313	314	364
313	363	364
314	315	365
314	364	365
315	316	366
315	365	366
316	317	367
316	366	367
317	318	368
317	367	368
318	319	369
318	368	369
319	320	370
319	369	370
320	321	371
320	370	371
321	322	372
321	371	372
322	323	373
322	372	373
323	324	374
323	373	374
324	325	375
324	374	375
325	326	376
325	375	376
326	327	377
326	376	377
327	328	378
327	377	378
328	329	379
328	378	379
329	330	380
329	379	380
330	331	381
330	380	381
331	332	382
331	381	382
332	333	383
332	382	383
333	334	384
333	383	384
334	335	385
334	384	385
335	336	386
335	385	386
336	337	387
336	386	387
337	338	388
337	387	388
338	339	389
338	388	389
339	340	390
339	389	390
340	341	391
340	390	391
341	342	392
341	391	392
342	343	393
342	392	393
343	344	394
343	393	394
344	345	395
344	394	395
345	346	396
345	395	396
346	347	397
346	396	397
347	348	398
347	397	398
348	349	399
348	398	399
349	350	400
349	399	400
350	351	401
350	400	401
351	352	402
351	401	402
352	353	403
352	402	403
353	354	404
353	403	404
354	355	405
354	404	405
355	356	406
355	405	406
356	406	407
357	358	408
358	359	409
358	408	409
359	360	410
359	409	410
360	361	411
360	410	411
361	362	412
361	411	412
362	363	413
362	412	413
363	364	414
363	413	414
364	365	415
364	414	415
365	366	416
365	415	416
366	367	417
366	416	417
367	368	418
367	417	418
368	369	419
368	418	419
369	370	420
369	419	420
370	371	421
370	420	421
371	372	422
371	421	422
372	373	423
372	422	423
373	374	424
373	423	424
374	375	425
374	424	425
375	376	426
375	425	426
376	377	427
376	426	427
377	378	428
377	427	428
378	379	429
378	428	429
379	380	430
379	429	430
380	381	431
380	430	431
381	382	432
381	431	432
382	383	433
382	432	433
383	384	434
383	433	434
384	385	435
384	434	435
385	386	436
385	435	436
386	387	437
386	436	437
387	388	438
387	437	438
388	389	439
388	438	439
389	390	440
389	439	440
390	391	441
390	440	441
391	392	442
391	441	442
392	393	443
392	442	443
393	394	444
393	443	444
394	395	445
394	444	445
395	396	446
395	445	446
396	397	447
396	446	447
397	398	448
397	447	448
398	399	449
398	448	449
399	400	450
399	449	450
400	401	451
400	450	451
401	402	452
401	451	452
402	403	453
402	452	453
403	404	454
403	453	454
404	405	455
404	454	455
405	406	456
405	455	456
406	407	457
406	456	457
407	457	458
408	409	459
409	410	460
409	459	460
410	411	461
410	460	461
411	412	462
411	461	462
412	413	463
412	462	463
413	414	464
413	463	464
414	415	465
414	464	465
415	416	466
415	465	466
416	417	467
416	466	467
417	418	468
417	467	468
418	419	469
418	468	469
419	420	470
419	469	470
420	421	471
420	470	471
421	422	472
421	471	472
422	423	473
422	472	473
423	424	474
423	473	474
424	425	475
424	474	475
425	426	476
425	475	476
426	427	477
426	476	477
427	428	478
427	477	478
428	429	479
428	478	479
429	430	480
429	479	480
430	431	481
430	480	481
431	432	482
431	481	482
432	433	483
432	482	483
433	434	484
433	483	484
434	435	485
434	484	485
435	436	486
435	485	486
436	437	487
436	486	487
437	438	488
437	487	488
438	439	489
438	488	489
439	440	490
439	489	490
440	441	491
440	490	491
441	442	492
441	491	492
442	443	493
442	492	493
443	444	494
443	493	494
444	445	495
444	494	495
445	446	496
445	495	496
446	447	497
446	496	497
447	448	498
447	497	498
448	449	499
448	498	499
449	450	500
449	499	500
450	451	501
450	500	501
451	452	502
451	501	502
452	453	503
452	502	503
453	454	504
453	503	504
454	455	505
454	504	505
455	456	506
455	505	506
456	457	507
456	506	507
457	458	508
457	507	508
458	508	509
459	460	510
460	461	511
460	510	511
461	462	512
461	511	512
462	463	513
462	512	513
463	464	514
463	513	514
464	465	515
464	514	515
465	466	516
465	515	516
466	467	517
466	516	517
467	468	518
467	517	518
468	469	519
468	518	519
469	470	520
469	519	520
470	471	521
470	520	521
471	472	522
471	521	522
472	473	523
472	522	523
473	474	524
473	523	524
474	475	525
474	524	525
475	476	526
475	525	526
476	477	527
476	526	527
477	478	528
477	527	528
478	479	529
478	528	529
479	480	530
479	529	530
480	481	531
480	530	531
481	482	532
481	531	532
482	483	533
482	532	533
483	484	534
483	533	534
484	485	535
484	534	535
485	486	536
485	535	536
486	487	537
486	536	537
487	488	538
487	537	538
488	489	539
488	538	539
489	490	540
489	539	540
490	491	541
490	540	541
491	492	542
491	541	542
492	493	543
492	542	543
493	494	544
493	543	544
494	495	545
494	544	545
495	496	546
495	545	546
496	497	547
496	546	547
497	498	548
497	547	548
498	499	549
498	548	549
499	500	550
499	549	550
500	501	551
500	550	551
501	502	552
501	551	552
502	503	553
502	552	553
503	504	554
503	553	554
504	505	555
504	554	555
505	506	556
505	555	556
506	507	557
506	556	557
507	508	558
507	557	558
508	509	559
508	558	559
509	559	560
end_triangles

begin_node_model "AtContactNode"
BUILTIN
end_node_model

begin_node_model "ChargeTrapPotentialNodeCharge"
COMMAND node_model -device "MoS2_GAA" -region "ChargeTrap" -display_type "scalar" -name "ChargeTrapPotentialNodeCharge" -equation "(1.602176634000000e-19 * TrappedElectronDensity);"
end_node_model

begin_node_model "ContactNSurfaceNormal_x"
DATAPARENT "SurfaceArea"
end_node_model

begin_node_model "ContactNSurfaceNormal_y"
DATAPARENT "SurfaceArea"
end_node_model

begin_node_model "ContactSurfaceArea"
DATAPARENT "SurfaceArea"
end_node_model

begin_node_model "CylindricalNodeVolume"
DATAPARENT "ElementCylindricalNodeVolume@en0"
end_node_model

begin_node_model "CylindricalSurfaceArea"
COMMAND cylindrical_surface_area -device "MoS2_GAA" -region "ChargeTrap"
end_node_model

begin_node_model "NSurfaceNormal_x"
DATAPARENT "SurfaceArea"
end_node_model

begin_node_model "NSurfaceNormal_y"
DATAPARENT "SurfaceArea"
end_node_model

begin_node_model "NodeVolume"
BUILTIN
end_node_model

begin_node_model "Potential"
DATA
9.118060898048477e-02
9.066338698196522e-02
8.743974327745127e-02
8.646713168962368e-02
8.302643761064757e-02
7.992996862144562e-02
7.336305153824985e-02
7.133480525770186e-02
6.417893635103258e-02
6.285118033770344e-02
5.608542101898239e-02
5.518292893760290e-02
4.908419096194851e-02
4.844242659784116e-02
4.304061886613508e-02
4.256476361236421e-02
3.781337001224074e-02
3.744780360712550e-02
3.328164961547033e-02
3.299255339040203e-02
2.934644202576526e-02
2.911239160257882e-02
2.592664747552402e-02
2.573350442562454e-02
2.295519516740917e-02
2.279326485631685e-02
2.037603805102291e-02
2.023843659192489e-02
1.814196052927027e-02
1.802364304494099e-02
1.621298148979726e-02
1.611014322683465e-02
1.455516980648582e-02
1.446486443455891e-02
1.313974552949729e-02
1.305963414320812e-02
1.194238360597206e-02
1.187056484601774e-02
1.094266608999219e-02
1.087755801854239e-02
1.012364733656374e-02
1.006390310804342e-02
9.471508397623771e-03
9.415954395917091e-03
8.975284363704391e-03
8.922873441645480e-03
8.626653366583555e-03
8.576428253221222e-03
8.419779373607153e-03
8.370842827911966e-03
8.351203366168449e-03
8.302692598869958e-03
8.419779373607139e-03
8.370842827911952e-03
8.626653366583527e-03
8.576428253221195e-03
8.975284363704346e-03
8.922873441645435e-03
9.471508397623712e-03
9.415954395917032e-03
1.012364733656367e-02
1.006390310804335e-02
1.094266608999210e-02
1.087755801854230e-02
1.194238360597194e-02
1.187056484601763e-02
1.313974552949716e-02
1.305963414320798e-02
1.455516980648566e-02
1.446486443455875e-02
1.621298148979707e-02
1.611014322683446e-02
1.814196052927005e-02
1.802364304494078e-02
2.037603805102266e-02
2.023843659192464e-02
2.295519516740888e-02
2.279326485631656e-02
2.592664747552369e-02
2.573350442562421e-02
2.934644202576489e-02
2.911239160257845e-02
3.328164961546990e-02
3.299255339040160e-02
3.781337001224024e-02
3.744780360712502e-02
4.304061886613451e-02
4.256476361236364e-02
4.908419096194785e-02
4.844242659784050e-02
5.608542101898162e-02
5.518292893760215e-02
6.417893635103170e-02
6.285118033770258e-02
7.336305153824881e-02
7.133480525770086e-02
8.302643761064638e-02
7.992996862144448e-02
9.066338698196393e-02
8.646713168962246e-02
9.118060898048339e-02
8.743974327744998e-02
8.393728187936586e-02
8.274635493015581e-02
7.705838358658845e-02
6.936408724844885e-02
6.151542336623230e-02
5.425202346819081e-02
4.776796423739033e-02
4.205722560397618e-02
3.705314208105367e-02
3.267726232070117e-02
2.885493898461867e-02
2.551951259191821e-02
2.261276933594893e-02
2.008428859930686e-02
1.789054971567931e-02
1.599407194880588e-02
1.436266101188232e-02
1.296877035882699e-02
1.178896664875808e-02
1.080348530367380e-02
9.995863275369875e-03
9.352638417094957e-03
8.863107095006557e-03
8.519133594535939e-03
8.315006468023998e-03
8.247338296008313e-03
8.315006468023984e-03
8.519133594535910e-03
8.863107095006513e-03
9.352638417094898e-03
9.995863275369799e-03
1.080348530367371e-02
1.178896664875796e-02
1.296877035882686e-02
1.436266101188216e-02
1.599407194880570e-02
1.789054971567909e-02
2.008428859930661e-02
2.261276933594864e-02
2.551951259191789e-02
2.885493898461830e-02
3.267726232070074e-02
3.705314208105318e-02
4.205722560397562e-02
4.776796423738969e-02
5.425202346819007e-02
6.151542336623145e-02
6.936408724844789e-02
7.705838358658736e-02
8.274635493015467e-02
8.393728187936468e-02
8.068916414881663e-02
7.941680480293971e-02
7.439862116785441e-02
6.746350625757759e-02
6.018475036408796e-02
5.330180181831503e-02
4.706666560511422e-02
4.152181768135444e-02
3.663196529347204e-02
3.233760750395909e-02
2.857544509684916e-02
2.528572462160401e-02
2.241454983040295e-02
1.991428412319927e-02
1.774325857397927e-02
1.586526028979647e-02
1.424898567705003e-02
1.286752780208920e-02
1.169792086587658e-02
1.072074656053776e-02
9.919800227084498e-03
9.281812558471257e-03
8.796222308472353e-03
8.454995917720438e-03
8.252490675855890e-03
8.185358812063559e-03
8.252490675855876e-03
8.454995917720410e-03
8.796222308472310e-03
9.281812558471199e-03
9.919800227084422e-03
1.072074656053767e-02
1.169792086587646e-02
1.286752780208906e-02
1.424898567704987e-02
1.586526028979628e-02
1.774325857397905e-02
1.991428412319902e-02
2.241454983040267e-02
2.528572462160369e-02
2.857544509684879e-02
3.233760750395866e-02
3.663196529347156e-02
4.152181768135389e-02
4.706666560511358e-02
5.330180181831430e-02
6.018475036408714e-02
6.746350625757666e-02
7.439862116785337e-02
7.941680480293863e-02
8.068916414881554e-02
7.769467626997760e-02
7.641726401075968e-02
7.193627466475669e-02
6.564081602846000e-02
5.886943020813702e-02
5.234006102557196e-02
4.634380216792180e-02
4.096206586708717e-02
3.618669803360518e-02
3.197532587648674e-02
2.827520740022289e-02
2.503314672582632e-02
2.219941150455254e-02
1.972908402471156e-02
1.758232332504224e-02
1.572418017068771e-02
1.412424663514758e-02
1.275626434969676e-02
1.159774533618028e-02
1.062962777415163e-02
9.835974814681295e-03
9.203718227690293e-03
8.722446009306425e-03
8.384232130673155e-03
8.183506471744324e-03
8.116963225008400e-03
8.183506471744310e-03
8.384232130673125e-03
8.722446009306384e-03
9.203718227690234e-03
9.835974814681221e-03
1.062962777415154e-02
1.159774533618017e-02
1.275626434969663e-02
1.412424663514742e-02
1.572418017068752e-02
1.758232332504202e-02
1.972908402471131e-02
2.219941150455226e-02
2.503314672582600e-02
2.827520740022253e-02
3.197532587648632e-02
3.618669803360471e-02
4.096206586708663e-02
4.634380216792118e-02
5.234006102557125e-02
5.886943020813621e-02
6.564081602845909e-02
7.193627466475569e-02
7.641726401075864e-02
7.769467626997656e-02
7.494434752100856e-02
7.370198820703178e-02
6.965706131368712e-02
6.390027175572424e-02
5.757732845220681e-02
5.137336027202596e-02
4.560404026707604e-02
4.038118996067912e-02
3.571959820700192e-02
3.159205490280154e-02
2.795545854034034e-02
2.476273944766868e-02
2.196812526204433e-02
1.952932220711147e-02
1.740827569828327e-02
1.557128511474208e-02
1.398883636528753e-02
1.263532420163859e-02
1.148874581939078e-02
1.053040410387999e-02
9.744638043463153e-03
9.118587738865584e-03
8.641996589189656e-03
8.307050990587475e-03
8.108256951058893e-03
8.042352762255489e-03
8.108256951058879e-03
8.307050990587447e-03
8.641996589189615e-03
9.118587738865527e-03
9.744638043463079e-03
1.053040410387990e-02
1.148874581939067e-02
1.263532420163845e-02
1.398883636528737e-02
1.557128511474190e-02
1.740827569828305e-02
1.952932220711123e-02
2.196812526204404e-02
2.476273944766836e-02
2.795545854033998e-02
3.159205490280112e-02
3.571959820700146e-02
4.038118996067858e-02
4.560404026707543e-02
5.137336027202526e-02
5.757732845220602e-02
6.390027175572337e-02
6.965706131368617e-02
7.370198820703079e-02
7.494434752100759e-02
7.242460048324002e-02
7.123589247044738e-02
6.754753565078439e-02
6.224364313344303e-02
5.631429271525213e-02
5.040710762750047e-02
4.485144342074467e-02
3.978209216194244e-02
3.523274820697254e-02
3.118932828231719e-02
2.761736509826674e-02
2.447541816370799e-02
2.172142914331415e-02
1.931560741410282e-02
1.722162737547341e-02
1.540701216566635e-02
1.384313346129818e-02
1.250503961699571e-02
1.137121762114502e-02
1.042334140331972e-02
9.646032499156659e-03
9.026645660954498e-03
8.555085190964238e-03
8.223654346406364e-03
8.026938500013577e-03
7.961722007579705e-03
8.026938500013563e-03
8.223654346406336e-03
8.555085190964195e-03
9.026645660954440e-03
9.646032499156585e-03
1.042334140331963e-02
1.137121762114491e-02
1.250503961699558e-02
1.384313346129803e-02
1.540701216566617e-02
1.722162737547320e-02
1.931560741410258e-02
2.172142914331388e-02
2.447541816370768e-02
2.761736509826639e-02
3.118932828231678e-02
3.523274820697208e-02
3.978209216194191e-02
4.485144342074408e-02
5.040710762749979e-02
5.631429271525136e-02
6.224364313344218e-02
6.754753565078346e-02
7.123589247044644e-02
7.242460048323909e-02
7.012044065356288e-02
6.899144894076829e-02
6.559539302850298e-02
6.067095722072874e-02
5.508449434113215e-02
4.944565856276361e-02
4.408948747067182e-02
3.916735275677052e-02
3.472804946534924e-02
3.076857286605541e-02
2.726202663922650e-02
2.417205348185934e-02
2.146002945509274e-02
1.908852470299005e-02
1.702287158575833e-02
1.523178348540810e-02
1.368750417289354e-02
1.236573237278096e-02
1.124544696256195e-02
1.030869750398739e-02
9.540393554737684e-03
8.928109959740242e-03
8.461916799341627e-03
8.134238192589901e-03
7.939741827177514e-03
7.875259925197713e-03
7.939741827177502e-03
8.134238192589875e-03
8.461916799341586e-03
8.928109959740185e-03
9.540393554737611e-03
1.030869750398731e-02
1.124544696256184e-02
1.236573237278083e-02
1.368750417289339e-02
1.523178348540792e-02
1.702287158575813e-02
1.908852470298981e-02
2.146002945509246e-02
2.417205348185903e-02
2.726202663922614e-02
3.076857286605500e-02
3.472804946534878e-02
3.916735275677000e-02
4.408948747067123e-02
4.944565856276294e-02
5.508449434113140e-02
6.067095722072791e-02
6.559539302850209e-02
6.899144894076738e-02
7.012044065356199e-02
6.801696739725510e-02
6.694665953084798e-02
6.378955763637215e-02
5.918103460178254e-02
5.389072025241297e-02
4.849241715076600e-02
4.332108476927917e-02
3.853923179801692e-02
3.420722004415470e-02
3.033110688792526e-02
2.689047519981051e-02
2.385347166180629e-02
2.118460173661961e-02
1.884863668002324e-02
1.681248444106130e-02
1.504600769470687e-02
1.352230370224823e-02
1.221771499436849e-02
1.111171213785635e-02
1.018672330222890e-02
9.427950393657659e-03
8.823192967091439e-03
8.362691167354063e-03
8.038993564659286e-03
7.846852840372072e-03
7.783150730435064e-03
7.846852840372058e-03
8.038993564659258e-03
8.362691167354021e-03
8.823192967091381e-03
9.427950393657588e-03
1.018672330222881e-02
1.111171213785625e-02
1.221771499436837e-02
1.352230370224808e-02
1.504600769470670e-02
1.681248444106110e-02
1.884863668002301e-02
2.118460173661935e-02
2.385347166180599e-02
2.689047519981017e-02
3.033110688792487e-02
3.420722004415425e-02
3.853923179801641e-02
4.332108476927859e-02
4.849241715076535e-02
5.389072025241223e-02
5.918103460178174e-02
6.378955763637129e-02
6.694665953084711e-02
6.801696739725424e-02
6.610018078047310e-02
6.508371233460518e-02
6.212016277930366e-02
5.777186982677267e-02
5.273461492669062e-02
4.754993381543378e-02
4.254861425235689e-02
3.789967572413160e-02
3.367179504508526e-02
2.987813954593428e-02
2.650367530800241e-02
2.352045515317173e-02
2.089579164556392e-02
1.859648456825344e-02
1.659092607168257e-02
1.485008100790691e-02
1.334787730094761e-02
1.206129179729147e-02
1.097028449562101e-02
1.005766368163924e-02
9.308926879105377e-03
8.712102205064201e-03
8.257603604561599e-03
7.938107301448479e-03
7.748453393247764e-03
7.685574631063635e-03
7.748453393247751e-03
7.938107301448453e-03
8.257603604561558e-03
8.712102205064146e-03
9.308926879105308e-03
1.005766368163915e-02
1.097028449562090e-02
1.206129179729134e-02
1.334787730094746e-02
1.485008100790674e-02
1.659092607168237e-02
1.859648456825321e-02
2.089579164556366e-02
2.352045515317143e-02
2.650367530800207e-02
2.987813954593389e-02
3.367179504508482e-02
3.789967572413110e-02
4.254861425235632e-02
4.754993381543314e-02
5.273461492668990e-02
5.777186982677189e-02
6.212016277930282e-02
6.508371233460433e-02
6.610018078047226e-02
6.435737062673887e-02
6.338808051558989e-02
6.057848202066087e-02
5.644089516624799e-02
5.161687559376474e-02
4.661999578545961e-02
4.177395491883894e-02
3.725032794306934e-02
3.312312956811897e-02
2.941077191641847e-02
2.610252459187150e-02
2.317374332000624e-02
2.059421582772863e-02
1.833258916398281e-02
1.635864161058080e-02
1.464438820413379e-02
1.316456120422292e-02
1.189675977311917e-02
1.082142927309437e-02
9.921758297573260e-03
9.183542293701231e-03
8.595041087537645e-03
8.146845648424973e-03
7.831762694582274e-03
7.644721921533807e-03
7.582708459128251e-03
7.644721921533793e-03
7.831762694582248e-03
8.146845648424932e-03
8.595041087537589e-03
9.183542293701162e-03
9.921758297573174e-03
1.082142927309427e-02
1.189675977311905e-02
1.316456120422277e-02
1.464438820413362e-02
1.635864161058060e-02
1.833258916398258e-02
2.059421582772837e-02
2.317374332000594e-02
2.610252459187116e-02
2.941077191641809e-02
3.312312956811854e-02
3.725032794306885e-02
4.177395491883838e-02
4.661999578545899e-02
5.161687559376404e-02
5.644089516624724e-02
6.057848202066006e-02
6.338808051558907e-02
6.435737062673806e-02
end_node_model

begin_node_model "Potential_prev"
DATA
0.000000000000000e+00
0.000000000000000e+00
0.000000000000000e+00
0.000000000000000e+00
0.000000000000000e+00
0.000000000000000e+00
0.000000000000000e+00
0.000000000000000e+00
0.000000000000000e+00
0.000000000000000e+00
0.000000000000000e+00
0.000000000000000e+00
0.000000000000000e+00
0.000000000000000e+00
0.000000000000000e+00
0.000000000000000e+00
0.000000000000000e+00
0.000000000000000e+00
0.000000000000000e+00
0.000000000000000e+00
0.000000000000000e+00
0.000000000000000e+00
0.000000000000000e+00
0.000000000000000e+00
0.000000000000000e+00
0.000000000000000e+00
0.000000000000000e+00
0.000000000000000e+00
0.000000000000000e+00
0.000000000000000e+00
0.000000000000000e+00
0.000000000000000e+00
0.000000000000000e+00
0.000000000000000e+00
0.000000000000000e+00
0.000000000000000e+00
0.000000000000000e+00
0.000000000000000e+00
0.000000000000000e+00
0.000000000000000e+00
0.000000000000000e+00
0.000000000000000e+00
0.000000000000000e+00
0.000000000000000e+00
0.000000000000000e+00
0.000000000000000e+00
0.000000000000000e+00
0.000000000000000e+00
0.000000000000000e+00
0.000000000000000e+00
0.000000000000000e+00
0.000000000000000e+00
0.000000000000000e+00
0.000000000000000e+00
0.000000000000000e+00
0.000000000000000e+00
0.000000000000000e+00
0.000000000000000e+00
0.000000000000000e+00
0.000000000000000e+00
0.000000000000000e+00
0.000000000000000e+00
0.000000000000000e+00
0.000000000000000e+00
0.000000000000000e+00
0.000000000000000e+00
0.000000000000000e+00
0.000000000000000e+00
0.000000000000000e+00
0.000000000000000e+00
0.000000000000000e+00
0.000000000000000e+00
0.000000000000000e+00
0.000000000000000e+00
0.000000000000000e+00
0.000000000000000e+00
0.000000000000000e+00
0.000000000000000e+00
0.000000000000000e+00
0.000000000000000e+00
0.000000000000000e+00
0.000000000000000e+00
0.000000000000000e+00
0.000000000000000e+00
0.000000000000000e+00
0.000000000000000e+00
0.000000000000000e+00
0.000000000000000e+00
0.000000000000000e+00
0.000000000000000e+00
0.000000000000000e+00
0.000000000000000e+00
0.000000000000000e+00
0.000000000000000e+00
0.000000000000000e+00
0.000000000000000e+00
0.000000000000000e+00
0.000000000000000e+00
0.000000000000000e+00
0.000000000000000e+00
0.000000000000000e+00
0.000000000000000e+00
0.000000000000000e+00
0.000000000000000e+00
0.000000000000000e+00
0.000000000000000e+00
0.000000000000000e+00
0.000000000000000e+00
0.000000000000000e+00
0.000000000000000e+00
0.000000000000000e+00
0.000000000000000e+00
0.000000000000000e+00
0.000000000000000e+00
0.000000000000000e+00
0.000000000000000e+00
0.000000000000000e+00
0.000000000000000e+00
0.000000000000000e+00
0.000000000000000e+00
0.000000000000000e+00
0.000000000000000e+00
0.000000000000000e+00
0.000000000000000e+00
0.000000000000000e+00
0.000000000000000e+00
0.000000000000000e+00
0.000000000000000e+00
0.000000000000000e+00
0.000000000000000e+00
0.000000000000000e+00
0.000000000000000e+00
0.000000000000000e+00
0.000000000000000e+00
0.000000000000000e+00
0.000000000000000e+00
0.000000000000000e+00
0.000000000000000e+00
0.000000000000000e+00
0.000000000000000e+00
0.000000000000000e+00
0.000000000000000e+00
0.000000000000000e+00
0.000000000000000e+00
0.000000000000000e+00
0.000000000000000e+00
0.000000000000000e+00
0.000000000000000e+00
0.000000000000000e+00
0.000000000000000e+00
0.000000000000000e+00
0.000000000000000e+00
0.000000000000000e+00
0.000000000000000e+00
0.000000000000000e+00
0.000000000000000e+00
0.000000000000000e+00
0.000000000000000e+00
0.000000000000000e+00
0.000000000000000e+00
0.000000000000000e+00
0.000000000000000e+00
0.000000000000000e+00
0.000000000000000e+00
0.000000000000000e+00
0.000000000000000e+00
0.000000000000000e+00
0.000000000000000e+00
0.000000000000000e+00
0.000000000000000e+00
0.000000000000000e+00
0.000000000000000e+00
0.000000000000000e+00
0.000000000000000e+00
0.000000000000000e+00
0.000000000000000e+00
0.000000000000000e+00
0.000000000000000e+00
0.000000000000000e+00
0.000000000000000e+00
0.000000000000000e+00
0.000000000000000e+00
0.000000000000000e+00
0.000000000000000e+00
0.000000000000000e+00
0.000000000000000e+00
0.000000000000000e+00
0.000000000000000e+00
0.000000000000000e+00
0.000000000000000e+00
0.000000000000000e+00
0.000000000000000e+00
0.000000000000000e+00
0.000000000000000e+00
0.000000000000000e+00
0.000000000000000e+00
0.000000000000000e+00
0.000000000000000e+00
0.000000000000000e+00
0.000000000000000e+00
0.000000000000000e+00
0.000000000000000e+00
0.000000000000000e+00
0.000000000000000e+00
0.000000000000000e+00
0.000000000000000e+00
0.000000000000000e+00
0.000000000000000e+00
0.000000000000000e+00
0.000000000000000e+00
0.000000000000000e+00
0.000000000000000e+00
0.000000000000000e+00
0.000000000000000e+00
0.000000000000000e+00
0.000000000000000e+00
0.000000000000000e+00
0.000000000000000e+00
0.000000000000000e+00
0.000000000000000e+00
0.000000000000000e+00
0.000000000000000e+00
0.000000000000000e+00
0.000000000000000e+00
0.000000000000000e+00
0.000000000000000e+00
0.000000000000000e+00
0.000000000000000e+00
0.000000000000000e+00
0.000000000000000e+00
0.000000000000000e+00
0.000000000000000e+00
0.000000000000000e+00
0.000000000000000e+00
0.000000000000000e+00
0.000000000000000e+00
0.000000000000000e+00
0.000000000000000e+00
0.000000000000000e+00
0.000000000000000e+00
0.000000000000000e+00
0.000000000000000e+00
0.000000000000000e+00
0.000000000000000e+00
0.000000000000000e+00
0.000000000000000e+00
0.000000000000000e+00
0.000000000000000e+00
0.000000000000000e+00
0.000000000000000e+00
0.000000000000000e+00
0.000000000000000e+00
0.000000000000000e+00
0.000000000000000e+00
0.000000000000000e+00
0.000000000000000e+00
0.000000000000000e+00
0.000000000000000e+00
0.000000000000000e+00
0.000000000000000e+00
0.000000000000000e+00
0.000000000000000e+00
0.000000000000000e+00
0.000000000000000e+00
0.000000000000000e+00
0.000000000000000e+00
0.000000000000000e+00
0.000000000000000e+00
0.000000000000000e+00
0.000000000000000e+00
0.000000000000000e+00
0.000000000000000e+00
0.000000000000000e+00
0.000000000000000e+00
0.000000000000000e+00
0.000000000000000e+00
0.000000000000000e+00
0.000000000000000e+00
0.000000000000000e+00
0.000000000000000e+00
0.000000000000000e+00
0.000000000000000e+00
0.000000000000000e+00
0.000000000000000e+00
0.000000000000000e+00
0.000000000000000e+00
0.000000000000000e+00
0.000000000000000e+00
0.000000000000000e+00
0.000000000000000e+00
0.000000000000000e+00
0.000000000000000e+00
0.000000000000000e+00
0.000000000000000e+00
0.000000000000000e+00
0.000000000000000e+00
0.000000000000000e+00
0.000000000000000e+00
0.000000000000000e+00
0.000000000000000e+00
0.000000000000000e+00
0.000000000000000e+00
0.000000000000000e+00
0.000000000000000e+00
0.000000000000000e+00
0.000000000000000e+00
0.000000000000000e+00
0.000000000000000e+00
0.000000000000000e+00
0.000000000000000e+00
0.000000000000000e+00
0.000000000000000e+00
0.000000000000000e+00
0.000000000000000e+00
0.000000000000000e+00
0.000000000000000e+00
0.000000000000000e+00
0.000000000000000e+00
0.000000000000000e+00
0.000000000000000e+00
0.000000000000000e+00
0.000000000000000e+00
0.000000000000000e+00
0.000000000000000e+00
0.000000000000000e+00
0.000000000000000e+00
0.000000000000000e+00
0.000000000000000e+00
0.000000000000000e+00
0.000000000000000e+00
0.000000000000000e+00
0.000000000000000e+00
0.000000000000000e+00
0.000000000000000e+00
0.000000000000000e+00
0.000000000000000e+00
0.000000000000000e+00
0.000000000000000e+00
0.000000000000000e+00
0.000000000000000e+00
0.000000000000000e+00
0.000000000000000e+00
0.000000000000000e+00
0.000000000000000e+00
0.000000000000000e+00
0.000000000000000e+00
0.000000000000000e+00
0.000000000000000e+00
0.000000000000000e+00
0.000000000000000e+00
0.000000000000000e+00
0.000000000000000e+00
0.000000000000000e+00
0.000000000000000e+00
0.000000000000000e+00
0.000000000000000e+00
0.000000000000000e+00
0.000000000000000e+00
0.000000000000000e+00
0.000000000000000e+00
0.000000000000000e+00
0.000000000000000e+00
0.000000000000000e+00
0.000000000000000e+00
0.000000000000000e+00
0.000000000000000e+00
0.000000000000000e+00
0.000000000000000e+00
0.000000000000000e+00
0.000000000000000e+00
0.000000000000000e+00
0.000000000000000e+00
0.000000000000000e+00
0.000000000000000e+00
0.000000000000000e+00
0.000000000000000e+00
0.000000000000000e+00
0.000000000000000e+00
0.000000000000000e+00
0.000000000000000e+00
0.000000000000000e+00
0.000000000000000e+00
0.000000000000000e+00
0.000000000000000e+00
0.000000000000000e+00
0.000000000000000e+00
0.000000000000000e+00
0.000000000000000e+00
0.000000000000000e+00
0.000000000000000e+00
0.000000000000000e+00
0.000000000000000e+00
0.000000000000000e+00
0.000000000000000e+00
0.000000000000000e+00
0.000000000000000e+00
0.000000000000000e+00
0.000000000000000e+00
0.000000000000000e+00
0.000000000000000e+00
0.000000000000000e+00
0.000000000000000e+00
0.000000000000000e+00
0.000000000000000e+00
0.000000000000000e+00
0.000000000000000e+00
0.000000000000000e+00
0.000000000000000e+00
0.000000000000000e+00
0.000000000000000e+00
0.000000000000000e+00
0.000000000000000e+00
0.000000000000000e+00
0.000000000000000e+00
0.000000000000000e+00
0.000000000000000e+00
0.000000000000000e+00
0.000000000000000e+00
0.000000000000000e+00
0.000000000000000e+00
0.000000000000000e+00
0.000000000000000e+00
0.000000000000000e+00
0.000000000000000e+00
0.000000000000000e+00
0.000000000000000e+00
0.000000000000000e+00
0.000000000000000e+00
0.000000000000000e+00
0.000000000000000e+00
0.000000000000000e+00
0.000000000000000e+00
0.000000000000000e+00
0.000000000000000e+00
0.000000000000000e+00
0.000000000000000e+00
0.000000000000000e+00
0.000000000000000e+00
0.000000000000000e+00
0.000000000000000e+00
0.000000000000000e+00
0.000000000000000e+00
0.000000000000000e+00
0.000000000000000e+00
0.000000000000000e+00
0.000000000000000e+00
0.000000000000000e+00
0.000000000000000e+00
0.000000000000000e+00
0.000000000000000e+00
0.000000000000000e+00
0.000000000000000e+00
0.000000000000000e+00
0.000000000000000e+00
0.000000000000000e+00
0.000000000000000e+00
0.000000000000000e+00
0.000000000000000e+00
0.000000000000000e+00
0.000000000000000e+00
0.000000000000000e+00
0.000000000000000e+00
0.000000000000000e+00
0.000000000000000e+00
0.000000000000000e+00
0.000000000000000e+00
0.000000000000000e+00
0.000000000000000e+00
0.000000000000000e+00
0.000000000000000e+00
0.000000000000000e+00
0.000000000000000e+00
0.000000000000000e+00
0.000000000000000e+00
0.000000000000000e+00
0.000000000000000e+00
0.000000000000000e+00
0.000000000000000e+00
0.000000000000000e+00
0.000000000000000e+00
0.000000000000000e+00
0.000000000000000e+00
0.000000000000000e+00
0.000000000000000e+00
0.000000000000000e+00
0.000000000000000e+00
0.000000000000000e+00
0.000000000000000e+00
0.000000000000000e+00
0.000000000000000e+00
0.000000000000000e+00
0.000000000000000e+00
0.000000000000000e+00
0.000000000000000e+00
0.000000000000000e+00
0.000000000000000e+00
0.000000000000000e+00
0.000000000000000e+00
0.000000000000000e+00
0.000000000000000e+00
0.000000000000000e+00
0.000000000000000e+00
0.000000000000000e+00
0.000000000000000e+00
0.000000000000000e+00
0.000000000000000e+00
0.000000000000000e+00
0.000000000000000e+00
0.000000000000000e+00
0.000000000000000e+00
0.000000000000000e+00
0.000000000000000e+00
0.000000000000000e+00
0.000000000000000e+00
0.000000000000000e+00
0.000000000000000e+00
0.000000000000000e+00
0.000000000000000e+00
0.000000000000000e+00
0.000000000000000e+00
0.000000000000000e+00
0.000000000000000e+00
0.000000000000000e+00
0.000000000000000e+00
0.000000000000000e+00
0.000000000000000e+00
0.000000000000000e+00
0.000000000000000e+00
0.000000000000000e+00
0.000000000000000e+00
0.000000000000000e+00
0.000000000000000e+00
0.000000000000000e+00
0.000000000000000e+00
0.000000000000000e+00
0.000000000000000e+00
0.000000000000000e+00
0.000000000000000e+00
0.000000000000000e+00
0.000000000000000e+00
0.000000000000000e+00
0.000000000000000e+00
0.000000000000000e+00
0.000000000000000e+00
0.000000000000000e+00
0.000000000000000e+00
0.000000000000000e+00
0.000000000000000e+00
0.000000000000000e+00
0.000000000000000e+00
0.000000000000000e+00
0.000000000000000e+00
0.000000000000000e+00
0.000000000000000e+00
0.000000000000000e+00
0.000000000000000e+00
0.000000000000000e+00
0.000000000000000e+00
0.000000000000000e+00
0.000000000000000e+00
0.000000000000000e+00
end_node_model

begin_node_model "SurfaceArea"
BUILTIN
end_node_model

begin_node_model "TrappedChargeDensity"
COMMAND node_model -device "MoS2_GAA" -region "ChargeTrap" -display_type "scalar" -name "TrappedChargeDensity" -equation "((-1.602176634000000e-19) * TrappedElectronDensity);"
end_node_model

begin_node_model "TrappedElectronDensity"
COMMAND node_model -device "MoS2_GAA" -region "ChargeTrap" -display_type "scalar" -name "TrappedElectronDensity" -equation "TrappedElectronDensityParameter;"
end_node_model

begin_node_model "coordinate_index"
DATAPARENT "x"
end_node_model

begin_node_model "node_index"
DATAPARENT "x"
end_node_model

begin_node_model "x"
BUILTIN
end_node_model

begin_node_model "y"
DATAPARENT "x"
end_node_model

begin_node_model "z"
DATAPARENT "x"
end_node_model

begin_edge_model "CylindricalEdgeCouple"
DATAPARENT "ElementCylindricalEdgeCouple"
end_edge_model

begin_edge_model "CylindricalEdgeNodeVolume@n0"
DATAPARENT "ElementCylindricalNodeVolume@en0"
end_edge_model

begin_edge_model "CylindricalEdgeNodeVolume@n1"
DATAPARENT "CylindricalEdgeNodeVolume@n0"
end_edge_model

begin_edge_model "EdgeCouple"
BUILTIN
end_edge_model

begin_edge_model "EdgeInverseLength"
BUILTIN
end_edge_model

begin_edge_model "EdgeLength"
BUILTIN
end_edge_model

begin_edge_model "EdgeNodeVolume"
BUILTIN
end_edge_model

begin_edge_model "ElectricField"
COMMAND edge_model -device "MoS2_GAA" -region "ChargeTrap" -name "ElectricField" -equation "((Potential@n0 - Potential@n1) * EdgeInverseLength);" -display_type "scalar"
end_edge_model

begin_edge_model "ElectricField:Potential@n0"
COMMAND edge_model -device "MoS2_GAA" -region "ChargeTrap" -name "ElectricField:Potential@n0" -equation "EdgeInverseLength;" -display_type "scalar"
end_edge_model

begin_edge_model "ElectricField:Potential@n1"
COMMAND edge_model -device "MoS2_GAA" -region "ChargeTrap" -name "ElectricField:Potential@n1" -equation "(-EdgeInverseLength);" -display_type "scalar"
end_edge_model

begin_edge_model "Potential@n0"
COMMAND edge_from_node_model -device "MoS2_GAA" -region "ChargeTrap" -node_model "Potential"
end_edge_model

begin_edge_model "Potential@n1"
DATAPARENT "Potential@n0"
end_edge_model

begin_edge_model "PotentialEdgeFlux"
COMMAND edge_model -device "MoS2_GAA" -region "ChargeTrap" -name "PotentialEdgeFlux" -equation "(Permittivity * ElectricField);" -display_type "scalar"
end_edge_model

begin_edge_model "PotentialEdgeFlux:Potential@n0"
COMMAND edge_model -device "MoS2_GAA" -region "ChargeTrap" -name "PotentialEdgeFlux:Potential@n0" -equation "(Permittivity * EdgeInverseLength);" -display_type "scalar"
end_edge_model

begin_edge_model "PotentialEdgeFlux:Potential@n1"
COMMAND edge_model -device "MoS2_GAA" -region "ChargeTrap" -name "PotentialEdgeFlux:Potential@n1" -equation "(-Permittivity * EdgeInverseLength);" -display_type "scalar"
end_edge_model

begin_edge_model "edge_index"
BUILTIN
end_edge_model

begin_edge_model "unitx"
BUILTIN
end_edge_model

begin_edge_model "unity"
DATAPARENT "unitx"
end_edge_model

begin_triangle_edge_model "ElectricFieldMagnitude"
COMMAND element_model -device "MoS2_GAA" -region "ChargeTrap" -name "ElectricFieldMagnitude" -equation "pow((pow(ElectricField_x,2) + pow(ElectricField_y,2)),5.000000000000000e-01);"
end_triangle_edge_model

begin_triangle_edge_model "ElectricField_x"
COMMAND element_from_edge_model -device "MoS2_GAA" -region "ChargeTrap" -edge_model "ElectricField"
end_triangle_edge_model

begin_triangle_edge_model "ElectricField_y"
DATAPARENT "ElectricField_x"
end_triangle_edge_model

begin_triangle_edge_model "ElementCylindricalEdgeCouple"
COMMAND element_cylindrical_edge_couple -device "MoS2_GAA" -region "ChargeTrap"
end_triangle_edge_model

begin_triangle_edge_model "ElementCylindricalNodeVolume@en0"
COMMAND element_cylindrical_node_volume -device "MoS2_GAA" -region "ChargeTrap"
end_triangle_edge_model

begin_triangle_edge_model "ElementCylindricalNodeVolume@en1"
DATAPARENT "ElementCylindricalNodeVolume@en0"
end_triangle_edge_model

begin_triangle_edge_model "ElementEdgeCouple"
BUILTIN
end_triangle_edge_model

begin_triangle_edge_model "ElementNodeVolume"
BUILTIN
end_triangle_edge_model

begin_equation "PotentialEquation"
COMMAND equation -device "MoS2_GAA" -region "ChargeTrap" -name "PotentialEquation" -variable_name "Potential" -variable_update "log_damp" -node_model "ChargeTrapPotentialNodeCharge" -edge_model "PotentialEdgeFlux" -edge_volume_model "" -element_model "" -volume_node0_model "" -volume_node1_model "" -time_node_model ""
end_equation

end_region

begin_region "CoreOxide" "Oxide"
begin_nodes
0
1
51
52
2
53
3
54
4
55
5
56
6
57
7
58
8
59
9
60
10
61
11
62
12
63
13
64
14
65
15
66
16
67
17
68
18
69
19
70
20
71
21
72
22
73
23
74
24
75
25
76
26
77
27
78
28
79
29
80
30
81
31
82
32
83
33
84
34
85
35
86
36
87
37
88
38
89
39
90
40
91
41
92
42
93
43
94
44
95
45
96
46
97
47
98
48
99
49
100
50
101
102
103
104
105
106
107
108
109
110
111
112
113
114
115
116
117
118
119
120
121
122
123
124
125
126
127
128
129
130
131
132
133
134
135
136
137
138
139
140
141
142
143
144
145
146
147
148
149
150
151
152
153
154
155
156
157
158
159
160
161
162
163
164
165
166
167
168
169
170
171
172
173
174
175
176
177
178
179
180
181
182
183
184
185
186
187
188
189
190
191
192
193
194
195
196
197
198
199
200
201
202
203
204
205
206
207
208
209
210
211
212
213
214
215
216
217
218
219
220
221
222
223
224
225
226
227
228
229
230
231
232
233
234
235
236
237
238
239
240
241
242
243
244
245
246
247
248
249
250
251
252
253
254
255
256
257
258
259
260
261
262
263
264
265
266
267
268
269
270
271
272
273
274
275
276
277
278
279
280
281
282
283
284
285
286
287
288
289
290
291
292
293
294
295
296
297
298
299
300
301
302
303
304
305
306
307
308
309
310
311
312
313
314
315
316
317
318
319
320
321
322
323
324
325
326
327
328
329
330
331
332
333
334
335
336
337
338
339
340
341
342
343
344
345
346
347
348
349
350
351
352
353
354
355
356
357
358
359
360
361
362
363
364
365
366
367
368
369
370
371
372
373
374
375
376
377
378
379
380
381
382
383
384
385
386
387
388
389
390
391
392
393
394
395
396
397
398
399
400
401
402
403
404
405
406
407
408
409
410
411
412
413
414
415
416
417
418
419
420
421
422
423
424
425
426
427
428
429
430
431
432
433
434
435
436
437
438
439
440
441
442
443
444
445
446
447
448
449
450
451
452
453
454
455
456
457
458
459
460
461
462
463
464
465
466
467
468
469
470
471
472
473
474
475
476
477
478
479
480
481
482
483
484
485
486
487
488
489
490
491
492
493
494
495
496
497
498
499
500
501
502
503
504
505
506
507
508
509
510
511
512
513
514
515
516
517
518
519
520
521
522
523
524
525
526
527
528
529
530
531
532
533
534
535
536
537
538
539
540
541
542
543
544
545
546
547
548
549
550
551
552
553
554
555
556
557
558
559
560
561
562
563
564
565
566
567
568
569
570
571
572
573
574
575
576
577
578
579
580
581
582
583
584
585
586
587
588
589
590
591
592
593
594
595
596
597
598
599
600
601
602
603
604
605
606
607
608
609
610
611
612
613
614
615
616
617
618
619
620
621
622
623
624
625
626
627
628
629
630
631
632
633
634
635
636
637
638
639
640
641
642
643
644
645
646
647
648
649
650
651
652
653
654
655
656
657
658
659
660
661
662
663
664
665
666
667
668
669
670
671
672
673
674
675
676
677
678
679
680
681
682
683
684
685
686
687
688
689
690
691
692
693
694
695
696
697
698
699
700
701
702
703
704
705
706
707
708
709
710
711
712
713
714
715
716
717
718
719
720
721
722
723
724
725
726
727
728
729
730
731
732
733
734
735
736
737
738
739
740
741
742
743
744
745
746
747
748
749
750
751
752
753
754
755
756
757
758
759
760
761
762
763
764
end_nodes

begin_triangles
0	1	2
1	2	3
1	3	4
2	3	102
3	4	5
3	5	103
3	102	103
4	5	6
5	6	7
5	7	104
5	103	104
6	7	8
7	8	9
7	9	105
7	104	105
8	9	10
9	10	11
9	11	106
9	105	106
10	11	12
11	12	13
11	13	107
11	106	107
12	13	14
13	14	15
13	15	108
13	107	108
14	15	16
15	16	17
15	17	109
15	108	109
16	17	18
17	18	19
17	19	110
17	109	110
18	19	20
19	20	21
19	21	111
19	110	111
20	21	22
21	22	23
21	23	112
21	111	112
22	23	24
23	24	25
23	25	113
23	112	113
24	25	26
25	26	27
25	27	114
25	113	114
26	27	28
27	28	29
27	29	115
27	114	115
28	29	30
29	30	31
29	31	116
29	115	116
30	31	32
31	32	33
31	33	117
31	116	117
32	33	34
33	34	35
33	35	118
33	117	118
34	35	36
35	36	37
35	37	119
35	118	119
36	37	38
37	38	39
37	39	120
37	119	120
38	39	40
39	40	41
39	41	121
39	120	121
40	41	42
41	42	43
41	43	122
41	121	122
42	43	44
43	44	45
43	45	123
43	122	123
44	45	46
45	46	47
45	47	124
45	123	124
46	47	48
47	48	49
47	49	125
47	124	125
48	49	50
49	50	51
49	51	126
49	125	126
50	51	52
51	52	53
51	53	127
51	126	127
52	53	54
53	54	55
53	55	128
53	127	128
54	55	56
55	56	57
55	57	129
55	128	129
56	57	58
57	58	59
57	59	130
57	129	130
58	59	60
59	60	61
59	61	131
59	130	131
60	61	62
61	62	63
61	63	132
61	131	132
62	63	64
63	64	65
63	65	133
63	132	133
64	65	66
65	66	67
65	67	134
65	133	134
66	67	68
67	68	69
67	69	135
67	134	135
68	69	70
69	70	71
69	71	136
69	135	136
70	71	72
71	72	73
71	73	137
71	136	137
72	73	74
73	74	75
73	75	138
73	137	138
74	75	76
75	76	77
75	77	139
75	138	139
76	77	78
77	78	79
77	79	140
77	139	140
78	79	80
79	80	81
79	81	141
79	140	141
80	81	82
81	82	83
81	83	142
81	141	142
82	83	84
83	84	85
83	85	143
83	142	143
84	85	86
85	86	87
85	87	144
85	143	144
86	87	88
87	88	89
87	89	145
87	144	145
88	89	90
89	90	91
89	91	146
89	145	146
90	91	92
91	92	93
91	93	147
91	146	147
92	93	94
93	94	95
93	95	148
93	147	148
94	95	96
95	96	97
95	97	149
95	148	149
96	97	98
97	98	99
97	99	150
97	149	150
98	99	100
99	100	101
99	101	151
99	150	151
101	151	152
102	103	153
103	104	154
103	153	154
104	105	155
104	154	155
105	106	156
105	155	156
106	107	157
106	156	157
107	108	158
107	157	158
108	109	159
108	158	159
109	110	160
109	159	160
110	111	161
110	160	161
111	112	162
111	161	162
112	113	163
112	162	163
113	114	164
113	163	164
114	115	165
114	164	165
115	116	166
115	165	166
116	117	167
116	166	167
117	118	168
117	167	168
118	119	169
118	168	169
119	120	170
119	169	170
120	121	171
120	170	171
121	122	172
121	171	172
122	123	173
122	172	173
123	124	174
123	173	174
124	125	175
124	174	175
125	126	176
125	175	176
126	127	177
126	176	177
127	128	178
127	177	178
128	129	179
128	178	179
129	130	180
129	179	180
130	131	181
130	180	181
131	132	182
131	181	182
132	133	183
132	182	183
133	134	184
133	183	184
134	135	185
134	184	185
135	136	186
135	185	186
136	137	187
136	186	187
137	138	188
137	187	188
138	139	189
138	188	189
139	140	190
139	189	190
140	141	191
140	190	191
141	142	192
141	191	192
142	143	193
142	192	193
143	144	194
143	193	194
144	145	195
144	194	195
145	146	196
145	195	196
146	147	197
146	196	197
147	148	198
147	197	198
148	149	199
148	198	199
149	150	200
149	199	200
150	151	201
150	200	201
151	152	202
151	201	202
152	202	203
153	154	204
154	155	205
154	204	205
155	156	206
155	205	206
156	157	207
156	206	207
157	158	208
157	207	208
158	159	209
158	208	209
159	160	210
159	209	210
160	161	211
160	210	211
161	162	212
161	211	212
162	163	213
162	212	213
163	164	214
163	213	214
164	165	215
164	214	215
165	166	216
165	215	216
166	167	217
166	216	217
167	168	218
167	217	218
168	169	219
168	218	219
169	170	220
169	219	220
170	171	221
170	220	221
171	172	222
171	221	222
172	173	223
172	222	223
173	174	224
173	223	224
174	175	225
174	224	225
175	176	226
175	225	226
176	177	227
176	226	227
177	178	228
177	227	228
178	179	229
178	228	229
179	180	230
179	229	230
180	181	231
180	230	231
181	182	232
181	231	232
182	183	233
182	232	233
183	184	234
183	233	234
184	185	235
184	234	235
185	186	236
185	235	236
186	187	237
186	236	237
187	188	238
187	237	238
188	189	239
188	238	239
189	190	240
189	239	240
190	191	241
190	240	241
191	192	242
191	241	242
192	193	243
192	242	243
193	194	244
193	243	244
194	195	245
194	244	245
195	196	246
195	245	246
196	197	247
196	246	247
197	198	248
197	247	248
198	199	249
198	248	249
199	200	250
199	249	250
200	201	251
200	250	251
201	202	252
201	251	252
202	203	253
202	252	253
203	253	254
204	205	255
205	206	256
205	255	256
206	207	257
206	256	257
207	208	258
207	257	258
208	209	259
208	258	259
209	210	260
209	259	260
210	211	261
210	260	261
211	212	262
211	261	262
212	213	263
212	262	263
213	214	264
213	263	264
214	215	265
214	264	265
215	216	266
215	265	266
216	217	267
216	266	267
217	218	268
217	267	268
218	219	269
218	268	269
219	220	270
219	269	270
220	221	271
220	270	271
221	222	272
221	271	272
222	223	273
222	272	273
223	224	274
223	273	274
224	225	275
224	274	275
225	226	276
225	275	276
226	227	277
226	276	277
227	228	278
227	277	278
228	229	279
228	278	279
229	230	280
229	279	280
230	231	281
230	280	281
231	232	282
231	281	282
232	233	283
232	282	283
233	234	284
233	283	284
234	235	285
234	284	285
235	236	286
235	285	286
236	237	287
236	286	287
237	238	288
237	287	288
238	239	289
238	288	289
239	240	290
239	289	290
240	241	291
240	290	291
241	242	292
241	291	292
242	243	293
242	292	293
243	244	294
243	293	294
244	245	295
244	294	295
245	246	296
245	295	296
246	247	297
246	296	297
247	248	298
247	297	298
248	249	299
248	298	299
249	250	300
249	299	300
250	251	301
250	300	301
251	252	302
251	301	302
252	253	303
252	302	303
253	254	304
253	303	304
254	304	305
255	256	306
256	257	307
256	306	307
257	258	308
257	307	308
258	259	309
258	308	309
259	260	310
259	309	310
260	261	311
260	310	311
261	262	312
261	311	312
262	263	313
262	312	313
263	264	314
263	313	314
264	265	315
264	314	315
265	266	316
265	315	316
266	267	317
266	316	317
267	268	318
267	317	318
268	269	319
268	318	319
269	270	320
269	319	320
270	271	321
270	320	321
271	272	322
271	321	322
272	273	323
272	322	323
273	274	324
273	323	324
274	275	325
274	324	325
275	276	326
275	325	326
276	277	327
276	326	327
277	278	328
277	327	328
278	279	329
278	328	329
279	280	330
279	329	330
280	281	331
280	330	331
281	282	332
281	331	332
282	283	333
282	332	333
283	284	334
283	333	334
284	285	335
284	334	335
285	286	336
285	335	336
286	287	337
286	336	337
287	288	338
287	337	338
288	289	339
288	338	339
289	290	340
289	339	340
290	291	341
290	340	341
291	292	342
291	341	342
292	293	343
292	342	343
293	294	344
293	343	344
294	295	345
294	344	345
295	296	346
295	345	346
296	297	347
296	346	347
297	298	348
297	347	348
298	299	349
298	348	349
299	300	350
299	349	350
300	301	351
300	350	351
301	302	352
301	351	352
302	303	353
302	352	353
303	304	354
303	353	354
304	305	355
304	354	355
305	355	356
306	307	357
307	308	358
307	357	358
308	309	359
308	358	359
309	310	360
309	359	360
310	311	361
310	360	361
311	312	362
311	361	362
312	313	363
312	362	363
313	314	364
313	363	364
314	315	365
314	364	365
315	316	366
315	365	366
316	317	367
316	366	367
317	318	368
317	367	368
318	319	369
318	368	369
319	320	370
319	369	370
320	321	371
320	370	371
321	322	372
321	371	372
322	323	373
322	372	373
323	324	374
323	373	374
324	325	375
324	374	375
325	326	376
325	375	376
326	327	377
326	376	377
327	328	378
327	377	378
328	329	379
328	378	379
329	330	380
329	379	380
330	331	381
330	380	381
331	332	382
331	381	382
332	333	383
332	382	383
333	334	384
333	383	384
334	335	385
334	384	385
335	336	386
335	385	386
336	337	387
336	386	387
337	338	388
337	387	388
338	339	389
338	388	389
339	340	390
339	389	390
340	341	391
340	390	391
341	342	392
341	391	392
342	343	393
342	392	393
343	344	394
343	393	394
344	345	395
344	394	395
345	346	396
345	395	396
346	347	397
346	396	397
347	348	398
347	397	398
348	349	399
348	398	399
349	350	400
349	399	400
350	351	401
350	400	401
351	352	402
351	401	402
352	353	403
352	402	403
353	354	404
353	403	404
354	355	405
354	404	405
355	356	406
355	405	406
356	406	407
357	358	408
358	359	409
358	408	409
359	360	410
359	409	410
360	361	411
360	410	411
361	362	412
361	411	412
362	363	413
362	412	413
363	364	414
363	413	414
364	365	415
364	414	415
365	366	416
365	415	416
366	367	417
366	416	417
367	368	418
367	417	418
368	369	419
368	418	419
369	370	420
369	419	420
370	371	421
370	420	421
371	372	422
371	421	422
372	373	423
372	422	423
373	374	424
373	423	424
374	375	425
374	424	425
375	376	426
375	425	426
376	377	427
376	426	427
377	378	428
377	427	428
378	379	429
378	428	429
379	380	430
379	429	430
380	381	431
380	430	431
381	382	432
381	431	432
382	383	433
382	432	433
383	384	434
383	433	434
384	385	435
384	434	435
385	386	436
385	435	436
386	387	437
386	436	437
387	388	438
387	437	438
388	389	439
388	438	439
389	390	440
389	439	440
390	391	441
390	440	441
391	392	442
391	441	442
392	393	443
392	442	443
393	394	444
393	443	444
394	395	445
394	444	445
395	396	446
395	445	446
396	397	447
396	446	447
397	398	448
397	447	448
398	399	449
398	448	449
399	400	450
399	449	450
400	401	451
400	450	451
401	402	452
401	451	452
402	403	453
402	452	453
403	404	454
403	453	454
404	405	455
404	454	455
405	406	456
405	455	456
406	407	457
406	456	457
407	457	458
408	409	459
409	410	460
409	459	460
410	411	461
410	460	461
411	412	462
411	461	462
412	413	463
412	462	463
413	414	464
413	463	464
414	415	465
414	464	465
415	416	466
415	465	466
416	417	467
416	466	467
417	418	468
417	467	468
418	419	469
418	468	469
419	420	470
419	469	470
420	421	471
420	470	471
421	422	472
421	471	472
422	423	473
422	472	473
423	424	474
423	473	474
424	425	475
424	474	475
425	426	476
425	475	476
426	427	477
426	476	477
427	428	478
427	477	478
428	429	479
428	478	479
429	430	480
429	479	480
430	431	481
430	480	481
431	432	482
431	481	482
432	433	483
432	482	483
433	434	484
433	483	484
434	435	485
434	484	485
435	436	486
435	485	486
436	437	487
436	486	487
437	438	488
437	487	488
438	439	489
438	488	489
439	440	490
439	489	490
440	441	491
440	490	491
441	442	492
441	491	492
442	443	493
442	492	493
443	444	494
443	493	494
444	445	495
444	494	495
445	446	496
445	495	496
446	447	497
446	496	497
447	448	498
447	497	498
448	449	499
448	498	499
449	450	500
449	499	500
450	451	501
450	500	501
451	452	502
451	501	502
452	453	503
452	502	503
453	454	504
453	503	504
454	455	505
454	504	505
455	456	506
455	505	506
456	457	507
456	506	507
457	458	508
457	507	508
458	508	509
459	460	510
460	461	511
460	510	511
461	462	512
461	511	512
462	463	513
462	512	513
463	464	514
463	513	514
464	465	515
464	514	515
465	466	516
465	515	516
466	467	517
466	516	517
467	468	518
467	517	518
468	469	519
468	518	519
469	470	520
469	519	520
470	471	521
470	520	521
471	472	522
471	521	522
472	473	523
472	522	523
473	474	524
473	523	524
474	475	525
474	524	525
475	476	526
475	525	526
476	477	527
476	526	527
477	478	528
477	527	528
478	479	529
478	528	529
479	480	530
479	529	530
480	481	531
480	530	531
481	482	532
481	531	532
482	483	533
482	532	533
483	484	534
483	533	534
484	485	535
484	534	535
485	486	536
485	535	536
486	487	537
486	536	537
487	488	538
487	537	538
488	489	539
488	538	539
489	490	540
489	539	540
490	491	541
490	540	541
491	492	542
491	541	542
492	493	543
492	542	543
493	494	544
493	543	544
494	495	545
494	544	545
495	496	546
495	545	546
496	497	547
496	546	547
497	498	548
497	547	548
498	499	549
498	548	549
499	500	550
499	549	550
500	501	551
500	550	551
501	502	552
501	551	552
502	503	553
502	552	553
503	504	554
503	553	554
504	505	555
504	554	555
505	506	556
505	555	556
506	507	557
506	556	557
507	508	558
507	557	558
508	509	559
508	558	559
509	559	560
510	511	561
511	512	562
511	561	562
512	513	563
512	562	563
513	514	564
513	563	564
514	515	565
514	564	565
515	516	566
515	565	566
516	517	567
516	566	567
517	518	568
517	567	568
518	519	569
518	568	569
519	520	570
519	569	570
520	521	571
520	570	571
521	522	572
521	571	572
522	523	573
522	572	573
523	524	574
523	573	574
524	525	575
524	574	575
525	526	576
525	575	576
526	527	577
526	576	577
527	528	578
527	577	578
528	529	579
528	578	579
529	530	580
529	579	580
530	531	581
530	580	581
531	532	582
531	581	582
532	533	583
532	582	583
533	534	584
533	583	584
534	535	585
534	584	585
535	536	586
535	585	586
536	537	587
536	586	587
537	538	588
537	587	588
538	539	589
538	588	589
539	540	590
539	589	590
540	541	591
540	590	591
541	542	592
541	591	592
542	543	593
542	592	593
543	544	594
543	593	594
544	545	595
544	594	595
545	546	596
545	595	596
546	547	597
546	596	597
547	548	598
547	597	598
548	549	599
548	598	599
549	550	600
549	599	600
550	551	601
550	600	601
551	552	602
551	601	602
552	553	603
552	602	603
553	554	604
553	603	604
554	555	605
554	604	605
555	556	606
555	605	606
556	557	607
556	606	607
557	558	608
557	607	608
558	559	609
558	608	609
559	560	610
559	609	610
560	610	611
561	562	612
562	563	613
562	612	613
563	564	614
563	613	614
564	565	615
564	614	615
565	566	616
565	615	616
566	567	617
566	616	617
567	568	618
567	617	618
568	569	619
568	618	619
569	570	620
569	619	620
570	571	621
570	620	621
571	572	622
571	621	622
572	573	623
572	622	623
573	574	624
573	623	624
574	575	625
574	624	625
575	576	626
575	625	626
576	577	627
576	626	627
577	578	628
577	627	628
578	579	629
578	628	629
579	580	630
579	629	630
580	581	631
580	630	631
581	582	632
581	631	632
582	583	633
582	632	633
583	584	634
583	633	634
584	585	635
584	634	635
585	586	636
585	635	636
586	587	637
586	636	637
587	588	638
587	637	638
588	589	639
588	638	639
589	590	640
589	639	640
590	591	641
590	640	641
591	592	642
591	641	642
592	593	643
592	642	643
593	594	644
593	643	644
594	595	645
594	644	645
595	596	646
595	645	646
596	597	647
596	646	647
597	598	648
597	647	648
598	599	649
598	648	649
599	600	650
599	649	650
600	601	651
600	650	651
601	602	652
601	651	652
602	603	653
602	652	653
603	604	654
603	653	654
604	605	655
604	654	655
605	606	656
605	655	656
606	607	657
606	656	657
607	608	658
607	657	658
608	609	659
608	658	659
609	610	660
609	659	660
610	611	661
610	660	661
611	661	662
612	613	663
613	614	664
613	663	664
614	615	665
614	664	665
615	616	666
615	665	666
616	617	667
616	666	667
617	618	668
617	667	668
618	619	669
618	668	669
619	620	670
619	669	670
620	621	671
620	670	671
621	622	672
621	671	672
622	623	673
622	672	673
623	624	674
623	673	674
624	625	675
624	674	675
625	626	676
625	675	676
626	627	677
626	676	677
627	628	678
627	677	678
628	629	679
628	678	679
629	630	680
629	679	680
630	631	681
630	680	681
631	632	682
631	681	682
632	633	683
632	682	683
633	634	684
633	683	684
634	635	685
634	684	685
635	636	686
635	685	686
636	637	687
636	686	687
637	638	688
637	687	688
638	639	689
638	688	689
639	640	690
639	689	690
640	641	691
640	690	691
641	642	692
641	691	692
642	643	693
642	692	693
643	644	694
643	693	694
644	645	695
644	694	695
645	646	696
645	695	696
646	647	697
646	696	697
647	648	698
647	697	698
648	649	699
648	698	699
649	650	700
649	699	700
650	651	701
650	700	701
651	652	702
651	701	702
652	653	703
652	702	703
653	654	704
653	703	704
654	655	705
654	704	705
655	656	706
655	705	706
656	657	707
656	706	707
657	658	708
657	707	708
658	659	709
658	708	709
659	660	710
659	709	710
660	661	711
660	710	711
661	662	712
661	711	712
662	712	713
663	664	714
664	665	715
664	714	715
665	666	716
665	715	716
666	667	717
666	716	717
667	668	718
667	717	718
668	669	719
668	718	719
669	670	720
669	719	720
670	671	721
670	720	721
671	672	722
671	721	722
672	673	723
672	722	723
673	674	724
673	723	724
674	675	725
674	724	725
675	676	726
675	725	726
676	677	727
676	726	727
677	678	728
677	727	728
678	679	729
678	728	729
679	680	730
679	729	730
680	681	731
680	730	731
681	682	732
681	731	732
682	683	733
682	732	733
683	684	734
683	733	734
684	685	735
684	734	735
685	686	736
685	735	736
686	687	737
686	736	737
687	688	738
687	737	738
688	689	739
688	738	739
689	690	740
689	739	740
690	691	741
690	740	741
691	692	742
691	741	742
692	693	743
692	742	743
693	694	744
693	743	744
694	695	745
694	744	745
695	696	746
695	745	746
696	697	747
696	746	747
697	698	748
697	747	748
698	699	749
698	748	749
699	700	750
699	749	750
700	701	751
700	750	751
701	702	752
701	751	752
702	703	753
702	752	753
703	704	754
703	753	754
704	705	755
704	754	755
705	706	756
705	755	756
706	707	757
706	756	757
707	708	758
707	757	758
708	709	759
708	758	759
709	710	760
709	759	760
710	711	761
710	760	761
711	712	762
711	761	762
712	713	763
712	762	763
713	763	764
end_triangles

begin_node_model "AtContactNode"
BUILTIN
end_node_model

begin_node_model "ContactNSurfaceNormal_x"
DATAPARENT "SurfaceArea"
end_node_model

begin_node_model "ContactNSurfaceNormal_y"
DATAPARENT "SurfaceArea"
end_node_model

begin_node_model "ContactSurfaceArea"
DATAPARENT "SurfaceArea"
end_node_model

begin_node_model "CylindricalNodeVolume"
DATAPARENT "ElementCylindricalNodeVolume@en0"
end_node_model

begin_node_model "CylindricalSurfaceArea"
COMMAND cylindrical_surface_area -device "MoS2_GAA" -region "CoreOxide"
end_node_model

begin_node_model "NSurfaceNormal_x"
DATAPARENT "SurfaceArea"
end_node_model

begin_node_model "NSurfaceNormal_y"
DATAPARENT "SurfaceArea"
end_node_model

begin_node_model "NodeVolume"
BUILTIN
end_node_model

begin_node_model "Potential"
DATA
1.508893610987702e-01
1.470689413066836e-01
1.513669135727810e-01
1.474899456208981e-01
1.365124524871660e-01
1.367716974880741e-01
1.218080436531177e-01
1.218914650787874e-01
1.057688920083550e-01
1.057276227109637e-01
9.039004912185211e-02
9.028522057215640e-02
7.668846303048049e-02
7.656407630212689e-02
6.497706459276650e-02
6.485720129301333e-02
5.518347895110344e-02
5.507826374884220e-02
4.707333654562020e-02
4.698516720288534e-02
4.037390362389461e-02
4.030163027647204e-02
3.483084426093028e-02
3.477206608055684e-02
3.022823578394112e-02
3.018039267271726e-02
2.639111708653375e-02
2.635192790654718e-02
2.318102526891151e-02
2.314861034163833e-02
2.048957228766012e-02
2.046244067879509e-02
1.823222504824914e-02
1.820921453329679e-02
1.634304604807572e-02
1.632325481674574e-02
1.477052674918198e-02
1.475325202856825e-02
1.347440298010796e-02
1.345909087961781e-02
1.242327281887637e-02
1.240947918964743e-02
1.159284072530778e-02
1.158020126235130e-02
1.096464003904283e-02
1.095284755735442e-02
1.052511905979242e-02
1.051390605833584e-02
1.026500610384726e-02
1.025413104203889e-02
1.017889413683609e-02
1.016813014095970e-02
1.026500610384724e-02
1.025413104203887e-02
1.052511905979238e-02
1.051390605833581e-02
1.096464003904277e-02
1.095284755735436e-02
1.159284072530770e-02
1.158020126235123e-02
1.242327281887627e-02
1.240947918964734e-02
1.347440298010784e-02
1.345909087961768e-02
1.477052674918183e-02
1.475325202856810e-02
1.634304604807554e-02
1.632325481674556e-02
1.823222504824893e-02
1.820921453329659e-02
2.048957228765987e-02
2.046244067879485e-02
2.318102526891122e-02
2.314861034163804e-02
2.639111708653341e-02
2.635192790654684e-02
3.022823578394073e-02
3.018039267271687e-02
3.483084426092984e-02
3.477206608055639e-02
4.037390362389408e-02
4.030163027647151e-02
4.707333654561956e-02
4.698516720288471e-02
5.518347895110269e-02
5.507826374884146e-02
6.497706459276560e-02
6.485720129301242e-02
7.668846303047941e-02
7.656407630212582e-02
9.039004912185082e-02
9.028522057215511e-02
1.057688920083534e-01
1.057276227109622e-01
1.218080436531160e-01
1.218914650787856e-01
1.365124524871640e-01
1.367716974880722e-01
1.470689413066817e-01
1.474899456208962e-01
1.508893610987684e-01
1.513669135727792e-01
1.527178214984681e-01
1.486817396255796e-01
1.374977446130733e-01
1.221165017954133e-01
1.056029484871109e-01
8.998571880004455e-02
7.621303941007289e-02
6.452095022973851e-02
5.478410697942225e-02
4.673915447403920e-02
4.010019622277320e-02
3.460833841830465e-02
3.004715531048217e-02
2.624279243412483e-02
2.305833020193798e-02
2.038686209066608e-02
1.814510282924901e-02
1.626810140079063e-02
1.470510233268331e-02
1.341640435056961e-02
1.237102027254819e-02
1.154495623802494e-02
1.091996138296038e-02
1.048263392503987e-02
1.022380025367441e-02
1.013810874348651e-02
1.022380025367439e-02
1.048263392503983e-02
1.091996138296033e-02
1.154495623802487e-02
1.237102027254810e-02
1.341640435056948e-02
1.470510233268316e-02
1.626810140079046e-02
1.814510282924880e-02
2.038686209066583e-02
2.305833020193769e-02
2.624279243412450e-02
3.004715531048177e-02
3.460833841830421e-02
4.010019622277267e-02
4.673915447403858e-02
5.478410697942151e-02
6.452095022973763e-02
7.621303941007182e-02
8.998571880004326e-02
1.056029484871094e-01
1.221165017954115e-01
1.374977446130713e-01
1.486817396255776e-01
1.527178214984663e-01
1.548540741900340e-01
1.505708093421992e-01
1.386222858463573e-01
1.224368691861693e-01
1.053804996626733e-01
8.950292409534455e-02
7.566076697998646e-02
6.399824220270411e-02
5.432994121024977e-02
4.636082332343648e-02
3.979110922854873e-02
3.435739352089346e-02
2.984303287477647e-02
2.607559711690685e-02
2.291998884228984e-02
2.027100653328983e-02
1.804678408648544e-02
1.618348525673096e-02
1.463120240692200e-02
1.335086660367928e-02
1.231195597471341e-02
1.149081488593813e-02
1.086943433118213e-02
1.043458053221627e-02
1.017718978317416e-02
1.009197255483294e-02
1.017718978317414e-02
1.043458053221623e-02
1.086943433118207e-02
1.149081488593805e-02
1.231195597471331e-02
1.335086660367915e-02
1.463120240692185e-02
1.618348525673078e-02
1.804678408648524e-02
2.027100653328958e-02
2.291998884228956e-02
2.607559711690652e-02
2.984303287477607e-02
3.435739352089302e-02
3.979110922854821e-02
4.636082332343586e-02
5.432994121024903e-02
6.399824220270323e-02
7.566076697998540e-02
8.950292409534326e-02
1.053804996626718e-01
1.224368691861675e-01
1.386222858463554e-01
1.505708093421972e-01
1.548540741900321e-01
1.577157260226098e-01
1.531158197775512e-01
1.400848114505028e-01
1.227994351472918e-01
1.050363643278564e-01
8.884019515275712e-02
7.492659767406208e-02
6.331443562115359e-02
5.374119945383642e-02
4.587297130935823e-02
3.939371795380615e-02
3.403523021655123e-02
2.958112395371692e-02
2.586106504145129e-02
2.274241789779031e-02
2.012222043733208e-02
1.792044559822996e-02
1.607469104887487e-02
1.453613499647023e-02
1.326651628655418e-02
1.223590656967608e-02
1.142108128778276e-02
1.080433957205203e-02
1.037266166400255e-02
1.011712386749554e-02
1.003251576368049e-02
1.011712386749552e-02
1.037266166400251e-02
1.080433957205197e-02
1.142108128778269e-02
1.223590656967599e-02
1.326651628655406e-02
1.453613499647008e-02
1.607469104887470e-02
1.792044559822975e-02
2.012222043733184e-02
2.274241789779002e-02
2.586106504145095e-02
2.958112395371653e-02
3.403523021655080e-02
3.939371795380563e-02
4.587297130935762e-02
5.374119945383570e-02
6.331443562115271e-02
7.492659767406104e-02
8.884019515275585e-02
1.050363643278549e-01
1.227994351472900e-01
1.400848114505008e-01
1.531158197775491e-01
1.577157260226079e-01
1.612579235221119e-01
1.563034307872047e-01
1.418280850815015e-01
1.231451219435589e-01
1.045413603906645e-01
8.799707858783437e-02
7.402664684242614e-02
6.249190252973075e-02
5.304058034460836e-02
4.529598911611626e-02
3.892532077048811e-02
3.365613495677041e-02
2.927310902260327e-02
2.560874511880339e-02
2.253347152727541e-02
1.994702907382745e-02
1.777157686801383e-02
1.594640272068222e-02
1.442395833004472e-02
1.316692710786620e-02
1.214607354814346e-02
1.133867584812141e-02
1.072739236803485e-02
1.029945282942003e-02
1.004609675145260e-02
9.962205946104275e-03
1.004609675145259e-02
1.029945282942000e-02
1.072739236803479e-02
1.133867584812133e-02
1.214607354814336e-02
1.316692710786608e-02
1.442395833004458e-02
1.594640272068205e-02
1.777157686801363e-02
1.994702907382721e-02
2.253347152727513e-02
2.560874511880307e-02
2.927310902260289e-02
3.365613495676999e-02
3.892532077048760e-02
4.529598911611565e-02
5.304058034460764e-02
6.249190252972989e-02
7.402664684242512e-02
8.799707858783311e-02
1.045413603906630e-01
1.231451219435571e-01
1.418280850814994e-01
1.563034307872026e-01
1.612579235221099e-01
1.654382082659974e-01
1.601483445679553e-01
1.437933209989547e-01
1.234091043096120e-01
1.038643319111332e-01
8.697245489289201e-02
7.297584307005330e-02
6.155113612565275e-02
5.224859496889980e-02
4.464811586842490e-02
3.840128329341080e-02
3.323273961184640e-02
2.892928507712507e-02
2.532703937309558e-02
2.230005244216064e-02
1.975116314624713e-02
1.760499690591294e-02
1.580273110612602e-02
1.429823360236558e-02
1.305523485947907e-02
1.204526599702184e-02
1.124616098203888e-02
1.064097512741361e-02
1.021721381414903e-02
9.966296920082487e-03
9.883208188498657e-03
9.966296920082470e-03
1.021721381414900e-02
1.064097512741356e-02
1.124616098203880e-02
1.204526599702174e-02
1.305523485947895e-02
1.429823360236544e-02
1.580273110612585e-02
1.760499690591273e-02
1.975116314624689e-02
2.230005244216036e-02
2.532703937309526e-02
2.892928507712469e-02
3.323273961184598e-02
3.840128329341030e-02
4.464811586842430e-02
5.224859496889910e-02
6.155113612565190e-02
7.297584307005228e-02
8.697245489289077e-02
1.038643319111317e-01
1.234091043096102e-01
1.437933209989525e-01
1.601483445679530e-01
1.654382082659952e-01
1.702023530154763e-01
1.646976235220483e-01
1.459145689598377e-01
1.235208694692279e-01
1.029749128655402e-01
8.576683262428843e-02
7.178925294998956e-02
6.051143165801365e-02
5.138391529468551e-02
4.394563041763930e-02
3.783515676928428e-02
3.277610519897396e-02
2.855863177091851e-02
2.502325912845755e-02
2.204816162761549e-02
1.953960371769516e-02
1.742489525669869e-02
1.564725163204800e-02
1.416205979807817e-02
1.293416976414790e-02
1.193593085873642e-02
1.114576966966825e-02
1.054716463573119e-02
1.012791496884281e-02
9.879632822002934e-03
9.797410622785850e-03
9.879632822002916e-03
1.012791496884277e-02
1.054716463573114e-02
1.114576966966818e-02
1.193593085873632e-02
1.293416976414778e-02
1.416205979807803e-02
1.564725163204783e-02
1.742489525669848e-02
1.953960371769492e-02
2.204816162761522e-02
2.502325912845723e-02
2.855863177091814e-02
3.277610519897355e-02
3.783515676928378e-02
4.394563041763872e-02
5.138391529468483e-02
6.051143165801282e-02
7.178925294998857e-02
8.576683262428721e-02
1.029749128655387e-01
1.235208694692261e-01
1.459145689598356e-01
1.646976235220459e-01
1.702023530154740e-01
1.754669755624947e-01
1.700395927693396e-01
1.481116625989249e-01
1.234046481059309e-01
1.018460709422655e-01
8.438396945847976e-02
7.048282907372837e-02
5.939122989089277e-02
5.046356859056639e-02
4.320299192530862e-02
3.723879405537194e-02
3.229582153124456e-02
2.816889762491943e-02
2.470369960940366e-02
2.178296300126879e-02
1.931663849544649e-02
1.723488132248560e-02
1.548304790774551e-02
1.401811259891073e-02
1.280609159551332e-02
1.182018503221201e-02
1.103943520663576e-02
1.044776004879654e-02
1.003326398319653e-02
9.787758926233854e-03
9.706450246464195e-03
9.787758926233837e-03
1.003326398319650e-02
1.044776004879649e-02
1.103943520663568e-02
1.182018503221191e-02
1.280609159551320e-02
1.401811259891059e-02
1.548304790774534e-02
1.723488132248540e-02
1.931663849544626e-02
2.178296300126852e-02
2.470369960940334e-02
2.816889762491907e-02
3.229582153124416e-02
3.723879405537146e-02
4.320299192530805e-02
5.046356859056573e-02
5.939122989089195e-02
7.048282907372740e-02
8.438396945847855e-02
1.018460709422640e-01
1.234046481059290e-01
1.481116625989226e-01
1.700395927693371e-01
1.754669755624922e-01
1.810973759940829e-01
1.763179281715472e-01
1.502810189329319e-01
1.229806784067122e-01
1.004565522222259e-01
8.283190874569482e-02
6.907369498572143e-02
5.820821169270044e-02
4.950302593900989e-02
4.243294752290909e-02
3.662246425974213e-02
3.180011664938744e-02
2.776669812972559e-02
2.437372509245961e-02
2.150885631526185e-02
1.908592409309936e-02
1.703803777767357e-02
1.531275795709513e-02
1.386868486884735e-02
1.267302561847402e-02
1.169984776809548e-02
1.092882089200494e-02
1.034431058871453e-02
9.934732217271151e-03
9.692101257106107e-03
9.611738195696789e-03
9.692101257106090e-03
9.934732217271116e-03
1.034431058871448e-02
1.092882089200487e-02
1.169984776809539e-02
1.267302561847390e-02
1.386868486884721e-02
1.531275795709496e-02
1.703803777767337e-02
1.908592409309913e-02
2.150885631526158e-02
2.437372509245930e-02
2.776669812972523e-02
3.180011664938704e-02
3.662246425974166e-02
4.243294752290853e-02
4.950302593900923e-02
5.820821169269965e-02
6.907369498572047e-02
8.283190874569363e-02
1.004565522222244e-01
1.229806784067103e-01
1.502810189329296e-01
1.763179281715445e-01
1.810973759940802e-01
1.868792901415994e-01
1.837516230719397e-01
1.522835644308092e-01
1.221677667285208e-01
9.879320065769566e-02
8.112347069515509e-02
6.758006860503890e-02
5.697922555599171e-02
4.851622880511063e-02
4.164662368470853e-02
3.599496813138722e-02
3.129597193584466e-02
2.735761982559425e-02
2.403785883064426e-02
2.122955336449921e-02
1.885055030689073e-02
1.683697499114565e-02
1.513862072370786e-02
1.371572690026353e-02
1.253669794573338e-02
1.157647225528898e-02
1.081534876559540e-02
1.023814220307004e-02
9.833579946478422e-03
9.593881817724697e-03
9.514483899325599e-03
9.593881817724680e-03
9.833579946478387e-03
1.023814220306998e-02
1.081534876559533e-02
1.157647225528889e-02
1.253669794573327e-02
1.371572690026339e-02
1.513862072370770e-02
1.683697499114545e-02
1.885055030689050e-02
2.122955336449895e-02
2.403785883064396e-02
2.735761982559389e-02
3.129597193584426e-02
3.599496813138676e-02
4.164662368470798e-02
4.851622880510998e-02
5.697922555599093e-02
6.758006860503796e-02
8.112347069515392e-02
9.879320065769422e-02
1.221677667285189e-01
1.522835644308068e-01
1.837516230719368e-01
1.868792901415964e-01
1.924836156146988e-01
1.926614192890178e-01
1.539291316202622e-01
1.208876118741122e-01
9.685301127670652e-02
7.927622272026907e-02
6.602092078675340e-02
5.572012001179098e-02
4.751558961698299e-02
4.085361412738564e-02
3.536375560853357e-02
3.078923975525624e-02
2.694632597246034e-02
2.369987354159388e-02
2.094815394985779e-02
1.861310358481970e-02
1.663388428083273e-02
1.496252119510093e-02
1.356088516611666e-02
1.239856935210829e-02
1.145137565568419e-02
1.070022680442323e-02
1.013038270212781e-02
9.730880103146242e-03
9.494141523040182e-03
9.415717747137854e-03
9.494141523040164e-03
9.730880103146209e-03
1.013038270212775e-02
1.070022680442316e-02
1.145137565568410e-02
1.239856935210818e-02
1.356088516611653e-02
1.496252119510077e-02
1.663388428083254e-02
1.861310358481948e-02
2.094815394985753e-02
2.369987354159358e-02
2.694632597245999e-02
3.078923975525586e-02
3.536375560853312e-02
4.085361412738511e-02
4.751558961698236e-02
5.572012001179021e-02
6.602092078675249e-02
7.927622272026795e-02
9.685301127670511e-02
1.208876118741104e-01
1.539291316202598e-01
1.926614192890147e-01
1.924836156146955e-01
1.974236954433526e-01
2.035029754893211e-01
1.549568450393269e-01
1.190713299895026e-01
9.464468938470393e-02
7.731196515068235e-02
6.441546346986818e-02
5.444554081391576e-02
4.651199279683733e-02
4.006207242435193e-02
3.473504569198806e-02
3.028476092140512e-02
2.653666051505692e-02
2.336287944726496e-02
2.066721912540373e-02
1.837572776476547e-02
1.643058854273406e-02
1.478603305508663e-02
1.340553876457949e-02
1.225986693670863e-02
1.132566712388861e-02
1.058447421846632e-02
1.002198508495146e-02
9.627540271132310e-03
9.393761424444407e-03
9.316312062476902e-03
9.393761424444390e-03
9.627540271132277e-03
1.002198508495141e-02
1.058447421846625e-02
1.132566712388852e-02
1.225986693670852e-02
1.340553876457936e-02
1.478603305508647e-02
1.643058854273387e-02
1.837572776476525e-02
2.066721912540347e-02
2.336287944726467e-02
2.653666051505658e-02
3.028476092140473e-02
3.473504569198762e-02
4.006207242435141e-02
4.651199279683672e-02
5.444554081391502e-02
6.441546346986730e-02
7.731196515068124e-02
9.464468938470255e-02
1.190713299895007e-01
1.549568450393244e-01
2.035029754893177e-01
1.974236954433490e-01
2.010054505352179e-01
2.169065368412394e-01
1.550113114358160e-01
1.166685288451987e-01
9.218943381994064e-02
7.525579757287093e-02
6.278255790881335e-02
5.316873909164405e-02
4.551481320266194e-02
3.927881320701219e-02
3.411394764514789e-02
2.978647960230735e-02
2.613174789223374e-02
2.302940778296247e-02
2.038884009557606e-02
1.814018085045121e-02
1.622858934753154e-02
1.461045820460191e-02
1.325083307870018e-02
1.212161328733823e-02
1.120027355988577e-02
1.046894465893129e-02
9.913748911792924e-03
9.524322819088719e-03
9.293482127185502e-03
9.217000285519764e-03
9.293482127185487e-03
9.524322819088684e-03
9.913748911792874e-03
1.046894465893123e-02
1.120027355988568e-02
1.212161328733812e-02
1.325083307870005e-02
1.461045820460176e-02
1.622858934753135e-02
1.814018085045099e-02
2.038884009557581e-02
2.302940778296218e-02
2.613174789223340e-02
2.978647960230697e-02
3.411394764514745e-02
3.927881320701167e-02
4.551481320266135e-02
5.316873909164332e-02
6.278255790881249e-02
7.525579757286986e-02
9.218943381993931e-02
1.166685288451969e-01
1.550113114358136e-01
2.169065368412356e-01
2.010054505352141e-01
2.021950281791429e-01
2.304789045052903e-01
1.539602991148103e-01
1.142392915488500e-01
9.001400292542727e-02
7.352010520656305e-02
6.143580156917093e-02
5.212847162991598e-02
4.470759151787709e-02
3.864673582869370e-02
3.361328668691542e-02
2.938477703159572e-02
2.580505215679488e-02
2.276003567122676e-02
2.016367300688051e-02
1.794940554306099e-02
1.606478128608425e-02
1.446791938440361e-02
1.312511500509361e-02
1.200917296781712e-02
1.109822421666272e-02
1.037487340139470e-02
9.825581350514603e-03
9.440220159002196e-03
9.211760173645681e-03
9.136062444076219e-03
9.211760173645663e-03
9.440220159002163e-03
9.825581350514553e-03
1.037487340139463e-02
1.109822421666263e-02
1.200917296781701e-02
1.312511500509348e-02
1.446791938440345e-02
1.606478128608407e-02
1.794940554306078e-02
2.016367300688026e-02
2.276003567122648e-02
2.580505215679455e-02
2.938477703159535e-02
3.361328668691499e-02
3.864673582869320e-02
4.470759151787651e-02
5.212847162991528e-02
6.143580156917009e-02
7.352010520656201e-02
9.001400292542597e-02
1.142392915488482e-01
1.539602991148078e-01
2.304789045052859e-01
2.021950281791390e-01
end_node_model

begin_node_model "Potential_prev"
DATA
0.000000000000000e+00
0.000000000000000e+00
0.000000000000000e+00
0.000000000000000e+00
0.000000000000000e+00
0.000000000000000e+00
0.000000000000000e+00
0.000000000000000e+00
0.000000000000000e+00
0.000000000000000e+00
0.000000000000000e+00
0.000000000000000e+00
0.000000000000000e+00
0.000000000000000e+00
0.000000000000000e+00
0.000000000000000e+00
0.000000000000000e+00
0.000000000000000e+00
0.000000000000000e+00
0.000000000000000e+00
0.000000000000000e+00
0.000000000000000e+00
0.000000000000000e+00
0.000000000000000e+00
0.000000000000000e+00
0.000000000000000e+00
0.000000000000000e+00
0.000000000000000e+00
0.000000000000000e+00
0.000000000000000e+00
0.000000000000000e+00
0.000000000000000e+00
0.000000000000000e+00
0.000000000000000e+00
0.000000000000000e+00
0.000000000000000e+00
0.000000000000000e+00
0.000000000000000e+00
0.000000000000000e+00
0.000000000000000e+00
0.000000000000000e+00
0.000000000000000e+00
0.000000000000000e+00
0.000000000000000e+00
0.000000000000000e+00
0.000000000000000e+00
0.000000000000000e+00
0.000000000000000e+00
0.000000000000000e+00
0.000000000000000e+00
0.000000000000000e+00
0.000000000000000e+00
0.000000000000000e+00
0.000000000000000e+00
0.000000000000000e+00
0.000000000000000e+00
0.000000000000000e+00
0.000000000000000e+00
0.000000000000000e+00
0.000000000000000e+00
0.000000000000000e+00
0.000000000000000e+00
0.000000000000000e+00
0.000000000000000e+00
0.000000000000000e+00
0.000000000000000e+00
0.000000000000000e+00
0.000000000000000e+00
0.000000000000000e+00
0.000000000000000e+00
0.000000000000000e+00
0.000000000000000e+00
0.000000000000000e+00
0.000000000000000e+00
0.000000000000000e+00
0.000000000000000e+00
0.000000000000000e+00
0.000000000000000e+00
0.000000000000000e+00
0.000000000000000e+00
0.000000000000000e+00
0.000000000000000e+00
0.000000000000000e+00
0.000000000000000e+00
0.000000000000000e+00
0.000000000000000e+00
0.000000000000000e+00
0.000000000000000e+00
0.000000000000000e+00
0.000000000000000e+00
0.000000000000000e+00
0.000000000000000e+00
0.000000000000000e+00
0.000000000000000e+00
0.000000000000000e+00
0.000000000000000e+00
0.000000000000000e+00
0.000000000000000e+00
0.000000000000000e+00
0.000000000000000e+00
0.000000000000000e+00
0.000000000000000e+00
0.000000000000000e+00
0.000000000000000e+00
0.000000000000000e+00
0.000000000000000e+00
0.000000000000000e+00
0.000000000000000e+00
0.000000000000000e+00
0.000000000000000e+00
0.000000000000000e+00
0.000000000000000e+00
0.000000000000000e+00
0.000000000000000e+00
0.000000000000000e+00
0.000000000000000e+00
0.000000000000000e+00
0.000000000000000e+00
0.000000000000000e+00
0.000000000000000e+00
0.000000000000000e+00
0.000000000000000e+00
0.000000000000000e+00
0.000000000000000e+00
0.000000000000000e+00
0.000000000000000e+00
0.000000000000000e+00
0.000000000000000e+00
0.000000000000000e+00
0.000000000000000e+00
0.000000000000000e+00
0.000000000000000e+00
0.000000000000000e+00
0.000000000000000e+00
0.000000000000000e+00
0.000000000000000e+00
0.000000000000000e+00
0.000000000000000e+00
0.000000000000000e+00
0.000000000000000e+00
0.000000000000000e+00
0.000000000000000e+00
0.000000000000000e+00
0.000000000000000e+00
0.000000000000000e+00
0.000000000000000e+00
0.000000000000000e+00
0.000000000000000e+00
0.000000000000000e+00
0.000000000000000e+00
0.000000000000000e+00
0.000000000000000e+00
0.000000000000000e+00
0.000000000000000e+00
0.000000000000000e+00
0.000000000000000e+00
0.000000000000000e+00
0.000000000000000e+00
0.000000000000000e+00
0.000000000000000e+00
0.000000000000000e+00
0.000000000000000e+00
0.000000000000000e+00
0.000000000000000e+00
0.000000000000000e+00
0.000000000000000e+00
0.000000000000000e+00
0.000000000000000e+00
0.000000000000000e+00
0.000000000000000e+00
0.000000000000000e+00
0.000000000000000e+00
0.000000000000000e+00
0.000000000000000e+00
0.000000000000000e+00
0.000000000000000e+00
0.000000000000000e+00
0.000000000000000e+00
0.000000000000000e+00
0.000000000000000e+00
0.000000000000000e+00
0.000000000000000e+00
0.000000000000000e+00
0.000000000000000e+00
0.000000000000000e+00
0.000000000000000e+00
0.000000000000000e+00
0.000000000000000e+00
0.000000000000000e+00
0.000000000000000e+00
0.000000000000000e+00
0.000000000000000e+00
0.000000000000000e+00
0.000000000000000e+00
0.000000000000000e+00
0.000000000000000e+00
0.000000000000000e+00
0.000000000000000e+00
0.000000000000000e+00
0.000000000000000e+00
0.000000000000000e+00
0.000000000000000e+00
0.000000000000000e+00
0.000000000000000e+00
0.000000000000000e+00
0.000000000000000e+00
0.000000000000000e+00
0.000000000000000e+00
0.000000000000000e+00
0.000000000000000e+00
0.000000000000000e+00
0.000000000000000e+00
0.000000000000000e+00
0.000000000000000e+00
0.000000000000000e+00
0.000000000000000e+00
0.000000000000000e+00
0.000000000000000e+00
0.000000000000000e+00
0.000000000000000e+00
0.000000000000000e+00
0.000000000000000e+00
0.000000000000000e+00
0.000000000000000e+00
0.000000000000000e+00
0.000000000000000e+00
0.000000000000000e+00
0.000000000000000e+00
0.000000000000000e+00
0.000000000000000e+00
0.000000000000000e+00
0.000000000000000e+00
0.000000000000000e+00
0.000000000000000e+00
0.000000000000000e+00
0.000000000000000e+00
0.000000000000000e+00
0.000000000000000e+00
0.000000000000000e+00
0.000000000000000e+00
0.000000000000000e+00
0.000000000000000e+00
0.000000000000000e+00
0.000000000000000e+00
0.000000000000000e+00
0.000000000000000e+00
0.000000000000000e+00
0.000000000000000e+00
0.000000000000000e+00
0.000000000000000e+00
0.000000000000000e+00
0.000000000000000e+00
0.000000000000000e+00
0.000000000000000e+00
0.000000000000000e+00
0.000000000000000e+00
0.000000000000000e+00
0.000000000000000e+00
0.000000000000000e+00
0.000000000000000e+00
0.000000000000000e+00
0.000000000000000e+00
0.000000000000000e+00
0.000000000000000e+00
0.000000000000000e+00
0.000000000000000e+00
0.000000000000000e+00
0.000000000000000e+00
0.000000000000000e+00
0.000000000000000e+00
0.000000000000000e+00
0.000000000000000e+00
0.000000000000000e+00
0.000000000000000e+00
0.000000000000000e+00
0.000000000000000e+00
0.000000000000000e+00
0.000000000000000e+00
0.000000000000000e+00
0.000000000000000e+00
0.000000000000000e+00
0.000000000000000e+00
0.000000000000000e+00
0.000000000000000e+00
0.000000000000000e+00
0.000000000000000e+00
0.000000000000000e+00
0.000000000000000e+00
0.000000000000000e+00
0.000000000000000e+00
0.000000000000000e+00
0.000000000000000e+00
0.000000000000000e+00
0.000000000000000e+00
0.000000000000000e+00
0.000000000000000e+00
0.000000000000000e+00
0.000000000000000e+00
0.000000000000000e+00
0.000000000000000e+00
0.000000000000000e+00
0.000000000000000e+00
0.000000000000000e+00
0.000000000000000e+00
0.000000000000000e+00
0.000000000000000e+00
0.000000000000000e+00
0.000000000000000e+00
0.000000000000000e+00
0.000000000000000e+00
0.000000000000000e+00
0.000000000000000e+00
0.000000000000000e+00
0.000000000000000e+00
0.000000000000000e+00
0.000000000000000e+00
0.000000000000000e+00
0.000000000000000e+00
0.000000000000000e+00
0.000000000000000e+00
0.000000000000000e+00
0.000000000000000e+00
0.000000000000000e+00
0.000000000000000e+00
0.000000000000000e+00
0.000000000000000e+00
0.000000000000000e+00
0.000000000000000e+00
0.000000000000000e+00
0.000000000000000e+00
0.000000000000000e+00
0.000000000000000e+00
0.000000000000000e+00
0.000000000000000e+00
0.000000000000000e+00
0.000000000000000e+00
0.000000000000000e+00
0.000000000000000e+00
0.000000000000000e+00
0.000000000000000e+00
0.000000000000000e+00
0.000000000000000e+00
0.000000000000000e+00
0.000000000000000e+00
0.000000000000000e+00
0.000000000000000e+00
0.000000000000000e+00
0.000000000000000e+00
0.000000000000000e+00
0.000000000000000e+00
0.000000000000000e+00
0.000000000000000e+00
0.000000000000000e+00
0.000000000000000e+00
0.000000000000000e+00
0.000000000000000e+00
0.000000000000000e+00
0.000000000000000e+00
0.000000000000000e+00
0.000000000000000e+00
0.000000000000000e+00
0.000000000000000e+00
0.000000000000000e+00
0.000000000000000e+00
0.000000000000000e+00
0.000000000000000e+00
0.000000000000000e+00
0.000000000000000e+00
0.000000000000000e+00
0.000000000000000e+00
0.000000000000000e+00
0.000000000000000e+00
0.000000000000000e+00
0.000000000000000e+00
0.000000000000000e+00
0.000000000000000e+00
0.000000000000000e+00
0.000000000000000e+00
0.000000000000000e+00
0.000000000000000e+00
0.000000000000000e+00
0.000000000000000e+00
0.000000000000000e+00
0.000000000000000e+00
0.000000000000000e+00
0.000000000000000e+00
0.000000000000000e+00
0.000000000000000e+00
0.000000000000000e+00
0.000000000000000e+00
0.000000000000000e+00
0.000000000000000e+00
0.000000000000000e+00
0.000000000000000e+00
0.000000000000000e+00
0.000000000000000e+00
0.000000000000000e+00
0.000000000000000e+00
0.000000000000000e+00
0.000000000000000e+00
0.000000000000000e+00
0.000000000000000e+00
0.000000000000000e+00
0.000000000000000e+00
0.000000000000000e+00
0.000000000000000e+00
0.000000000000000e+00
0.000000000000000e+00
0.000000000000000e+00
0.000000000000000e+00
0.000000000000000e+00
0.000000000000000e+00
0.000000000000000e+00
0.000000000000000e+00
0.000000000000000e+00
0.000000000000000e+00
0.000000000000000e+00
0.000000000000000e+00
0.000000000000000e+00
0.000000000000000e+00
0.000000000000000e+00
0.000000000000000e+00
0.000000000000000e+00
0.000000000000000e+00
0.000000000000000e+00
0.000000000000000e+00
0.000000000000000e+00
0.000000000000000e+00
0.000000000000000e+00
0.000000000000000e+00
0.000000000000000e+00
0.000000000000000e+00
0.000000000000000e+00
0.000000000000000e+00
0.000000000000000e+00
0.000000000000000e+00
0.000000000000000e+00
0.000000000000000e+00
0.000000000000000e+00
0.000000000000000e+00
0.000000000000000e+00
0.000000000000000e+00
0.000000000000000e+00
0.000000000000000e+00
0.000000000000000e+00
0.000000000000000e+00
0.000000000000000e+00
0.000000000000000e+00
0.000000000000000e+00
0.000000000000000e+00
0.000000000000000e+00
0.000000000000000e+00
0.000000000000000e+00
0.000000000000000e+00
0.000000000000000e+00
0.000000000000000e+00
0.000000000000000e+00
0.000000000000000e+00
0.000000000000000e+00
0.000000000000000e+00
0.000000000000000e+00
0.000000000000000e+00
0.000000000000000e+00
0.000000000000000e+00
0.000000000000000e+00
0.000000000000000e+00
0.000000000000000e+00
0.000000000000000e+00
0.000000000000000e+00
0.000000000000000e+00
0.000000000000000e+00
0.000000000000000e+00
0.000000000000000e+00
0.000000000000000e+00
0.000000000000000e+00
0.000000000000000e+00
0.000000000000000e+00
0.000000000000000e+00
0.000000000000000e+00
0.000000000000000e+00
0.000000000000000e+00
0.000000000000000e+00
0.000000000000000e+00
0.000000000000000e+00
0.000000000000000e+00
0.000000000000000e+00
0.000000000000000e+00
0.000000000000000e+00
0.000000000000000e+00
0.000000000000000e+00
0.000000000000000e+00
0.000000000000000e+00
0.000000000000000e+00
0.000000000000000e+00
0.000000000000000e+00
0.000000000000000e+00
0.000000000000000e+00
0.000000000000000e+00
0.000000000000000e+00
0.000000000000000e+00
0.000000000000000e+00
0.000000000000000e+00
0.000000000000000e+00
0.000000000000000e+00
0.000000000000000e+00
0.000000000000000e+00
0.000000000000000e+00
0.000000000000000e+00
0.000000000000000e+00
0.000000000000000e+00
0.000000000000000e+00
0.000000000000000e+00
0.000000000000000e+00
0.000000000000000e+00
0.000000000000000e+00
0.000000000000000e+00
0.000000000000000e+00
0.000000000000000e+00
0.000000000000000e+00
0.000000000000000e+00
0.000000000000000e+00
0.000000000000000e+00
0.000000000000000e+00
0.000000000000000e+00
0.000000000000000e+00
0.000000000000000e+00
0.000000000000000e+00
0.000000000000000e+00
0.000000000000000e+00
0.000000000000000e+00
0.000000000000000e+00
0.000000000000000e+00
0.000000000000000e+00
0.000000000000000e+00
0.000000000000000e+00
0.000000000000000e+00
0.000000000000000e+00
0.000000000000000e+00
0.000000000000000e+00
0.000000000000000e+00
0.000000000000000e+00
0.000000000000000e+00
0.000000000000000e+00
0.000000000000000e+00
0.000000000000000e+00
0.000000000000000e+00
0.000000000000000e+00
0.000000000000000e+00
0.000000000000000e+00
0.000000000000000e+00
0.000000000000000e+00
0.000000000000000e+00
0.000000000000000e+00
0.000000000000000e+00
0.000000000000000e+00
0.000000000000000e+00
0.000000000000000e+00
0.000000000000000e+00
0.000000000000000e+00
0.000000000000000e+00
0.000000000000000e+00
0.000000000000000e+00
0.000000000000000e+00
0.000000000000000e+00
0.000000000000000e+00
0.000000000000000e+00
0.000000000000000e+00
0.000000000000000e+00
0.000000000000000e+00
0.000000000000000e+00
0.000000000000000e+00
0.000000000000000e+00
0.000000000000000e+00
0.000000000000000e+00
0.000000000000000e+00
0.000000000000000e+00
0.000000000000000e+00
0.000000000000000e+00
0.000000000000000e+00
0.000000000000000e+00
0.000000000000000e+00
0.000000000000000e+00
0.000000000000000e+00
0.000000000000000e+00
0.000000000000000e+00
0.000000000000000e+00
0.000000000000000e+00
0.000000000000000e+00
0.000000000000000e+00
0.000000000000000e+00
0.000000000000000e+00
0.000000000000000e+00
0.000000000000000e+00
0.000000000000000e+00
0.000000000000000e+00
0.000000000000000e+00
0.000000000000000e+00
0.000000000000000e+00
0.000000000000000e+00
0.000000000000000e+00
0.000000000000000e+00
0.000000000000000e+00
0.000000000000000e+00
0.000000000000000e+00
0.000000000000000e+00
0.000000000000000e+00
0.000000000000000e+00
0.000000000000000e+00
0.000000000000000e+00
0.000000000000000e+00
0.000000000000000e+00
0.000000000000000e+00
0.000000000000000e+00
0.000000000000000e+00
0.000000000000000e+00
0.000000000000000e+00
0.000000000000000e+00
0.000000000000000e+00
0.000000000000000e+00
0.000000000000000e+00
0.000000000000000e+00
0.000000000000000e+00
0.000000000000000e+00
0.000000000000000e+00
0.000000000000000e+00
0.000000000000000e+00
0.000000000000000e+00
0.000000000000000e+00
0.000000000000000e+00
0.000000000000000e+00
0.000000000000000e+00
0.000000000000000e+00
0.000000000000000e+00
0.000000000000000e+00
0.000000000000000e+00
0.000000000000000e+00
0.000000000000000e+00
0.000000000000000e+00
0.000000000000000e+00
0.000000000000000e+00
0.000000000000000e+00
0.000000000000000e+00
0.000000000000000e+00
0.000000000000000e+00
0.000000000000000e+00
0.000000000000000e+00
0.000000000000000e+00
0.000000000000000e+00
0.000000000000000e+00
0.000000000000000e+00
0.000000000000000e+00
0.000000000000000e+00
0.000000000000000e+00
0.000000000000000e+00
0.000000000000000e+00
0.000000000000000e+00
0.000000000000000e+00
0.000000000000000e+00
0.000000000000000e+00
0.000000000000000e+00
0.000000000000000e+00
0.000000000000000e+00
0.000000000000000e+00
0.000000000000000e+00
0.000000000000000e+00
0.000000000000000e+00
0.000000000000000e+00
0.000000000000000e+00
0.000000000000000e+00
0.000000000000000e+00
0.000000000000000e+00
0.000000000000000e+00
0.000000000000000e+00
0.000000000000000e+00
0.000000000000000e+00
0.000000000000000e+00
0.000000000000000e+00
0.000000000000000e+00
0.000000000000000e+00
0.000000000000000e+00
0.000000000000000e+00
0.000000000000000e+00
0.000000000000000e+00
0.000000000000000e+00
0.000000000000000e+00
0.000000000000000e+00
0.000000000000000e+00
0.000000000000000e+00
0.000000000000000e+00
0.000000000000000e+00
0.000000000000000e+00
0.000000000000000e+00
0.000000000000000e+00
0.000000000000000e+00
0.000000000000000e+00
0.000000000000000e+00
0.000000000000000e+00
0.000000000000000e+00
0.000000000000000e+00
0.000000000000000e+00
0.000000000000000e+00
0.000000000000000e+00
0.000000000000000e+00
0.000000000000000e+00
0.000000000000000e+00
0.000000000000000e+00
0.000000000000000e+00
0.000000000000000e+00
0.000000000000000e+00
0.000000000000000e+00
0.000000000000000e+00
0.000000000000000e+00
0.000000000000000e+00
0.000000000000000e+00
0.000000000000000e+00
0.000000000000000e+00
0.000000000000000e+00
0.000000000000000e+00
0.000000000000000e+00
0.000000000000000e+00
0.000000000000000e+00
0.000000000000000e+00
0.000000000000000e+00
0.000000000000000e+00
0.000000000000000e+00
0.000000000000000e+00
0.000000000000000e+00
0.000000000000000e+00
0.000000000000000e+00
0.000000000000000e+00
0.000000000000000e+00
0.000000000000000e+00
0.000000000000000e+00
0.000000000000000e+00
0.000000000000000e+00
0.000000000000000e+00
0.000000000000000e+00
0.000000000000000e+00
0.000000000000000e+00
0.000000000000000e+00
0.000000000000000e+00
0.000000000000000e+00
0.000000000000000e+00
0.000000000000000e+00
0.000000000000000e+00
0.000000000000000e+00
0.000000000000000e+00
0.000000000000000e+00
0.000000000000000e+00
0.000000000000000e+00
0.000000000000000e+00
0.000000000000000e+00
0.000000000000000e+00
0.000000000000000e+00
0.000000000000000e+00
0.000000000000000e+00
0.000000000000000e+00
0.000000000000000e+00
0.000000000000000e+00
0.000000000000000e+00
0.000000000000000e+00
0.000000000000000e+00
0.000000000000000e+00
0.000000000000000e+00
0.000000000000000e+00
end_node_model

begin_node_model "SurfaceArea"
BUILTIN
end_node_model

begin_node_model "coordinate_index"
DATAPARENT "x"
end_node_model

begin_node_model "node_index"
DATAPARENT "x"
end_node_model

begin_node_model "x"
BUILTIN
end_node_model

begin_node_model "y"
DATAPARENT "x"
end_node_model

begin_node_model "z"
DATAPARENT "x"
end_node_model

begin_edge_model "CylindricalEdgeCouple"
DATAPARENT "ElementCylindricalEdgeCouple"
end_edge_model

begin_edge_model "CylindricalEdgeNodeVolume@n0"
DATAPARENT "ElementCylindricalNodeVolume@en0"
end_edge_model

begin_edge_model "CylindricalEdgeNodeVolume@n1"
DATAPARENT "CylindricalEdgeNodeVolume@n0"
end_edge_model

begin_edge_model "EdgeCouple"
BUILTIN
end_edge_model

begin_edge_model "EdgeInverseLength"
BUILTIN
end_edge_model

begin_edge_model "EdgeLength"
BUILTIN
end_edge_model

begin_edge_model "EdgeNodeVolume"
BUILTIN
end_edge_model

begin_edge_model "ElectricField"
COMMAND edge_model -device "MoS2_GAA" -region "CoreOxide" -name "ElectricField" -equation "((Potential@n0 - Potential@n1) * EdgeInverseLength);" -display_type "scalar"
end_edge_model

begin_edge_model "ElectricField:Potential@n0"
COMMAND edge_model -device "MoS2_GAA" -region "CoreOxide" -name "ElectricField:Potential@n0" -equation "EdgeInverseLength;" -display_type "scalar"
end_edge_model

begin_edge_model "ElectricField:Potential@n1"
COMMAND edge_model -device "MoS2_GAA" -region "CoreOxide" -name "ElectricField:Potential@n1" -equation "(-EdgeInverseLength);" -display_type "scalar"
end_edge_model

begin_edge_model "Potential@n0"
COMMAND edge_from_node_model -device "MoS2_GAA" -region "CoreOxide" -node_model "Potential"
end_edge_model

begin_edge_model "Potential@n1"
DATAPARENT "Potential@n0"
end_edge_model

begin_edge_model "PotentialEdgeFlux"
COMMAND edge_model -device "MoS2_GAA" -region "CoreOxide" -name "PotentialEdgeFlux" -equation "(Permittivity * ElectricField);" -display_type "scalar"
end_edge_model

begin_edge_model "PotentialEdgeFlux:Potential@n0"
COMMAND edge_model -device "MoS2_GAA" -region "CoreOxide" -name "PotentialEdgeFlux:Potential@n0" -equation "(Permittivity * EdgeInverseLength);" -display_type "scalar"
end_edge_model

begin_edge_model "PotentialEdgeFlux:Potential@n1"
COMMAND edge_model -device "MoS2_GAA" -region "CoreOxide" -name "PotentialEdgeFlux:Potential@n1" -equation "(-Permittivity * EdgeInverseLength);" -display_type "scalar"
end_edge_model

begin_edge_model "edge_index"
BUILTIN
end_edge_model

begin_edge_model "unitx"
BUILTIN
end_edge_model

begin_edge_model "unity"
DATAPARENT "unitx"
end_edge_model

begin_triangle_edge_model "ElectricFieldMagnitude"
COMMAND element_model -device "MoS2_GAA" -region "CoreOxide" -name "ElectricFieldMagnitude" -equation "pow((pow(ElectricField_x,2) + pow(ElectricField_y,2)),5.000000000000000e-01);"
end_triangle_edge_model

begin_triangle_edge_model "ElectricField_x"
COMMAND element_from_edge_model -device "MoS2_GAA" -region "CoreOxide" -edge_model "ElectricField"
end_triangle_edge_model

begin_triangle_edge_model "ElectricField_y"
DATAPARENT "ElectricField_x"
end_triangle_edge_model

begin_triangle_edge_model "ElementCylindricalEdgeCouple"
COMMAND element_cylindrical_edge_couple -device "MoS2_GAA" -region "CoreOxide"
end_triangle_edge_model

begin_triangle_edge_model "ElementCylindricalNodeVolume@en0"
COMMAND element_cylindrical_node_volume -device "MoS2_GAA" -region "CoreOxide"
end_triangle_edge_model

begin_triangle_edge_model "ElementCylindricalNodeVolume@en1"
DATAPARENT "ElementCylindricalNodeVolume@en0"
end_triangle_edge_model

begin_triangle_edge_model "ElementEdgeCouple"
BUILTIN
end_triangle_edge_model

begin_triangle_edge_model "ElementNodeVolume"
BUILTIN
end_triangle_edge_model

begin_equation "PotentialEquation"
COMMAND equation -device "MoS2_GAA" -region "CoreOxide" -name "PotentialEquation" -variable_name "Potential" -variable_update "log_damp" -node_model "" -edge_model "PotentialEdgeFlux" -edge_volume_model "" -element_model "" -volume_node0_model "" -volume_node1_model "" -time_node_model ""
end_equation

end_region

begin_region "GateMetal" "Metal"
begin_nodes
3723
3724
3774
3775
3725
3776
3726
3777
3727
3778
3728
3779
3729
3780
3730
3781
3731
3782
3732
3783
3733
3784
3734
3785
3735
3786
3736
3787
3737
3788
3738
3789
3739
3790
3740
3791
3741
3792
3742
3793
3743
3794
3744
3795
3745
3796
3746
3797
3747
3798
3748
3799
3749
3800
3750
3801
3751
3802
3752
3803
3753
3804
3754
3805
3755
3806
3756
3807
3757
3808
3758
3809
3759
3810
3760
3811
3761
3812
3762
3813
3763
3814
3764
3815
3765
3816
3766
3817
3767
3818
3768
3819
3769
3820
3770
3821
3771
3822
3772
3823
3773
3824
3825
3826
3827
3828
3829
3830
3831
3832
3833
3834
3835
3836
3837
3838
3839
3840
3841
3842
3843
3844
3845
3846
3847
3848
3849
3850
3851
3852
3853
3854
3855
3856
3857
3858
3859
3860
3861
3862
3863
3864
3865
3866
3867
3868
3869
3870
3871
3872
3873
3874
3875
3876
3877
3878
3879
3880
3881
3882
3883
3884
3885
3886
3887
3888
3889
3890
3891
3892
3893
3894
3895
3896
3897
3898
3899
3900
3901
3902
3903
3904
3905
3906
3907
3908
3909
3910
3911
3912
3913
3914
3915
3916
3917
3918
3919
3920
3921
3922
3923
3924
3925
3926
3927
3928
3929
3930
3931
3932
3933
3934
3935
3936
3937
3938
3939
3940
3941
3942
3943
3944
3945
3946
3947
3948
3949
3950
3951
3952
3953
3954
3955
3956
3957
3958
3959
3960
3961
3962
3963
3964
3965
3966
3967
3968
3969
3970
3971
3972
3973
3974
3975
3976
3977
end_nodes

begin_triangles
0	1	2
1	2	3
1	3	4
2	3	102
3	4	5
3	5	103
3	102	103
4	5	6
5	6	7
5	7	104
5	103	104
6	7	8
7	8	9
7	9	105
7	104	105
8	9	10
9	10	11
9	11	106
9	105	106
10	11	12
11	12	13
11	13	107
11	106	107
12	13	14
13	14	15
13	15	108
13	107	108
14	15	16
15	16	17
15	17	109
15	108	109
16	17	18
17	18	19
17	19	110
17	109	110
18	19	20
19	20	21
19	21	111
19	110	111
20	21	22
21	22	23
21	23	112
21	111	112
22	23	24
23	24	25
23	25	113
23	112	113
24	25	26
25	26	27
25	27	114
25	113	114
26	27	28
27	28	29
27	29	115
27	114	115
28	29	30
29	30	31
29	31	116
29	115	116
30	31	32
31	32	33
31	33	117
31	116	117
32	33	34
33	34	35
33	35	118
33	117	118
34	35	36
35	36	37
35	37	119
35	118	119
36	37	38
37	38	39
37	39	120
37	119	120
38	39	40
39	40	41
39	41	121
39	120	121
40	41	42
41	42	43
41	43	122
41	121	122
42	43	44
43	44	45
43	45	123
43	122	123
44	45	46
45	46	47
45	47	124
45	123	124
46	47	48
47	48	49
47	49	125
47	124	125
48	49	50
49	50	51
49	51	126
49	125	126
50	51	52
51	52	53
51	53	127
51	126	127
52	53	54
53	54	55
53	55	128
53	127	128
54	55	56
55	56	57
55	57	129
55	128	129
56	57	58
57	58	59
57	59	130
57	129	130
58	59	60
59	60	61
59	61	131
59	130	131
60	61	62
61	62	63
61	63	132
61	131	132
62	63	64
63	64	65
63	65	133
63	132	133
64	65	66
65	66	67
65	67	134
65	133	134
66	67	68
67	68	69
67	69	135
67	134	135
68	69	70
69	70	71
69	71	136
69	135	136
70	71	72
71	72	73
71	73	137
71	136	137
72	73	74
73	74	75
73	75	138
73	137	138
74	75	76
75	76	77
75	77	139
75	138	139
76	77	78
77	78	79
77	79	140
77	139	140
78	79	80
79	80	81
79	81	141
79	140	141
80	81	82
81	82	83
81	83	142
81	141	142
82	83	84
83	84	85
83	85	143
83	142	143
84	85	86
85	86	87
85	87	144
85	143	144
86	87	88
87	88	89
87	89	145
87	144	145
88	89	90
89	90	91
89	91	146
89	145	146
90	91	92
91	92	93
91	93	147
91	146	147
92	93	94
93	94	95
93	95	148
93	147	148
94	95	96
95	96	97
95	97	149
95	148	149
96	97	98
97	98	99
97	99	150
97	149	150
98	99	100
99	100	101
99	101	151
99	150	151
101	151	152
102	103	153
103	104	154
103	153	154
104	105	155
104	154	155
105	106	156
105	155	156
106	107	157
106	156	157
107	108	158
107	157	158
108	109	159
108	158	159
109	110	160
109	159	160
110	111	161
110	160	161
111	112	162
111	161	162
112	113	163
112	162	163
113	114	164
113	163	164
114	115	165
114	164	165
115	116	166
115	165	166
116	117	167
116	166	167
117	118	168
117	167	168
118	119	169
118	168	169
119	120	170
119	169	170
120	121	171
120	170	171
121	122	172
121	171	172
122	123	173
122	172	173
123	124	174
123	173	174
124	125	175
124	174	175
125	126	176
125	175	176
126	127	177
126	176	177
127	128	178
127	177	178
128	129	179
128	178	179
129	130	180
129	179	180
130	131	181
130	180	181
131	132	182
131	181	182
132	133	183
132	182	183
133	134	184
133	183	184
134	135	185
134	184	185
135	136	186
135	185	186
136	137	187
136	186	187
137	138	188
137	187	188
138	139	189
138	188	189
139	140	190
139	189	190
140	141	191
140	190	191
141	142	192
141	191	192
142	143	193
142	192	193
143	144	194
143	193	194
144	145	195
144	194	195
145	146	196
145	195	196
146	147	197
146	196	197
147	148	198
147	197	198
148	149	199
148	198	199
149	150	200
149	199	200
150	151	201
150	200	201
151	152	202
151	201	202
152	202	203
153	154	204
154	155	205
154	204	205
155	156	206
155	205	206
156	157	207
156	206	207
157	158	208
157	207	208
158	159	209
158	208	209
159	160	210
159	209	210
160	161	211
160	210	211
161	162	212
161	211	212
162	163	213
162	212	213
163	164	214
163	213	214
164	165	215
164	214	215
165	166	216
165	215	216
166	167	217
166	216	217
167	168	218
167	217	218
168	169	219
168	218	219
169	170	220
169	219	220
170	171	221
170	220	221
171	172	222
171	221	222
172	173	223
172	222	223
173	174	224
173	223	224
174	175	225
174	224	225
175	176	226
175	225	226
176	177	227
176	226	227
177	178	228
177	227	228
178	179	229
178	228	229
179	180	230
179	229	230
180	181	231
180	230	231
181	182	232
181	231	232
182	183	233
182	232	233
183	184	234
183	233	234
184	185	235
184	234	235
185	186	236
185	235	236
186	187	237
186	236	237
187	188	238
187	237	238
188	189	239
188	238	239
189	190	240
189	239	240
190	191	241
190	240	241
191	192	242
191	241	242
192	193	243
192	242	243
193	194	244
193	243	244
194	195	245
194	244	245
195	196	246
195	245	246
196	197	247
196	246	247
197	198	248
197	247	248
198	199	249
198	248	249
199	200	250
199	249	250
200	201	251
200	250	251
201	202	252
201	251	252
202	203	253
202	252	253
203	253	254
end_triangles

begin_node_model "AtContactNode"
BUILTIN
end_node_model

begin_node_model "ContactNSurfaceNormal_x"
DATAPARENT "SurfaceArea"
end_node_model

begin_node_model "ContactNSurfaceNormal_y"
DATAPARENT "SurfaceArea"
end_node_model

begin_node_model "ContactSurfaceArea"
DATAPARENT "SurfaceArea"
end_node_model

begin_node_model "NSurfaceNormal_x"
DATAPARENT "SurfaceArea"
end_node_model

begin_node_model "NSurfaceNormal_y"
DATAPARENT "SurfaceArea"
end_node_model

begin_node_model "NodeVolume"
BUILTIN
end_node_model

begin_node_model "SurfaceArea"
BUILTIN
end_node_model

begin_node_model "coordinate_index"
DATAPARENT "x"
end_node_model

begin_node_model "node_index"
DATAPARENT "x"
end_node_model

begin_node_model "x"
BUILTIN
end_node_model

begin_node_model "y"
DATAPARENT "x"
end_node_model

begin_node_model "z"
DATAPARENT "x"
end_node_model

begin_edge_model "EdgeCouple"
BUILTIN
end_edge_model

begin_edge_model "EdgeInverseLength"
BUILTIN
end_edge_model

begin_edge_model "EdgeLength"
BUILTIN
end_edge_model

begin_edge_model "EdgeNodeVolume"
BUILTIN
end_edge_model

begin_edge_model "edge_index"
BUILTIN
end_edge_model

begin_edge_model "unitx"
BUILTIN
end_edge_model

begin_edge_model "unity"
DATAPARENT "unitx"
end_edge_model

begin_triangle_edge_model "ElementEdgeCouple"
BUILTIN
end_triangle_edge_model

begin_triangle_edge_model "ElementNodeVolume"
BUILTIN
end_triangle_edge_model

end_region

begin_region "MoS2" "MoS2"
begin_nodes
714
715
765
766
716
767
717
768
718
769
719
770
720
771
721
772
722
773
723
774
724
775
725
776
726
777
727
778
728
779
729
780
730
781
731
782
732
783
733
784
734
785
735
786
736
787
737
788
738
789
739
790
740
791
741
792
742
793
743
794
744
795
745
796
746
797
747
798
748
799
749
800
750
801
751
802
752
803
753
804
754
805
755
806
756
807
757
808
758
809
759
810
760
811
761
812
762
813
763
814
764
815
816
817
818
819
820
821
822
823
824
825
826
827
828
829
830
831
832
833
834
835
836
837
838
839
840
841
842
843
844
845
846
847
848
849
850
851
852
853
854
855
856
857
858
859
860
861
862
863
864
865
866
867
868
869
870
871
872
873
874
875
876
877
878
879
880
881
882
883
884
885
886
887
888
889
890
891
892
893
894
895
896
897
898
899
900
901
902
903
904
905
906
907
908
909
910
911
912
913
914
915
916
917
918
919
920
921
922
923
924
925
926
927
928
929
930
931
932
933
934
935
936
937
938
939
940
941
942
943
944
945
946
947
948
949
950
951
952
953
954
955
956
957
958
959
960
961
962
963
964
965
966
967
968
969
970
971
972
973
974
975
976
977
978
979
980
981
982
983
984
985
986
987
988
989
990
991
992
993
994
995
996
997
998
999
1000
1001
1002
1003
1004
1005
1006
1007
1008
1009
1010
1011
1012
1013
1014
1015
1016
1017
1018
1019
1020
1021
1022
1023
1024
1025
1026
1027
1028
1029
1030
1031
1032
1033
1034
1035
1036
1037
1038
1039
1040
1041
1042
1043
1044
1045
1046
1047
1048
1049
1050
1051
1052
1053
1054
1055
1056
1057
1058
1059
1060
1061
1062
1063
1064
1065
1066
1067
1068
1069
1070
1071
1072
1073
1074
1075
1076
1077
1078
1079
1080
1081
1082
1083
1084
1085
1086
1087
1088
1089
1090
1091
1092
1093
1094
1095
1096
1097
1098
1099
1100
1101
1102
1103
1104
1105
1106
1107
1108
1109
1110
1111
1112
1113
1114
1115
1116
1117
1118
1119
1120
1121
end_nodes

begin_triangles
0	1	2
1	2	3
1	3	4
2	3	102
3	4	5
3	5	103
3	102	103
4	5	6
5	6	7
5	7	104
5	103	104
6	7	8
7	8	9
7	9	105
7	104	105
8	9	10
9	10	11
9	11	106
9	105	106
10	11	12
11	12	13
11	13	107
11	106	107
12	13	14
13	14	15
13	15	108
13	107	108
14	15	16
15	16	17
15	17	109
15	108	109
16	17	18
17	18	19
17	19	110
17	109	110
18	19	20
19	20	21
19	21	111
19	110	111
20	21	22
21	22	23
21	23	112
21	111	112
22	23	24
23	24	25
23	25	113
23	112	113
24	25	26
25	26	27
25	27	114
25	113	114
26	27	28
27	28	29
27	29	115
27	114	115
28	29	30
29	30	31
29	31	116
29	115	116
30	31	32
31	32	33
31	33	117
31	116	117
32	33	34
33	34	35
33	35	118
33	117	118
34	35	36
35	36	37
35	37	119
35	118	119
36	37	38
37	38	39
37	39	120
37	119	120
38	39	40
39	40	41
39	41	121
39	120	121
40	41	42
41	42	43
41	43	122
41	121	122
42	43	44
43	44	45
43	45	123
43	122	123
44	45	46
45	46	47
45	47	124
45	123	124
46	47	48
47	48	49
47	49	125
47	124	125
48	49	50
49	50	51
49	51	126
49	125	126
50	51	52
51	52	53
51	53	127
51	126	127
52	53	54
53	54	55
53	55	128
53	127	128
54	55	56
55	56	57
55	57	129
55	128	129
56	57	58
57	58	59
57	59	130
57	129	130
58	59	60
59	60	61
59	61	131
59	130	131
60	61	62
61	62	63
61	63	132
61	131	132
62	63	64
63	64	65
63	65	133
63	132	133
64	65	66
65	66	67
65	67	134
65	133	134
66	67	68
67	68	69
67	69	135
67	134	135
68	69	70
69	70	71
69	71	136
69	135	136
70	71	72
71	72	73
71	73	137
71	136	137
72	73	74
73	74	75
73	75	138
73	137	138
74	75	76
75	76	77
75	77	139
75	138	139
76	77	78
77	78	79
77	79	140
77	139	140
78	79	80
79	80	81
79	81	141
79	140	141
80	81	82
81	82	83
81	83	142
81	141	142
82	83	84
83	84	85
83	85	143
83	142	143
84	85	86
85	86	87
85	87	144
85	143	144
86	87	88
87	88	89
87	89	145
87	144	145
88	89	90
89	90	91
89	91	146
89	145	146
90	91	92
91	92	93
91	93	147
91	146	147
92	93	94
93	94	95
93	95	148
93	147	148
94	95	96
95	96	97
95	97	149
95	148	149
96	97	98
97	98	99
97	99	150
97	149	150
98	99	100
99	100	101
99	101	151
99	150	151
101	151	152
102	103	153
103	104	154
103	153	154
104	105	155
104	154	155
105	106	156
105	155	156
106	107	157
106	156	157
107	108	158
107	157	158
108	109	159
108	158	159
109	110	160
109	159	160
110	111	161
110	160	161
111	112	162
111	161	162
112	113	163
112	162	163
113	114	164
113	163	164
114	115	165
114	164	165
115	116	166
115	165	166
116	117	167
116	166	167
117	118	168
117	167	168
118	119	169
118	168	169
119	120	170
119	169	170
120	121	171
120	170	171
121	122	172
121	171	172
122	123	173
122	172	173
123	124	174
123	173	174
124	125	175
124	174	175
125	126	176
125	175	176
126	127	177
126	176	177
127	128	178
127	177	178
128	129	179
128	178	179
129	130	180
129	179	180
130	131	181
130	180	181
131	132	182
131	181	182
132	133	183
132	182	183
133	134	184
133	183	184
134	135	185
134	184	185
135	136	186
135	185	186
136	137	187
136	186	187
137	138	188
137	187	188
138	139	189
138	188	189
139	140	190
139	189	190
140	141	191
140	190	191
141	142	192
141	191	192
142	143	193
142	192	193
143	144	194
143	193	194
144	145	195
144	194	195
145	146	196
145	195	196
146	147	197
146	196	197
147	148	198
147	197	198
148	149	199
148	198	199
149	150	200
149	199	200
150	151	201
150	200	201
151	152	202
151	201	202
152	202	203
153	154	204
154	155	205
154	204	205
155	156	206
155	205	206
156	157	207
156	206	207
157	158	208
157	207	208
158	159	209
158	208	209
159	160	210
159	209	210
160	161	211
160	210	211
161	162	212
161	211	212
162	163	213
162	212	213
163	164	214
163	213	214
164	165	215
164	214	215
165	166	216
165	215	216
166	167	217
166	216	217
167	168	218
167	217	218
168	169	219
168	218	219
169	170	220
169	219	220
170	171	221
170	220	221
171	172	222
171	221	222
172	173	223
172	222	223
173	174	224
173	223	224
174	175	225
174	224	225
175	176	226
175	225	226
176	177	227
176	226	227
177	178	228
177	227	228
178	179	229
178	228	229
179	180	230
179	229	230
180	181	231
180	230	231
181	182	232
181	231	232
182	183	233
182	232	233
183	184	234
183	233	234
184	185	235
184	234	235
185	186	236
185	235	236
186	187	237
186	236	237
187	188	238
187	237	238
188	189	239
188	238	239
189	190	240
189	239	240
190	191	241
190	240	241
191	192	242
191	241	242
192	193	243
192	242	243
193	194	244
193	243	244
194	195	245
194	244	245
195	196	246
195	245	246
196	197	247
196	246	247
197	198	248
197	247	248
198	199	249
198	248	249
199	200	250
199	249	250
200	201	251
200	250	251
201	202	252
201	251	252
202	203	253
202	252	253
203	253	254
204	205	255
205	206	256
205	255	256
206	207	257
206	256	257
207	208	258
207	257	258
208	209	259
208	258	259
209	210	260
209	259	260
210	211	261
210	260	261
211	212	262
211	261	262
212	213	263
212	262	263
213	214	264
213	263	264
214	215	265
214	264	265
215	216	266
215	265	266
216	217	267
216	266	267
217	218	268
217	267	268
218	219	269
218	268	269
219	220	270
219	269	270
220	221	271
220	270	271
221	222	272
221	271	272
222	223	273
222	272	273
223	224	274
223	273	274
224	225	275
224	274	275
225	226	276
225	275	276
226	227	277
226	276	277
227	228	278
227	277	278
228	229	279
228	278	279
229	230	280
229	279	280
230	231	281
230	280	281
231	232	282
231	281	282
232	233	283
232	282	283
233	234	284
233	283	284
234	235	285
234	284	285
235	236	286
235	285	286
236	237	287
236	286	287
237	238	288
237	287	288
238	239	289
238	288	289
239	240	290
239	289	290
240	241	291
240	290	291
241	242	292
241	291	292
242	243	293
242	292	293
243	244	294
243	293	294
244	245	295
244	294	295
245	246	296
245	295	296
246	247	297
246	296	297
247	248	298
247	297	298
248	249	299
248	298	299
249	250	300
249	299	300
250	251	301
250	300	301
251	252	302
251	301	302
252	253	303
252	302	303
253	254	304
253	303	304
254	304	305
255	256	306
256	257	307
256	306	307
257	258	308
257	307	308
258	259	309
258	308	309
259	260	310
259	309	310
260	261	311
260	310	311
261	262	312
261	311	312
262	263	313
262	312	313
263	264	314
263	313	314
264	265	315
264	314	315
265	266	316
265	315	316
266	267	317
266	316	317
267	268	318
267	317	318
268	269	319
268	318	319
269	270	320
269	319	320
270	271	321
270	320	321
271	272	322
271	321	322
272	273	323
272	322	323
273	274	324
273	323	324
274	275	325
274	324	325
275	276	326
275	325	326
276	277	327
276	326	327
277	278	328
277	327	328
278	279	329
278	328	329
279	280	330
279	329	330
280	281	331
280	330	331
281	282	332
281	331	332
282	283	333
282	332	333
283	284	334
283	333	334
284	285	335
284	334	335
285	286	336
285	335	336
286	287	337
286	336	337
287	288	338
287	337	338
288	289	339
288	338	339
289	290	340
289	339	340
290	291	341
290	340	341
291	292	342
291	341	342
292	293	343
292	342	343
293	294	344
293	343	344
294	295	345
294	344	345
295	296	346
295	345	346
296	297	347
296	346	347
297	298	348
297	347	348
298	299	349
298	348	349
299	300	350
299	349	350
300	301	351
300	350	351
301	302	352
301	351	352
302	303	353
302	352	353
303	304	354
303	353	354
304	305	355
304	354	355
305	355	356
306	307	357
307	308	358
307	357	358
308	309	359
308	358	359
309	310	360
309	359	360
310	311	361
310	360	361
311	312	362
311	361	362
312	313	363
312	362	363
313	314	364
313	363	364
314	315	365
314	364	365
315	316	366
315	365	366
316	317	367
316	366	367
317	318	368
317	367	368
318	319	369
318	368	369
319	320	370
319	369	370
320	321	371
320	370	371
321	322	372
321	371	372
322	323	373
322	372	373
323	324	374
323	373	374
324	325	375
324	374	375
325	326	376
325	375	376
326	327	377
326	376	377
327	328	378
327	377	378
328	329	379
328	378	379
329	330	380
329	379	380
330	331	381
330	380	381
331	332	382
331	381	382
332	333	383
332	382	383
333	334	384
333	383	384
334	335	385
334	384	385
335	336	386
335	385	386
336	337	387
336	386	387
337	338	388
337	387	388
338	339	389
338	388	389
339	340	390
339	389	390
340	341	391
340	390	391
341	342	392
341	391	392
342	343	393
342	392	393
343	344	394
343	393	394
344	345	395
344	394	395
345	346	396
345	395	396
346	347	397
346	396	397
347	348	398
347	397	398
348	349	399
348	398	399
349	350	400
349	399	400
350	351	401
350	400	401
351	352	402
351	401	402
352	353	403
352	402	403
353	354	404
353	403	404
354	355	405
354	404	405
355	356	406
355	405	406
356	406	407
end_triangles

begin_node_model "Acceptors"
COMMAND node_model -device "MoS2_GAA" -region "MoS2" -display_type "scalar" -name "Acceptors" -equation "0;"
end_node_model

begin_node_model "AtContactNode"
BUILTIN
end_node_model

begin_node_model "ContactNSurfaceNormal_x"
DATAPARENT "SurfaceArea"
end_node_model

begin_node_model "ContactNSurfaceNormal_y"
DATAPARENT "SurfaceArea"
end_node_model

begin_node_model "ContactSurfaceArea"
DATAPARENT "SurfaceArea"
end_node_model

begin_node_model "CylindricalNodeVolume"
DATAPARENT "ElementCylindricalNodeVolume@en0"
end_node_model

begin_node_model "CylindricalSurfaceArea"
COMMAND cylindrical_surface_area -device "MoS2_GAA" -region "MoS2"
end_node_model

begin_node_model "Donors"
COMMAND node_model -device "MoS2_GAA" -region "MoS2" -display_type "scalar" -name "Donors" -equation "1e+15;"
end_node_model

begin_node_model "Electrons"
DATA
1.000000000000000e+15
8.269410095240132e+09
1.555706191006248e+14
9.570208301649221e+09
4.285668114087485e+08
3.908708157479350e+08
9.220086123592921e+07
8.416728171913071e+07
3.612168829389645e+07
3.364953266248328e+07
1.908458648207309e+07
1.809056021441773e+07
1.195846365867064e+07
1.148519557626126e+07
8.342940124511350e+06
8.090366258721323e+06
6.261145953566900e+06
6.114647102627336e+06
4.952630563748010e+06
4.861964409443785e+06
4.076408603407875e+06
4.017236695846559e+06
3.461320972274580e+06
3.420923805286411e+06
3.013735561129740e+06
2.985054385101035e+06
2.678866782850253e+06
2.657786062040758e+06
2.422892491654586e+06
2.406909767810741e+06
2.224006682752056e+06
2.211543194586786e+06
2.067644134917367e+06
2.057670136329810e+06
1.943791571191178e+06
1.935614280629907e+06
1.845404493833111e+06
1.838543769260666e+06
1.767439565278196e+06
1.761552662325565e+06
1.706244668112795e+06
1.701079335944754e+06
1.659164887923332e+06
1.654529266181066e+06
1.624283557747586e+06
1.620026248151476e+06
1.600250844208996e+06
1.596247227745656e+06
1.586171367953313e+06
1.582313754249142e+06
1.581533662757742e+06
1.577723718881008e+06
1.586171367953064e+06
1.582313754248894e+06
1.600250844208495e+06
1.596247227745157e+06
1.624283557746827e+06
1.620026248150719e+06
1.659164887922305e+06
1.654529266180042e+06
1.706244668111487e+06
1.701079335943450e+06
1.767439565276587e+06
1.761552662323961e+06
1.845404493831176e+06
1.838543769258738e+06
1.943791571188883e+06
1.935614280627622e+06
2.067644134914667e+06
2.057670136327124e+06
2.224006682748891e+06
2.211543194583639e+06
2.422892491650874e+06
2.406909767807054e+06
2.678866782845882e+06
2.657786062036422e+06
3.013735561124551e+06
2.985054385095895e+06
3.461320972268344e+06
3.420923805280249e+06
4.076408603400247e+06
4.017236695839042e+06
4.952630563738447e+06
4.861964409434397e+06
6.261145953554499e+06
6.114647102615228e+06
8.342940124494485e+06
8.090366258704972e+06
1.195846365864608e+07
1.148519557623768e+07
1.908458648203334e+07
1.809056021438008e+07
3.612168829381949e+07
3.364953266241195e+07
9.220086123571156e+07
8.416728171893907e+07
4.285668114071419e+08
3.908708157467519e+08
8.269410095147934e+09
9.570208301606733e+09
1.000000000000000e+15
1.555706191006337e+14
8.726427642884023e+13
7.937233212283724e+09
3.360447502611411e+08
7.603238837777609e+07
3.136180658193720e+07
1.720042642611061e+07
1.106705432964294e+07
7.868312955321552e+06
5.985925565878527e+06
4.782153921131990e+06
3.964983731134734e+06
3.385112231186477e+06
2.959523942641407e+06
2.638944034333186e+06
2.392568393879712e+06
2.200319103003211e+06
2.048658468397732e+06
1.928204332975975e+06
1.832310844839948e+06
1.756192533861845e+06
1.696367315754955e+06
1.650293876207713e+06
1.616131742316657e+06
1.592581555865856e+06
1.578779869665961e+06
1.574232877592924e+06
1.578779869665713e+06
1.592581555865357e+06
1.616131742315902e+06
1.650293876206692e+06
1.696367315753655e+06
1.756192533860246e+06
1.832310844838027e+06
1.928204332973698e+06
2.048658468395058e+06
2.200319103000080e+06
2.392568393876047e+06
2.638944034328881e+06
2.959523942636312e+06
3.385112231180380e+06
3.964983731127317e+06
4.782153921122758e+06
5.985925565866676e+06
7.868312955305655e+06
1.106705432962023e+07
1.720042642607487e+07
3.136180658187130e+07
7.603238837761360e+07
3.360447502604139e+08
7.937233212271064e+09
8.726427642884658e+13
1.004961309159685e+14
5.589259185237654e+09
2.817481733090853e+08
6.870280449903637e+07
2.936021702834130e+07
1.643015404199959e+07
1.070665093633920e+07
7.677016130533238e+06
5.874870705751304e+06
4.713117611716054e+06
3.919638716094855e+06
3.353926260536385e+06
2.937212772650879e+06
2.622422095433578e+06
2.379953254138436e+06
2.190417708051063e+06
2.040688408732475e+06
1.921636073139816e+06
1.826775071014375e+06
1.751423923155310e+06
1.692169352684248e+06
1.646516171055687e+06
1.612654939429779e+06
1.589306914046101e+06
1.575621717378372e+06
1.571112782446307e+06
1.575621717378125e+06
1.589306914045603e+06
1.612654939429026e+06
1.646516171054668e+06
1.692169352682951e+06
1.751423923153716e+06
1.826775071012460e+06
1.921636073137547e+06
2.040688408729811e+06
2.190417708047946e+06
2.379953254134791e+06
2.622422095429300e+06
2.937212772645823e+06
3.353926260530344e+06
3.919638716087523e+06
4.713117611706956e+06
5.874870705739675e+06
7.677016130517731e+06
1.070665093631724e+07
1.643015404196548e+07
2.936021702828010e+07
6.870280449889804e+07
2.817481733086845e+08
5.589259185241269e+09
1.004961309159752e+14
1.757955690131696e+14
3.604312336859329e+09
2.356750985159678e+08
6.248488227888489e+07
2.766268746623477e+07
1.577674609215333e+07
1.040061463989612e+07
7.514281061811809e+06
5.780165231177957e+06
4.654075622352695e+06
3.880738664227178e+06
3.327089365197340e+06
2.917955037324673e+06
2.608120912998756e+06
2.369005474727714e+06
2.181805038712088e+06
2.033741475121383e+06
1.915900737848149e+06
1.821933825397707e+06
1.747248105916475e+06
1.688489200430013e+06
1.643201473531651e+06
1.609602141259610e+06
1.586430189947958e+06
1.572846495374925e+06
1.568370728391174e+06
1.572846495374678e+06
1.586430189947462e+06
1.609602141258858e+06
1.643201473530635e+06
1.688489200428718e+06
1.747248105914884e+06
1.821933825395797e+06
1.915900737845888e+06
2.033741475118728e+06
2.181805038708984e+06
2.369005474724086e+06
2.608120912994502e+06
2.917955037319651e+06
3.327089365191348e+06
3.880738664219920e+06
4.654075622343713e+06
5.780165231166516e+06
7.514281061796634e+06
1.040061463987479e+07
1.577674609212061e+07
2.766268746617743e+07
6.248488227876436e+07
2.356750985157638e+08
3.604312336870914e+09
1.757955690131795e+14
3.899469619535337e+14
2.219558015217765e+09
1.993176839259579e+08
5.737194549495298e+07
2.624751961733778e+07
1.522884067292295e+07
1.014308661333214e+07
7.376939277899393e+06
5.700010687639327e+06
4.603962413392184e+06
3.847627774053104e+06
3.304183713987925e+06
2.901475820752712e+06
2.595854012560689e+06
2.359594825687895e+06
2.174387539439620e+06
2.027748577767808e+06
1.910945895111007e+06
1.817746216441034e+06
1.743632291825510e+06
1.685299795320140e+06
1.640326756095185e+06
1.606953107822138e+06
1.583932965602618e+06
1.570436816283795e+06
1.565989661625373e+06
1.570436816283549e+06
1.583932965602123e+06
1.606953107821387e+06
1.640326756094171e+06
1.685299795318848e+06
1.743632291823923e+06
1.817746216439129e+06
1.910945895108752e+06
2.027748577765161e+06
2.174387539436527e+06
2.359594825684281e+06
2.595854012556455e+06
2.901475820747718e+06
3.304183713981975e+06
3.847627774045907e+06
4.603962413383300e+06
5.700010687628045e+06
7.376939277884498e+06
1.014308661331134e+07
1.522884067289138e+07
2.624751961728353e+07
5.737194549484490e+07
1.993176839258531e+08
2.219558015230437e+09
3.899469619535462e+14
9.758109816789836e+14
1.342400435621373e+09
1.715797273402198e+08
5.323066493303747e+07
2.507836475466717e+07
1.477240459455956e+07
9.927558260144211e+06
7.261611377813830e+06
5.632509455923035e+06
4.561646799949188e+06
3.819597844192144e+06
3.284746715177033e+06
2.887461262203353e+06
2.585400904255904e+06
2.351561322230477e+06
2.168045553740148e+06
2.022617618107866e+06
1.906698686562593e+06
1.814153055195891e+06
1.740527123735483e+06
1.682558888589558e+06
1.637854881079782e+06
1.604674291105645e+06
1.581784070023571e+06
1.568362865646867e+06
1.563940208734970e+06
1.568362865646621e+06
1.581784070023076e+06
1.604674291104896e+06
1.637854881078769e+06
1.682558888588268e+06
1.740527123733899e+06
1.814153055193989e+06
1.906698686560343e+06
2.022617618105225e+06
2.168045553737064e+06
2.351561322226875e+06
2.585400904251687e+06
2.887461262198383e+06
3.284746715171119e+06
3.819597844185000e+06
4.561646799940385e+06
5.632509455911888e+06
7.261611377799168e+06
9.927558260123858e+06
1.477240459452895e+07
2.507836475461539e+07
5.323066493293791e+07
1.715797273401529e+08
1.342400435636657e+09
9.758109816789845e+14
1.000000000000000e+15
1.325035383527880e+09
1.709670618937538e+08
5.313571207838879e+07
2.505123996769640e+07
1.476176283215000e+07
9.922519797444653e+06
7.258910351066021e+06
5.630926157158115e+06
4.560652907566031e+06
3.818938667190461e+06
3.284289091747065e+06
2.887130958452473e+06
2.585154306757770e+06
2.351371646833064e+06
2.167895706389647e+06
2.022496307757799e+06
1.906598215879946e+06
1.814068017077147e+06
1.740453606153917e+06
1.682493974305033e+06
1.637796323210330e+06
1.604620295916409e+06
1.581733145988985e+06
1.568313713448243e+06
1.563891635747204e+06
1.568313713447997e+06
1.581733145988491e+06
1.604620295915660e+06
1.637796323209317e+06
1.682493974303743e+06
1.740453606152332e+06
1.814068017075245e+06
1.906598215877695e+06
2.022496307755159e+06
2.167895706386562e+06
2.351371646829463e+06
2.585154306753553e+06
2.887130958447504e+06
3.284289091741151e+06
3.818938667183319e+06
4.560652907557230e+06
5.630926157146972e+06
7.258910351051365e+06
9.922519797424311e+06
1.476176283211941e+07
2.505123996764468e+07
5.313571207828941e+07
1.709670618936872e+08
1.325035383542969e+09
1.000000000000000e+15
end_node_model

begin_node_model "Electrons_prev"
DATA
1.000000000000000e+15
1.000000000000000e+15
1.000000000000000e+15
1.000000000000000e+15
1.000000000000000e+15
1.000000000000000e+15
1.000000000000000e+15
1.000000000000000e+15
1.000000000000000e+15
1.000000000000000e+15
1.000000000000000e+15
1.000000000000000e+15
1.000000000000000e+15
1.000000000000000e+15
1.000000000000000e+15
1.000000000000000e+15
1.000000000000000e+15
1.000000000000000e+15
1.000000000000000e+15
1.000000000000000e+15
1.000000000000000e+15
1.000000000000000e+15
1.000000000000000e+15
1.000000000000000e+15
1.000000000000000e+15
1.000000000000000e+15
1.000000000000000e+15
1.000000000000000e+15
1.000000000000000e+15
1.000000000000000e+15
1.000000000000000e+15
1.000000000000000e+15
1.000000000000000e+15
1.000000000000000e+15
1.000000000000000e+15
1.000000000000000e+15
1.000000000000000e+15
1.000000000000000e+15
1.000000000000000e+15
1.000000000000000e+15
1.000000000000000e+15
1.000000000000000e+15
1.000000000000000e+15
1.000000000000000e+15
1.000000000000000e+15
1.000000000000000e+15
1.000000000000000e+15
1.000000000000000e+15
1.000000000000000e+15
1.000000000000000e+15
1.000000000000000e+15
1.000000000000000e+15
1.000000000000000e+15
1.000000000000000e+15
1.000000000000000e+15
1.000000000000000e+15
1.000000000000000e+15
1.000000000000000e+15
1.000000000000000e+15
1.000000000000000e+15
1.000000000000000e+15
1.000000000000000e+15
1.000000000000000e+15
1.000000000000000e+15
1.000000000000000e+15
1.000000000000000e+15
1.000000000000000e+15
1.000000000000000e+15
1.000000000000000e+15
1.000000000000000e+15
1.000000000000000e+15
1.000000000000000e+15
1.000000000000000e+15
1.000000000000000e+15
1.000000000000000e+15
1.000000000000000e+15
1.000000000000000e+15
1.000000000000000e+15
1.000000000000000e+15
1.000000000000000e+15
1.000000000000000e+15
1.000000000000000e+15
1.000000000000000e+15
1.000000000000000e+15
1.000000000000000e+15
1.000000000000000e+15
1.000000000000000e+15
1.000000000000000e+15
1.000000000000000e+15
1.000000000000000e+15
1.000000000000000e+15
1.000000000000000e+15
1.000000000000000e+15
1.000000000000000e+15
1.000000000000000e+15
1.000000000000000e+15
1.000000000000000e+15
1.000000000000000e+15
1.000000000000000e+15
1.000000000000000e+15
1.000000000000000e+15
1.000000000000000e+15
1.000000000000000e+15
1.000000000000000e+15
1.000000000000000e+15
1.000000000000000e+15
1.000000000000000e+15
1.000000000000000e+15
1.000000000000000e+15
1.000000000000000e+15
1.000000000000000e+15
1.000000000000000e+15
1.000000000000000e+15
1.000000000000000e+15
1.000000000000000e+15
1.000000000000000e+15
1.000000000000000e+15
1.000000000000000e+15
1.000000000000000e+15
1.000000000000000e+15
1.000000000000000e+15
1.000000000000000e+15
1.000000000000000e+15
1.000000000000000e+15
1.000000000000000e+15
1.000000000000000e+15
1.000000000000000e+15
1.000000000000000e+15
1.000000000000000e+15
1.000000000000000e+15
1.000000000000000e+15
1.000000000000000e+15
1.000000000000000e+15
1.000000000000000e+15
1.000000000000000e+15
1.000000000000000e+15
1.000000000000000e+15
1.000000000000000e+15
1.000000000000000e+15
1.000000000000000e+15
1.000000000000000e+15
1.000000000000000e+15
1.000000000000000e+15
1.000000000000000e+15
1.000000000000000e+15
1.000000000000000e+15
1.000000000000000e+15
1.000000000000000e+15
1.000000000000000e+15
1.000000000000000e+15
1.000000000000000e+15
1.000000000000000e+15
1.000000000000000e+15
1.000000000000000e+15
1.000000000000000e+15
1.000000000000000e+15
1.000000000000000e+15
1.000000000000000e+15
1.000000000000000e+15
1.000000000000000e+15
1.000000000000000e+15
1.000000000000000e+15
1.000000000000000e+15
1.000000000000000e+15
1.000000000000000e+15
1.000000000000000e+15
1.000000000000000e+15
1.000000000000000e+15
1.000000000000000e+15
1.000000000000000e+15
1.000000000000000e+15
1.000000000000000e+15
1.000000000000000e+15
1.000000000000000e+15
1.000000000000000e+15
1.000000000000000e+15
1.000000000000000e+15
1.000000000000000e+15
1.000000000000000e+15
1.000000000000000e+15
1.000000000000000e+15
1.000000000000000e+15
1.000000000000000e+15
1.000000000000000e+15
1.000000000000000e+15
1.000000000000000e+15
1.000000000000000e+15
1.000000000000000e+15
1.000000000000000e+15
1.000000000000000e+15
1.000000000000000e+15
1.000000000000000e+15
1.000000000000000e+15
1.000000000000000e+15
1.000000000000000e+15
1.000000000000000e+15
1.000000000000000e+15
1.000000000000000e+15
1.000000000000000e+15
1.000000000000000e+15
1.000000000000000e+15
1.000000000000000e+15
1.000000000000000e+15
1.000000000000000e+15
1.000000000000000e+15
1.000000000000000e+15
1.000000000000000e+15
1.000000000000000e+15
1.000000000000000e+15
1.000000000000000e+15
1.000000000000000e+15
1.000000000000000e+15
1.000000000000000e+15
1.000000000000000e+15
1.000000000000000e+15
1.000000000000000e+15
1.000000000000000e+15
1.000000000000000e+15
1.000000000000000e+15
1.000000000000000e+15
1.000000000000000e+15
1.000000000000000e+15
1.000000000000000e+15
1.000000000000000e+15
1.000000000000000e+15
1.000000000000000e+15
1.000000000000000e+15
1.000000000000000e+15
1.000000000000000e+15
1.000000000000000e+15
1.000000000000000e+15
1.000000000000000e+15
1.000000000000000e+15
1.000000000000000e+15
1.000000000000000e+15
1.000000000000000e+15
1.000000000000000e+15
1.000000000000000e+15
1.000000000000000e+15
1.000000000000000e+15
1.000000000000000e+15
1.000000000000000e+15
1.000000000000000e+15
1.000000000000000e+15
1.000000000000000e+15
1.000000000000000e+15
1.000000000000000e+15
1.000000000000000e+15
1.000000000000000e+15
1.000000000000000e+15
1.000000000000000e+15
1.000000000000000e+15
1.000000000000000e+15
1.000000000000000e+15
1.000000000000000e+15
1.000000000000000e+15
1.000000000000000e+15
1.000000000000000e+15
1.000000000000000e+15
1.000000000000000e+15
1.000000000000000e+15
1.000000000000000e+15
1.000000000000000e+15
1.000000000000000e+15
1.000000000000000e+15
1.000000000000000e+15
1.000000000000000e+15
1.000000000000000e+15
1.000000000000000e+15
1.000000000000000e+15
1.000000000000000e+15
1.000000000000000e+15
1.000000000000000e+15
1.000000000000000e+15
1.000000000000000e+15
1.000000000000000e+15
1.000000000000000e+15
1.000000000000000e+15
1.000000000000000e+15
1.000000000000000e+15
1.000000000000000e+15
1.000000000000000e+15
1.000000000000000e+15
1.000000000000000e+15
1.000000000000000e+15
1.000000000000000e+15
1.000000000000000e+15
1.000000000000000e+15
1.000000000000000e+15
1.000000000000000e+15
1.000000000000000e+15
1.000000000000000e+15
1.000000000000000e+15
1.000000000000000e+15
1.000000000000000e+15
1.000000000000000e+15
1.000000000000000e+15
1.000000000000000e+15
1.000000000000000e+15
1.000000000000000e+15
1.000000000000000e+15
1.000000000000000e+15
1.000000000000000e+15
1.000000000000000e+15
1.000000000000000e+15
1.000000000000000e+15
1.000000000000000e+15
1.000000000000000e+15
1.000000000000000e+15
1.000000000000000e+15
1.000000000000000e+15
1.000000000000000e+15
1.000000000000000e+15
1.000000000000000e+15
1.000000000000000e+15
1.000000000000000e+15
1.000000000000000e+15
1.000000000000000e+15
1.000000000000000e+15
1.000000000000000e+15
1.000000000000000e+15
1.000000000000000e+15
1.000000000000000e+15
1.000000000000000e+15
1.000000000000000e+15
1.000000000000000e+15
1.000000000000000e+15
1.000000000000000e+15
1.000000000000000e+15
1.000000000000000e+15
1.000000000000000e+15
1.000000000000000e+15
1.000000000000000e+15
1.000000000000000e+15
1.000000000000000e+15
1.000000000000000e+15
1.000000000000000e+15
1.000000000000000e+15
1.000000000000000e+15
1.000000000000000e+15
1.000000000000000e+15
1.000000000000000e+15
1.000000000000000e+15
1.000000000000000e+15
1.000000000000000e+15
1.000000000000000e+15
1.000000000000000e+15
1.000000000000000e+15
1.000000000000000e+15
1.000000000000000e+15
1.000000000000000e+15
1.000000000000000e+15
1.000000000000000e+15
1.000000000000000e+15
1.000000000000000e+15
1.000000000000000e+15
1.000000000000000e+15
1.000000000000000e+15
1.000000000000000e+15
1.000000000000000e+15
1.000000000000000e+15
1.000000000000000e+15
1.000000000000000e+15
1.000000000000000e+15
1.000000000000000e+15
1.000000000000000e+15
1.000000000000000e+15
1.000000000000000e+15
1.000000000000000e+15
1.000000000000000e+15
1.000000000000000e+15
1.000000000000000e+15
1.000000000000000e+15
1.000000000000000e+15
1.000000000000000e+15
1.000000000000000e+15
1.000000000000000e+15
1.000000000000000e+15
1.000000000000000e+15
1.000000000000000e+15
1.000000000000000e+15
1.000000000000000e+15
1.000000000000000e+15
1.000000000000000e+15
1.000000000000000e+15
1.000000000000000e+15
1.000000000000000e+15
1.000000000000000e+15
1.000000000000000e+15
1.000000000000000e+15
1.000000000000000e+15
1.000000000000000e+15
1.000000000000000e+15
1.000000000000000e+15
1.000000000000000e+15
1.000000000000000e+15
1.000000000000000e+15
1.000000000000000e+15
1.000000000000000e+15
1.000000000000000e+15
1.000000000000000e+15
1.000000000000000e+15
1.000000000000000e+15
1.000000000000000e+15
1.000000000000000e+15
1.000000000000000e+15
1.000000000000000e+15
1.000000000000000e+15
end_node_model

begin_node_model "EquilibriumElectrons"
COMMAND node_model -device "MoS2_GAA" -region "MoS2" -display_type "scalar" -name "EquilibriumElectrons" -equation "(5.000000000000000e-01 * (NetDoping + pow((pow(NetDoping,2) + (4 * pow(IntrinsicDensity,2))),5.000000000000000e-01)));"
end_node_model

begin_node_model "EquilibriumHoles"
COMMAND node_model -device "MoS2_GAA" -region "MoS2" -display_type "scalar" -name "EquilibriumHoles" -equation "(pow(IntrinsicDensity,2) * pow(EquilibriumElectrons,(-1)));"
end_node_model

begin_node_model "Holes"
COMMAND node_model -device "MoS2_GAA" -region "MoS2" -display_type "scalar" -name "Holes" -equation "EquilibriumHoles;"
end_node_model

begin_node_model "NSurfaceNormal_x"
DATAPARENT "SurfaceArea"
end_node_model

begin_node_model "NSurfaceNormal_y"
DATAPARENT "SurfaceArea"
end_node_model

begin_node_model "NetDoping"
COMMAND node_model -device "MoS2_GAA" -region "MoS2" -display_type "scalar" -name "NetDoping" -equation "(Donors - Acceptors);"
end_node_model

begin_node_model "NodeVolume"
BUILTIN
end_node_model

begin_node_model "Potential"
DATA
5.330234977294849e-01
2.304789045052903e-01
4.849218319255602e-01
2.342556695720923e-01
1.539602991148103e-01
1.515801175345044e-01
1.142392915488500e-01
1.118825404211490e-01
9.001400292542727e-02
8.818124347374268e-02
7.352010520656305e-02
7.213726230547479e-02
6.143580156917093e-02
6.039188699099485e-02
5.212847162991598e-02
5.133373761922521e-02
4.470759151787709e-02
4.409551515856094e-02
3.864673582869370e-02
3.816908635123045e-02
3.361328668691542e-02
3.323527669512182e-02
2.938477703159572e-02
2.908128316283917e-02
2.580505215679488e-02
2.555784516567294e-02
2.276003567122676e-02
2.255579468335346e-02
2.016367300688051e-02
1.999257412562738e-02
1.794940554306099e-02
1.780412166606582e-02
1.606478128608425e-02
1.593977344676684e-02
1.446791938440361e-02
1.435893381547361e-02
1.312511500509361e-02
1.302882502349586e-02
1.200917296781712e-02
1.192292264748450e-02
1.109822421666272e-02
1.101984348842086e-02
1.037487340139470e-02
1.030254314706603e-02
9.825581350514603e-03
9.757733311006963e-03
9.440220159002196e-03
9.375460823161317e-03
9.211760173645681e-03
9.148810799364259e-03
9.136062444076219e-03
9.073709362868903e-03
9.211760173645663e-03
9.148810799364243e-03
9.440220159002163e-03
9.375460823161284e-03
9.825581350514553e-03
9.757733311006912e-03
1.037487340139463e-02
1.030254314706596e-02
1.109822421666263e-02
1.101984348842077e-02
1.200917296781701e-02
1.192292264748439e-02
1.312511500509348e-02
1.302882502349573e-02
1.446791938440345e-02
1.435893381547345e-02
1.606478128608407e-02
1.593977344676666e-02
1.794940554306078e-02
1.780412166606561e-02
2.016367300688026e-02
1.999257412562713e-02
2.276003567122648e-02
2.255579468335318e-02
2.580505215679455e-02
2.555784516567261e-02
2.938477703159535e-02
2.908128316283880e-02
3.361328668691499e-02
3.323527669512140e-02
3.864673582869320e-02
3.816908635122995e-02
4.470759151787651e-02
4.409551515856036e-02
5.212847162991528e-02
5.133373761922451e-02
6.143580156917009e-02
6.039188699099402e-02
7.352010520656201e-02
7.213726230547376e-02
9.001400292542597e-02
8.818124347374140e-02
1.142392915488482e-01
1.118825404211472e-01
1.539602991148078e-01
1.515801175345019e-01
2.304789045052859e-01
2.342556695720878e-01
5.330234977294849e-01
4.849218319255616e-01
4.699752760183801e-01
2.294190132773767e-01
1.476730330806481e-01
1.092547659421122e-01
8.636104640729574e-02
7.083287144183840e-02
5.943313330498871e-02
5.061426799569035e-02
4.354548587304913e-02
3.774119698721757e-02
3.289680873598111e-02
2.880922778580794e-02
2.533578835537898e-02
2.237186756526906e-02
1.983807637117199e-02
1.767258272869039e-02
1.582630468481901e-02
1.425977688334444e-02
1.294103417772080e-02
1.184413914304370e-02
1.094813362184424e-02
1.023628038145672e-02
9.695510877547017e-03
9.316025214148618e-03
9.091009270894890e-03
9.016446350279841e-03
9.091009270894875e-03
9.316025214148585e-03
9.695510877546968e-03
1.023628038145665e-02
1.094813362184415e-02
1.184413914304360e-02
1.294103417772067e-02
1.425977688334428e-02
1.582630468481883e-02
1.767258272869018e-02
1.983807637117175e-02
2.237186756526878e-02
2.533578835537866e-02
2.880922778580758e-02
3.289680873598069e-02
3.774119698721708e-02
4.354548587304857e-02
5.061426799568967e-02
5.943313330498791e-02
7.083287144183741e-02
8.636104640729450e-02
1.092547659421105e-01
1.476730330806458e-01
2.294190132773723e-01
4.699752760183820e-01
4.736250110407739e-01
2.203522516364295e-01
1.431171179183096e-01
1.066341644528202e-01
8.465610169657017e-02
6.964843963032064e-02
5.857723860396798e-02
4.997797974489970e-02
4.306135747927697e-02
3.736527132802191e-02
3.259945214057985e-02
2.856995761016617e-02
2.514015774063943e-02
2.220950419638304e-02
1.970140759374255e-02
1.755598667426836e-02
1.572553444065001e-02
1.417156397126262e-02
1.286281194614026e-02
1.177384742191224e-02
1.088407895368016e-02
1.017703445941283e-02
9.639835262469946e-03
9.262814003062298e-03
9.039243776051604e-03
8.965157408307107e-03
9.039243776051588e-03
9.262814003062265e-03
9.639835262469899e-03
1.017703445941276e-02
1.088407895368007e-02
1.177384742191213e-02
1.286281194614013e-02
1.417156397126247e-02
1.572553444064983e-02
1.755598667426815e-02
1.970140759374231e-02
2.220950419638276e-02
2.514015774063911e-02
2.856995761016581e-02
3.259945214057944e-02
3.736527132802143e-02
4.306135747927640e-02
4.997797974489904e-02
5.857723860396719e-02
6.964843963031966e-02
8.465610169656897e-02
1.066341644528186e-01
1.431171179183074e-01
2.203522516364253e-01
4.736250110407756e-01
4.880815152910171e-01
2.090105720720332e-01
1.385009973946857e-01
1.041817047507178e-01
8.311645706490609e-02
6.859933398975539e-02
5.782752474667699e-02
4.942408525573336e-02
4.264121638160837e-02
3.703937355436937e-02
3.234160500823494e-02
2.836226728791982e-02
2.497010189223442e-02
2.206813643171831e-02
1.958221409954164e-02
1.745413687072387e-02
1.563737864689338e-02
1.409429044689951e-02
1.279420907446861e-02
1.171213642029160e-02
1.082779445681261e-02
1.012493783718522e-02
9.590850368167755e-03
9.215978204835435e-03
8.993669196685825e-03
8.919998643415753e-03
8.993669196685809e-03
9.215978204835404e-03
9.590850368167706e-03
1.012493783718516e-02
1.082779445681253e-02
1.171213642029150e-02
1.279420907446849e-02
1.409429044689936e-02
1.563737864689320e-02
1.745413687072367e-02
1.958221409954140e-02
2.206813643171804e-02
2.497010189223410e-02
2.836226728791946e-02
3.234160500823453e-02
3.703937355436889e-02
4.264121638160781e-02
4.942408525573270e-02
5.782752474667621e-02
6.859933398975443e-02
8.311645706490489e-02
1.041817047507162e-01
1.385009973946834e-01
2.090105720720293e-01
4.880815152910186e-01
5.086775179765984e-01
1.964769301480924e-01
1.341693862047491e-01
1.019747398345797e-01
8.175889129850961e-02
6.768556799360045e-02
5.717934911675467e-02
4.894720554175232e-02
4.228021339186178e-02
3.675950014803646e-02
3.212008653601087e-02
2.818367134164919e-02
2.482368831591530e-02
2.194625863660707e-02
1.947931497392078e-02
1.736609789104531e-02
1.556108719152834e-02
1.402734620938687e-02
1.273472136545132e-02
1.165858198823674e-02
1.077891616306911e-02
1.007967115552802e-02
9.548268896972899e-03
9.175252109163517e-03
8.954032276067390e-03
8.880720869514538e-03
8.954032276067374e-03
9.175252109163486e-03
9.548268896972851e-03
1.007967115552795e-02
1.077891616306902e-02
1.165858198823663e-02
1.273472136545120e-02
1.402734620938672e-02
1.556108719152817e-02
1.736609789104510e-02
1.947931497392054e-02
2.194625863660679e-02
2.482368831591498e-02
2.818367134164883e-02
3.212008653601046e-02
3.675950014803598e-02
4.228021339186123e-02
4.894720554175166e-02
5.717934911675390e-02
6.768556799359951e-02
8.175889129850844e-02
1.019747398345782e-01
1.341693862047469e-01
1.964769301480888e-01
5.086775179765992e-01
5.323904759000347e-01
1.834772855964280e-01
1.302954145964564e-01
1.000378875720136e-01
8.058091955875415e-02
6.689888758578727e-02
5.662410506127837e-02
4.853985393900875e-02
4.197223909423931e-02
3.652079239240914e-02
3.193106562933616e-02
2.803114681522052e-02
2.469851678019451e-02
2.184194640930234e-02
1.939114878946836e-02
1.729058578711684e-02
1.549558909453025e-02
1.396982441685904e-02
1.268356882673749e-02
1.161250210699175e-02
1.073683723844190e-02
1.004068434420748e-02
9.511582213346744e-03
9.140155316899469e-03
8.919869038741840e-03
8.846865501853506e-03
8.919869038741824e-03
9.140155316899438e-03
9.511582213346696e-03
1.004068434420742e-02
1.073683723844182e-02
1.161250210699165e-02
1.268356882673737e-02
1.396982441685889e-02
1.549558909453008e-02
1.729058578711664e-02
1.939114878946812e-02
2.184194640930207e-02
2.469851678019420e-02
2.803114681522017e-02
3.193106562933575e-02
3.652079239240866e-02
4.197223909423876e-02
4.853985393900810e-02
5.662410506127761e-02
6.689888758578633e-02
8.058091955875300e-02
1.000378875720121e-01
1.302954145964543e-01
1.834772855964248e-01
5.323904759000347e-01
5.330234977294849e-01
1.831406869335770e-01
1.302029387982414e-01
9.999173159868571e-02
8.055294287474497e-02
6.688025758024349e-02
5.661098124997120e-02
4.853023624826503e-02
4.196497107389308e-02
3.651515914057515e-02
3.192660376842246e-02
2.802754492258950e-02
2.469555933759762e-02
2.183948050836376e-02
1.938906349998270e-02
1.728879893003448e-02
1.549403852502717e-02
1.396846214786536e-02
1.268235699020150e-02
1.161141012938503e-02
1.073583983118664e-02
1.003976004675681e-02
9.510712312760865e-03
9.139323022942172e-03
8.919058829211853e-03
8.846062575780833e-03
8.919058829211837e-03
9.139323022942141e-03
9.510712312760818e-03
1.003976004675674e-02
1.073583983118656e-02
1.161141012938493e-02
1.268235699020138e-02
1.396846214786521e-02
1.549403852502700e-02
1.728879893003427e-02
1.938906349998246e-02
2.183948050836348e-02
2.469555933759731e-02
2.802754492258915e-02
3.192660376842205e-02
3.651515914057468e-02
4.196497107389253e-02
4.853023624826439e-02
5.661098124997043e-02
6.688025758024256e-02
8.055294287474382e-02
9.999173159868419e-02
1.302029387982393e-01
1.831406869335737e-01
5.330234977294849e-01
end_node_model

begin_node_model "PotentialNodeCharge"
COMMAND node_model -device "MoS2_GAA" -region "MoS2" -display_type "scalar" -name "PotentialNodeCharge" -equation "(-ElectronCharge * (-Electrons + EquilibriumHoles + NetDoping));"
end_node_model

begin_node_model "PotentialNodeCharge:Electrons"
COMMAND node_model -device "MoS2_GAA" -region "MoS2" -display_type "scalar" -name "PotentialNodeCharge:Electrons" -equation "ElectronCharge;"
end_node_model

begin_node_model "Potential_prev"
DATA
0.000000000000000e+00
0.000000000000000e+00
0.000000000000000e+00
0.000000000000000e+00
0.000000000000000e+00
0.000000000000000e+00
0.000000000000000e+00
0.000000000000000e+00
0.000000000000000e+00
0.000000000000000e+00
0.000000000000000e+00
0.000000000000000e+00
0.000000000000000e+00
0.000000000000000e+00
0.000000000000000e+00
0.000000000000000e+00
0.000000000000000e+00
0.000000000000000e+00
0.000000000000000e+00
0.000000000000000e+00
0.000000000000000e+00
0.000000000000000e+00
0.000000000000000e+00
0.000000000000000e+00
0.000000000000000e+00
0.000000000000000e+00
0.000000000000000e+00
0.000000000000000e+00
0.000000000000000e+00
0.000000000000000e+00
0.000000000000000e+00
0.000000000000000e+00
0.000000000000000e+00
0.000000000000000e+00
0.000000000000000e+00
0.000000000000000e+00
0.000000000000000e+00
0.000000000000000e+00
0.000000000000000e+00
0.000000000000000e+00
0.000000000000000e+00
0.000000000000000e+00
0.000000000000000e+00
0.000000000000000e+00
0.000000000000000e+00
0.000000000000000e+00
0.000000000000000e+00
0.000000000000000e+00
0.000000000000000e+00
0.000000000000000e+00
0.000000000000000e+00
0.000000000000000e+00
0.000000000000000e+00
0.000000000000000e+00
0.000000000000000e+00
0.000000000000000e+00
0.000000000000000e+00
0.000000000000000e+00
0.000000000000000e+00
0.000000000000000e+00
0.000000000000000e+00
0.000000000000000e+00
0.000000000000000e+00
0.000000000000000e+00
0.000000000000000e+00
0.000000000000000e+00
0.000000000000000e+00
0.000000000000000e+00
0.000000000000000e+00
0.000000000000000e+00
0.000000000000000e+00
0.000000000000000e+00
0.000000000000000e+00
0.000000000000000e+00
0.000000000000000e+00
0.000000000000000e+00
0.000000000000000e+00
0.000000000000000e+00
0.000000000000000e+00
0.000000000000000e+00
0.000000000000000e+00
0.000000000000000e+00
0.000000000000000e+00
0.000000000000000e+00
0.000000000000000e+00
0.000000000000000e+00
0.000000000000000e+00
0.000000000000000e+00
0.000000000000000e+00
0.000000000000000e+00
0.000000000000000e+00
0.000000000000000e+00
0.000000000000000e+00
0.000000000000000e+00
0.000000000000000e+00
0.000000000000000e+00
0.000000000000000e+00
0.000000000000000e+00
0.000000000000000e+00
0.000000000000000e+00
0.000000000000000e+00
0.000000000000000e+00
0.000000000000000e+00
0.000000000000000e+00
0.000000000000000e+00
0.000000000000000e+00
0.000000000000000e+00
0.000000000000000e+00
0.000000000000000e+00
0.000000000000000e+00
0.000000000000000e+00
0.000000000000000e+00
0.000000000000000e+00
0.000000000000000e+00
0.000000000000000e+00
0.000000000000000e+00
0.000000000000000e+00
0.000000000000000e+00
0.000000000000000e+00
0.000000000000000e+00
0.000000000000000e+00
0.000000000000000e+00
0.000000000000000e+00
0.000000000000000e+00
0.000000000000000e+00
0.000000000000000e+00
0.000000000000000e+00
0.000000000000000e+00
0.000000000000000e+00
0.000000000000000e+00
0.000000000000000e+00
0.000000000000000e+00
0.000000000000000e+00
0.000000000000000e+00
0.000000000000000e+00
0.000000000000000e+00
0.000000000000000e+00
0.000000000000000e+00
0.000000000000000e+00
0.000000000000000e+00
0.000000000000000e+00
0.000000000000000e+00
0.000000000000000e+00
0.000000000000000e+00
0.000000000000000e+00
0.000000000000000e+00
0.000000000000000e+00
0.000000000000000e+00
0.000000000000000e+00
0.000000000000000e+00
0.000000000000000e+00
0.000000000000000e+00
0.000000000000000e+00
0.000000000000000e+00
0.000000000000000e+00
0.000000000000000e+00
0.000000000000000e+00
0.000000000000000e+00
0.000000000000000e+00
0.000000000000000e+00
0.000000000000000e+00
0.000000000000000e+00
0.000000000000000e+00
0.000000000000000e+00
0.000000000000000e+00
0.000000000000000e+00
0.000000000000000e+00
0.000000000000000e+00
0.000000000000000e+00
0.000000000000000e+00
0.000000000000000e+00
0.000000000000000e+00
0.000000000000000e+00
0.000000000000000e+00
0.000000000000000e+00
0.000000000000000e+00
0.000000000000000e+00
0.000000000000000e+00
0.000000000000000e+00
0.000000000000000e+00
0.000000000000000e+00
0.000000000000000e+00
0.000000000000000e+00
0.000000000000000e+00
0.000000000000000e+00
0.000000000000000e+00
0.000000000000000e+00
0.000000000000000e+00
0.000000000000000e+00
0.000000000000000e+00
0.000000000000000e+00
0.000000000000000e+00
0.000000000000000e+00
0.000000000000000e+00
0.000000000000000e+00
0.000000000000000e+00
0.000000000000000e+00
0.000000000000000e+00
0.000000000000000e+00
0.000000000000000e+00
0.000000000000000e+00
0.000000000000000e+00
0.000000000000000e+00
0.000000000000000e+00
0.000000000000000e+00
0.000000000000000e+00
0.000000000000000e+00
0.000000000000000e+00
0.000000000000000e+00
0.000000000000000e+00
0.000000000000000e+00
0.000000000000000e+00
0.000000000000000e+00
0.000000000000000e+00
0.000000000000000e+00
0.000000000000000e+00
0.000000000000000e+00
0.000000000000000e+00
0.000000000000000e+00
0.000000000000000e+00
0.000000000000000e+00
0.000000000000000e+00
0.000000000000000e+00
0.000000000000000e+00
0.000000000000000e+00
0.000000000000000e+00
0.000000000000000e+00
0.000000000000000e+00
0.000000000000000e+00
0.000000000000000e+00
0.000000000000000e+00
0.000000000000000e+00
0.000000000000000e+00
0.000000000000000e+00
0.000000000000000e+00
0.000000000000000e+00
0.000000000000000e+00
0.000000000000000e+00
0.000000000000000e+00
0.000000000000000e+00
0.000000000000000e+00
0.000000000000000e+00
0.000000000000000e+00
0.000000000000000e+00
0.000000000000000e+00
0.000000000000000e+00
0.000000000000000e+00
0.000000000000000e+00
0.000000000000000e+00
0.000000000000000e+00
0.000000000000000e+00
0.000000000000000e+00
0.000000000000000e+00
0.000000000000000e+00
0.000000000000000e+00
0.000000000000000e+00
0.000000000000000e+00
0.000000000000000e+00
0.000000000000000e+00
0.000000000000000e+00
0.000000000000000e+00
0.000000000000000e+00
0.000000000000000e+00
0.000000000000000e+00
0.000000000000000e+00
0.000000000000000e+00
0.000000000000000e+00
0.000000000000000e+00
0.000000000000000e+00
0.000000000000000e+00
0.000000000000000e+00
0.000000000000000e+00
0.000000000000000e+00
0.000000000000000e+00
0.000000000000000e+00
0.000000000000000e+00
0.000000000000000e+00
0.000000000000000e+00
0.000000000000000e+00
0.000000000000000e+00
0.000000000000000e+00
0.000000000000000e+00
0.000000000000000e+00
0.000000000000000e+00
0.000000000000000e+00
0.000000000000000e+00
0.000000000000000e+00
0.000000000000000e+00
0.000000000000000e+00
0.000000000000000e+00
0.000000000000000e+00
0.000000000000000e+00
0.000000000000000e+00
0.000000000000000e+00
0.000000000000000e+00
0.000000000000000e+00
0.000000000000000e+00
0.000000000000000e+00
0.000000000000000e+00
0.000000000000000e+00
0.000000000000000e+00
0.000000000000000e+00
0.000000000000000e+00
0.000000000000000e+00
0.000000000000000e+00
0.000000000000000e+00
0.000000000000000e+00
0.000000000000000e+00
0.000000000000000e+00
0.000000000000000e+00
0.000000000000000e+00
0.000000000000000e+00
0.000000000000000e+00
0.000000000000000e+00
0.000000000000000e+00
0.000000000000000e+00
0.000000000000000e+00
0.000000000000000e+00
0.000000000000000e+00
0.000000000000000e+00
0.000000000000000e+00
0.000000000000000e+00
0.000000000000000e+00
0.000000000000000e+00
0.000000000000000e+00
0.000000000000000e+00
0.000000000000000e+00
0.000000000000000e+00
0.000000000000000e+00
0.000000000000000e+00
0.000000000000000e+00
0.000000000000000e+00
0.000000000000000e+00
0.000000000000000e+00
0.000000000000000e+00
0.000000000000000e+00
0.000000000000000e+00
0.000000000000000e+00
0.000000000000000e+00
0.000000000000000e+00
0.000000000000000e+00
0.000000000000000e+00
0.000000000000000e+00
0.000000000000000e+00
0.000000000000000e+00
0.000000000000000e+00
0.000000000000000e+00
0.000000000000000e+00
0.000000000000000e+00
0.000000000000000e+00
0.000000000000000e+00
0.000000000000000e+00
0.000000000000000e+00
0.000000000000000e+00
0.000000000000000e+00
0.000000000000000e+00
0.000000000000000e+00
0.000000000000000e+00
0.000000000000000e+00
0.000000000000000e+00
0.000000000000000e+00
0.000000000000000e+00
0.000000000000000e+00
0.000000000000000e+00
0.000000000000000e+00
0.000000000000000e+00
0.000000000000000e+00
0.000000000000000e+00
0.000000000000000e+00
0.000000000000000e+00
0.000000000000000e+00
0.000000000000000e+00
0.000000000000000e+00
0.000000000000000e+00
0.000000000000000e+00
0.000000000000000e+00
0.000000000000000e+00
0.000000000000000e+00
0.000000000000000e+00
0.000000000000000e+00
0.000000000000000e+00
0.000000000000000e+00
0.000000000000000e+00
0.000000000000000e+00
0.000000000000000e+00
0.000000000000000e+00
0.000000000000000e+00
0.000000000000000e+00
0.000000000000000e+00
0.000000000000000e+00
0.000000000000000e+00
0.000000000000000e+00
0.000000000000000e+00
0.000000000000000e+00
0.000000000000000e+00
0.000000000000000e+00
0.000000000000000e+00
0.000000000000000e+00
0.000000000000000e+00
0.000000000000000e+00
0.000000000000000e+00
0.000000000000000e+00
0.000000000000000e+00
0.000000000000000e+00
0.000000000000000e+00
0.000000000000000e+00
0.000000000000000e+00
0.000000000000000e+00
end_node_model

begin_node_model "SurfaceArea"
BUILTIN
end_node_model

begin_node_model "coordinate_index"
DATAPARENT "x"
end_node_model

begin_node_model "drain_electron_bc"
COMMAND contact_node_model -device "MoS2_GAA" -contact "drain" -display_type "scalar" -name "drain_electron_bc" -equation "(Electrons - EquilibriumElectrons);"
end_node_model

begin_node_model "drain_electron_bc:Electrons"
COMMAND contact_node_model -device "MoS2_GAA" -contact "drain" -display_type "scalar" -name "drain_electron_bc:Electrons" -equation "1;"
end_node_model

begin_node_model "drain_potential_bc"
COMMAND contact_node_model -device "MoS2_GAA" -contact "drain" -display_type "scalar" -name "drain_potential_bc" -equation "(-(ThermalVoltage * log((EquilibriumElectrons * pow(IntrinsicDensity,(-1))))) - drain_bias + Potential);"
end_node_model

begin_node_model "drain_potential_bc:Potential"
COMMAND contact_node_model -device "MoS2_GAA" -contact "drain" -display_type "scalar" -name "drain_potential_bc:Potential" -equation "1;"
end_node_model

begin_node_model "node_index"
DATAPARENT "x"
end_node_model

begin_node_model "source_electron_bc"
COMMAND contact_node_model -device "MoS2_GAA" -contact "source" -display_type "scalar" -name "source_electron_bc" -equation "(Electrons - EquilibriumElectrons);"
end_node_model

begin_node_model "source_electron_bc:Electrons"
COMMAND contact_node_model -device "MoS2_GAA" -contact "source" -display_type "scalar" -name "source_electron_bc:Electrons" -equation "1;"
end_node_model

begin_node_model "source_potential_bc"
COMMAND contact_node_model -device "MoS2_GAA" -contact "source" -display_type "scalar" -name "source_potential_bc" -equation "(-(ThermalVoltage * log((EquilibriumElectrons * pow(IntrinsicDensity,(-1))))) - source_bias + Potential);"
end_node_model

begin_node_model "source_potential_bc:Potential"
COMMAND contact_node_model -device "MoS2_GAA" -contact "source" -display_type "scalar" -name "source_potential_bc:Potential" -equation "1;"
end_node_model

begin_node_model "x"
BUILTIN
end_node_model

begin_node_model "y"
DATAPARENT "x"
end_node_model

begin_node_model "z"
DATAPARENT "x"
end_node_model

begin_edge_model "Bern01"
COMMAND edge_model -device "MoS2_GAA" -region "MoS2" -name "Bern01" -equation "B(vdiff);" -display_type "scalar"
end_edge_model

begin_edge_model "Bern01:Potential@n0"
COMMAND edge_model -device "MoS2_GAA" -region "MoS2" -name "Bern01:Potential@n0" -equation "(dBdx(vdiff) * vdiff:Potential@n0);" -display_type "scalar"
end_edge_model

begin_edge_model "Bern01:Potential@n1"
COMMAND edge_model -device "MoS2_GAA" -region "MoS2" -name "Bern01:Potential@n1" -equation "(-Bern01:Potential@n0);" -display_type "scalar"
end_edge_model

begin_edge_model "CylindricalEdgeCouple"
DATAPARENT "ElementCylindricalEdgeCouple"
end_edge_model

begin_edge_model "CylindricalEdgeNodeVolume@n0"
DATAPARENT "ElementCylindricalNodeVolume@en0"
end_edge_model

begin_edge_model "CylindricalEdgeNodeVolume@n1"
DATAPARENT "CylindricalEdgeNodeVolume@n0"
end_edge_model

begin_edge_model "EdgeCouple"
BUILTIN
end_edge_model

begin_edge_model "EdgeInverseLength"
BUILTIN
end_edge_model

begin_edge_model "EdgeLength"
BUILTIN
end_edge_model

begin_edge_model "EdgeNodeVolume"
BUILTIN
end_edge_model

begin_edge_model "ElectricField"
COMMAND edge_model -device "MoS2_GAA" -region "MoS2" -name "ElectricField" -equation "((Potential@n0 - Potential@n1) * EdgeInverseLength);" -display_type "scalar"
end_edge_model

begin_edge_model "ElectricField:Potential@n0"
COMMAND edge_model -device "MoS2_GAA" -region "MoS2" -name "ElectricField:Potential@n0" -equation "EdgeInverseLength;" -display_type "scalar"
end_edge_model

begin_edge_model "ElectricField:Potential@n1"
COMMAND edge_model -device "MoS2_GAA" -region "MoS2" -name "ElectricField:Potential@n1" -equation "(-EdgeInverseLength);" -display_type "scalar"
end_edge_model

begin_edge_model "ElectronCurrent"
COMMAND edge_model -device "MoS2_GAA" -region "MoS2" -name "ElectronCurrent" -equation "(ElectronCharge * ElectronMobility * V_t * EdgeInverseLength * kahan3((Electrons@n1 * Bern01), (Electrons@n1 * vdiff), (-Bern01 * Electrons@n0)));" -display_type "scalar"
end_edge_model

begin_edge_model "ElectronCurrent:Electrons@n0"
COMMAND edge_model -device "MoS2_GAA" -region "MoS2" -name "ElectronCurrent:Electrons@n0" -equation "((ElectronCharge * ElectronMobility * V_t * (-Bern01 - (Bern01:Electrons@n0 * Electrons@n0) + (Bern01 * Electrons@n1:Electrons@n0) + (Bern01:Electrons@n0 * Electrons@n1) + (Electrons@n1 * vdiff:Electrons@n0) + (Electrons@n1:Electrons@n0 * vdiff)) * EdgeInverseLength) + (ElectronCharge * ElectronMobility * V_t * EdgeInverseLength:Electrons@n0 * kahan3((Bern01 * Electrons@n1), (Electrons@n1 * vdiff), (-Bern01 * Electrons@n0))));" -display_type "scalar"
end_edge_model

begin_edge_model "ElectronCurrent:Electrons@n1"
COMMAND edge_model -device "MoS2_GAA" -region "MoS2" -name "ElectronCurrent:Electrons@n1" -equation "((ElectronCharge * ElectronMobility * V_t * (-(Bern01 * Electrons@n0:Electrons@n1) - (Bern01:Electrons@n1 * Electrons@n0) + (Bern01:Electrons@n1 * Electrons@n1) + (Electrons@n1 * vdiff:Electrons@n1) + Bern01 + vdiff) * EdgeInverseLength) + (ElectronCharge * ElectronMobility * V_t * EdgeInverseLength:Electrons@n1 * kahan3((Bern01 * Electrons@n1), (Electrons@n1 * vdiff), (-Bern01 * Electrons@n0))));" -display_type "scalar"
end_edge_model

begin_edge_model "ElectronCurrent:Holes@n0"
COMMAND edge_model -device "MoS2_GAA" -region "MoS2" -name "ElectronCurrent:Holes@n0" -equation "((ElectronCharge * ElectronMobility * V_t * (-(Bern01 * Electrons@n0:Holes@n0) - (Bern01:Holes@n0 * Electrons@n0) + (Bern01 * Electrons@n1:Holes@n0) + (Bern01:Holes@n0 * Electrons@n1) + (Electrons@n1 * vdiff:Holes@n0) + (Electrons@n1:Holes@n0 * vdiff)) * EdgeInverseLength) + (ElectronCharge * ElectronMobility * V_t * EdgeInverseLength:Holes@n0 * kahan3((Bern01 * Electrons@n1), (Electrons@n1 * vdiff), (-Bern01 * Electrons@n0))));" -display_type "scalar"
end_edge_model

begin_edge_model "ElectronCurrent:Holes@n1"
COMMAND edge_model -device "MoS2_GAA" -region "MoS2" -name "ElectronCurrent:Holes@n1" -equation "((ElectronCharge * ElectronMobility * V_t * (-(Bern01 * Electrons@n0:Holes@n1) - (Bern01:Holes@n1 * Electrons@n0) + (Bern01 * Electrons@n1:Holes@n1) + (Bern01:Holes@n1 * Electrons@n1) + (Electrons@n1 * vdiff:Holes@n1) + (Electrons@n1:Holes@n1 * vdiff)) * EdgeInverseLength) + (ElectronCharge * ElectronMobility * V_t * EdgeInverseLength:Holes@n1 * kahan3((Bern01 * Electrons@n1), (Electrons@n1 * vdiff), (-Bern01 * Electrons@n0))));" -display_type "scalar"
end_edge_model

begin_edge_model "ElectronCurrent:Potential@n0"
COMMAND edge_model -device "MoS2_GAA" -region "MoS2" -name "ElectronCurrent:Potential@n0" -equation "((ElectronCharge * ElectronMobility * V_t * (-(Bern01 * Electrons@n0:Potential@n0) - (Bern01:Potential@n0 * Electrons@n0) + (Bern01 * Electrons@n1:Potential@n0) + (Bern01:Potential@n0 * Electrons@n1) + (Electrons@n1 * vdiff:Potential@n0) + (Electrons@n1:Potential@n0 * vdiff)) * EdgeInverseLength) + (ElectronCharge * ElectronMobility * V_t * EdgeInverseLength:Potential@n0 * kahan3((Bern01 * Electrons@n1), (Electrons@n1 * vdiff), (-Bern01 * Electrons@n0))));" -display_type "scalar"
end_edge_model

begin_edge_model "ElectronCurrent:Potential@n1"
COMMAND edge_model -device "MoS2_GAA" -region "MoS2" -name "ElectronCurrent:Potential@n1" -equation "((ElectronCharge * ElectronMobility * V_t * (-(Bern01 * Electrons@n0:Potential@n1) - (Bern01:Potential@n1 * Electrons@n0) + (Bern01 * Electrons@n1:Potential@n1) + (Bern01:Potential@n1 * Electrons@n1) + (Electrons@n1 * vdiff:Potential@n1) + (Electrons@n1:Potential@n1 * vdiff)) * EdgeInverseLength) + (ElectronCharge * ElectronMobility * V_t * EdgeInverseLength:Potential@n1 * kahan3((Bern01 * Electrons@n1), (Electrons@n1 * vdiff), (-Bern01 * Electrons@n0))));" -display_type "scalar"
end_edge_model

begin_edge_model "Electrons@n0"
COMMAND edge_from_node_model -device "MoS2_GAA" -region "MoS2" -node_model "Electrons"
end_edge_model

begin_edge_model "Electrons@n1"
DATAPARENT "Electrons@n0"
end_edge_model

begin_edge_model "Holes@n0"
COMMAND edge_from_node_model -device "MoS2_GAA" -region "MoS2" -node_model "Holes"
end_edge_model

begin_edge_model "Holes@n1"
DATAPARENT "Holes@n0"
end_edge_model

begin_edge_model "Potential@n0"
COMMAND edge_from_node_model -device "MoS2_GAA" -region "MoS2" -node_model "Potential"
end_edge_model

begin_edge_model "Potential@n1"
DATAPARENT "Potential@n0"
end_edge_model

begin_edge_model "PotentialEdgeFlux"
COMMAND edge_model -device "MoS2_GAA" -region "MoS2" -name "PotentialEdgeFlux" -equation "(Permittivity * ElectricField);" -display_type "scalar"
end_edge_model

begin_edge_model "PotentialEdgeFlux:Potential@n0"
COMMAND edge_model -device "MoS2_GAA" -region "MoS2" -name "PotentialEdgeFlux:Potential@n0" -equation "(Permittivity * EdgeInverseLength);" -display_type "scalar"
end_edge_model

begin_edge_model "PotentialEdgeFlux:Potential@n1"
COMMAND edge_model -device "MoS2_GAA" -region "MoS2" -name "PotentialEdgeFlux:Potential@n1" -equation "(-Permittivity * EdgeInverseLength);" -display_type "scalar"
end_edge_model

begin_edge_model "edge_index"
BUILTIN
end_edge_model

begin_edge_model "unitx"
BUILTIN
end_edge_model

begin_edge_model "unity"
DATAPARENT "unitx"
end_edge_model

begin_edge_model "vdiff"
COMMAND edge_model -device "MoS2_GAA" -region "MoS2" -name "vdiff" -equation "((Potential@n0 - Potential@n1) * pow(V_t,(-1)));" -display_type "scalar"
end_edge_model

begin_edge_model "vdiff:Potential@n0"
COMMAND edge_model -device "MoS2_GAA" -region "MoS2" -name "vdiff:Potential@n0" -equation "pow(V_t,(-1));" -display_type "scalar"
end_edge_model

begin_edge_model "vdiff:Potential@n1"
COMMAND edge_model -device "MoS2_GAA" -region "MoS2" -name "vdiff:Potential@n1" -equation "(-vdiff:Potential@n0);" -display_type "scalar"
end_edge_model

begin_triangle_edge_model "ElectricFieldMagnitude"
COMMAND element_model -device "MoS2_GAA" -region "MoS2" -name "ElectricFieldMagnitude" -equation "pow((pow(ElectricField_x,2) + pow(ElectricField_y,2)),5.000000000000000e-01);"
end_triangle_edge_model

begin_triangle_edge_model "ElectricField_x"
COMMAND element_from_edge_model -device "MoS2_GAA" -region "MoS2" -edge_model "ElectricField"
end_triangle_edge_model

begin_triangle_edge_model "ElectricField_y"
DATAPARENT "ElectricField_x"
end_triangle_edge_model

begin_triangle_edge_model "ElectronCurrentMagnitude"
COMMAND element_model -device "MoS2_GAA" -region "MoS2" -name "ElectronCurrentMagnitude" -equation "pow((pow(ElectronCurrent_x,2) + pow(ElectronCurrent_y,2)),5.000000000000000e-01);"
end_triangle_edge_model

begin_triangle_edge_model "ElectronCurrent_x"
COMMAND element_from_edge_model -device "MoS2_GAA" -region "MoS2" -edge_model "ElectronCurrent"
end_triangle_edge_model

begin_triangle_edge_model "ElectronCurrent_y"
DATAPARENT "ElectronCurrent_x"
end_triangle_edge_model

begin_triangle_edge_model "ElementCylindricalEdgeCouple"
COMMAND element_cylindrical_edge_couple -device "MoS2_GAA" -region "MoS2"
end_triangle_edge_model

begin_triangle_edge_model "ElementCylindricalNodeVolume@en0"
COMMAND element_cylindrical_node_volume -device "MoS2_GAA" -region "MoS2"
end_triangle_edge_model

begin_triangle_edge_model "ElementCylindricalNodeVolume@en1"
DATAPARENT "ElementCylindricalNodeVolume@en0"
end_triangle_edge_model

begin_triangle_edge_model "ElementEdgeCouple"
BUILTIN
end_triangle_edge_model

begin_triangle_edge_model "ElementNodeVolume"
BUILTIN
end_triangle_edge_model

begin_equation "ElectronContinuityEquation"
COMMAND equation -device "MoS2_GAA" -region "MoS2" -name "ElectronContinuityEquation" -variable_name "Electrons" -variable_update "positive" -node_model "" -edge_model "ElectronCurrent" -edge_volume_model "" -element_model "" -volume_node0_model "" -volume_node1_model "" -time_node_model ""
end_equation

begin_equation "PotentialEquation"
COMMAND equation -device "MoS2_GAA" -region "MoS2" -name "PotentialEquation" -variable_name "Potential" -variable_update "log_damp" -node_model "PotentialNodeCharge" -edge_model "PotentialEdgeFlux" -edge_volume_model "" -element_model "" -volume_node0_model "" -volume_node1_model "" -time_node_model ""
end_equation

end_region

begin_region "TunnelOxide" "Oxide"
begin_nodes
1071
1072
1122
1123
1073
1124
1074
1125
1075
1126
1076
1127
1077
1128
1078
1129
1079
1130
1080
1131
1081
1132
1082
1133
1083
1134
1084
1135
1085
1136
1086
1137
1087
1138
1088
1139
1089
1140
1090
1141
1091
1142
1092
1143
1093
1144
1094
1145
1095
1146
1096
1147
1097
1148
1098
1149
1099
1150
1100
1151
1101
1152
1102
1153
1103
1154
1104
1155
1105
1156
1106
1157
1107
1158
1108
1159
1109
1160
1110
1161
1111
1162
1112
1163
1113
1164
1114
1165
1115
1166
1116
1167
1117
1168
1118
1169
1119
1170
1120
1171
1121
1172
1173
1174
1175
1176
1177
1178
1179
1180
1181
1182
1183
1184
1185
1186
1187
1188
1189
1190
1191
1192
1193
1194
1195
1196
1197
1198
1199
1200
1201
1202
1203
1204
1205
1206
1207
1208
1209
1210
1211
1212
1213
1214
1215
1216
1217
1218
1219
1220
1221
1222
1223
1224
1225
1226
1227
1228
1229
1230
1231
1232
1233
1234
1235
1236
1237
1238
1239
1240
1241
1242
1243
1244
1245
1246
1247
1248
1249
1250
1251
1252
1253
1254
1255
1256
1257
1258
1259
1260
1261
1262
1263
1264
1265
1266
1267
1268
1269
1270
1271
1272
1273
1274
1275
1276
1277
1278
1279
1280
1281
1282
1283
1284
1285
1286
1287
1288
1289
1290
1291
1292
1293
1294
1295
1296
1297
1298
1299
1300
1301
1302
1303
1304
1305
1306
1307
1308
1309
1310
1311
1312
1313
1314
1315
1316
1317
1318
1319
1320
1321
1322
1323
1324
1325
1326
1327
1328
1329
1330
1331
1332
1333
1334
1335
1336
1337
1338
1339
1340
1341
1342
1343
1344
1345
1346
1347
1348
1349
1350
1351
1352
1353
1354
1355
1356
1357
1358
1359
1360
1361
1362
1363
1364
1365
1366
1367
1368
1369
1370
1371
1372
1373
1374
1375
1376
1377
1378
1379
1380
1381
1382
1383
1384
1385
1386
1387
1388
1389
1390
1391
1392
1393
1394
1395
1396
1397
1398
1399
1400
1401
1402
1403
1404
1405
1406
1407
1408
1409
1410
1411
1412
1413
1414
1415
1416
1417
1418
1419
1420
1421
1422
1423
1424
1425
1426
1427
1428
1429
1430
1431
1432
1433
1434
1435
1436
1437
1438
1439
1440
1441
1442
1443
1444
1445
1446
1447
1448
1449
1450
1451
1452
1453
1454
1455
1456
1457
1458
1459
1460
1461
1462
1463
1464
1465
1466
1467
1468
1469
1470
1471
1472
1473
1474
1475
1476
1477
1478
1479
1480
1481
1482
1483
1484
1485
1486
1487
1488
1489
1490
1491
1492
1493
1494
1495
1496
1497
1498
1499
1500
1501
1502
1503
1504
1505
1506
1507
1508
1509
1510
1511
1512
1513
1514
1515
1516
1517
1518
1519
1520
1521
1522
1523
1524
1525
1526
1527
1528
1529
1530
1531
1532
1533
1534
1535
1536
1537
1538
1539
1540
1541
1542
1543
1544
1545
1546
1547
1548
1549
1550
1551
1552
1553
1554
1555
1556
1557
1558
1559
1560
1561
1562
1563
1564
1565
1566
1567
1568
1569
1570
1571
1572
1573
1574
1575
1576
1577
1578
1579
1580
1581
1582
1583
1584
1585
1586
1587
1588
1589
1590
1591
1592
1593
1594
1595
1596
1597
1598
1599
1600
1601
1602
1603
1604
1605
1606
1607
1608
1609
1610
1611
1612
1613
1614
1615
1616
1617
1618
1619
1620
1621
1622
1623
1624
1625
1626
1627
1628
1629
1630
1631
end_nodes

begin_triangles
0	1	2
1	2	3
1	3	4
2	3	102
3	4	5
3	5	103
3	102	103
4	5	6
5	6	7
5	7	104
5	103	104
6	7	8
7	8	9
7	9	105
7	104	105
8	9	10
9	10	11
9	11	106
9	105	106
10	11	12
11	12	13
11	13	107
11	106	107
12	13	14
13	14	15
13	15	108
13	107	108
14	15	16
15	16	17
15	17	109
15	108	109
16	17	18
17	18	19
17	19	110
17	109	110
18	19	20
19	20	21
19	21	111
19	110	111
20	21	22
21	22	23
21	23	112
21	111	112
22	23	24
23	24	25
23	25	113
23	112	113
24	25	26
25	26	27
25	27	114
25	113	114
26	27	28
27	28	29
27	29	115
27	114	115
28	29	30
29	30	31
29	31	116
29	115	116
30	31	32
31	32	33
31	33	117
31	116	117
32	33	34
33	34	35
33	35	118
33	117	118
34	35	36
35	36	37
35	37	119
35	118	119
36	37	38
37	38	39
37	39	120
37	119	120
38	39	40
39	40	41
39	41	121
39	120	121
40	41	42
41	42	43
41	43	122
41	121	122
42	43	44
43	44	45
43	45	123
43	122	123
44	45	46
45	46	47
45	47	124
45	123	124
46	47	48
47	48	49
47	49	125
47	124	125
48	49	50
49	50	51
49	51	126
49	125	126
50	51	52
51	52	53
51	53	127
51	126	127
52	53	54
53	54	55
53	55	128
53	127	128
54	55	56
55	56	57
55	57	129
55	128	129
56	57	58
57	58	59
57	59	130
57	129	130
58	59	60
59	60	61
59	61	131
59	130	131
60	61	62
61	62	63
61	63	132
61	131	132
62	63	64
63	64	65
63	65	133
63	132	133
64	65	66
65	66	67
65	67	134
65	133	134
66	67	68
67	68	69
67	69	135
67	134	135
68	69	70
69	70	71
69	71	136
69	135	136
70	71	72
71	72	73
71	73	137
71	136	137
72	73	74
73	74	75
73	75	138
73	137	138
74	75	76
75	76	77
75	77	139
75	138	139
76	77	78
77	78	79
77	79	140
77	139	140
78	79	80
79	80	81
79	81	141
79	140	141
80	81	82
81	82	83
81	83	142
81	141	142
82	83	84
83	84	85
83	85	143
83	142	143
84	85	86
85	86	87
85	87	144
85	143	144
86	87	88
87	88	89
87	89	145
87	144	145
88	89	90
89	90	91
89	91	146
89	145	146
90	91	92
91	92	93
91	93	147
91	146	147
92	93	94
93	94	95
93	95	148
93	147	148
94	95	96
95	96	97
95	97	149
95	148	149
96	97	98
97	98	99
97	99	150
97	149	150
98	99	100
99	100	101
99	101	151
99	150	151
101	151	152
102	103	153
103	104	154
103	153	154
104	105	155
104	154	155
105	106	156
105	155	156
106	107	157
106	156	157
107	108	158
107	157	158
108	109	159
108	158	159
109	110	160
109	159	160
110	111	161
110	160	161
111	112	162
111	161	162
112	113	163
112	162	163
113	114	164
113	163	164
114	115	165
114	164	165
115	116	166
115	165	166
116	117	167
116	166	167
117	118	168
117	167	168
118	119	169
118	168	169
119	120	170
119	169	170
120	121	171
120	170	171
121	122	172
121	171	172
122	123	173
122	172	173
123	124	174
123	173	174
124	125	175
124	174	175
125	126	176
125	175	176
126	127	177
126	176	177
127	128	178
127	177	178
128	129	179
128	178	179
129	130	180
129	179	180
130	131	181
130	180	181
131	132	182
131	181	182
132	133	183
132	182	183
133	134	184
133	183	184
134	135	185
134	184	185
135	136	186
135	185	186
136	137	187
136	186	187
137	138	188
137	187	188
138	139	189
138	188	189
139	140	190
139	189	190
140	141	191
140	190	191
141	142	192
141	191	192
142	143	193
142	192	193
143	144	194
143	193	194
144	145	195
144	194	195
145	146	196
145	195	196
146	147	197
146	196	197
147	148	198
147	197	198
148	149	199
148	198	199
149	150	200
149	199	200
150	151	201
150	200	201
151	152	202
151	201	202
152	202	203
153	154	204
154	155	205
154	204	205
155	156	206
155	205	206
156	157	207
156	206	207
157	158	208
157	207	208
158	159	209
158	208	209
159	160	210
159	209	210
160	161	211
160	210	211
161	162	212
161	211	212
162	163	213
162	212	213
163	164	214
163	213	214
164	165	215
164	214	215
165	166	216
165	215	216
166	167	217
166	216	217
167	168	218
167	217	218
168	169	219
168	218	219
169	170	220
169	219	220
170	171	221
170	220	221
171	172	222
171	221	222
172	173	223
172	222	223
173	174	224
173	223	224
174	175	225
174	224	225
175	176	226
175	225	226
176	177	227
176	226	227
177	178	228
177	227	228
178	179	229
178	228	229
179	180	230
179	229	230
180	181	231
180	230	231
181	182	232
181	231	232
182	183	233
182	232	233
183	184	234
183	233	234
184	185	235
184	234	235
185	186	236
185	235	236
186	187	237
186	236	237
187	188	238
187	237	238
188	189	239
188	238	239
189	190	240
189	239	240
190	191	241
190	240	241
191	192	242
191	241	242
192	193	243
192	242	243
193	194	244
193	243	244
194	195	245
194	244	245
195	196	246
195	245	246
196	197	247
196	246	247
197	198	248
197	247	248
198	199	249
198	248	249
199	200	250
199	249	250
200	201	251
200	250	251
201	202	252
201	251	252
202	203	253
202	252	253
203	253	254
204	205	255
205	206	256
205	255	256
206	207	257
206	256	257
207	208	258
207	257	258
208	209	259
208	258	259
209	210	260
209	259	260
210	211	261
210	260	261
211	212	262
211	261	262
212	213	263
212	262	263
213	214	264
213	263	264
214	215	265
214	264	265
215	216	266
215	265	266
216	217	267
216	266	267
217	218	268
217	267	268
218	219	269
218	268	269
219	220	270
219	269	270
220	221	271
220	270	271
221	222	272
221	271	272
222	223	273
222	272	273
223	224	274
223	273	274
224	225	275
224	274	275
225	226	276
225	275	276
226	227	277
226	276	277
227	228	278
227	277	278
228	229	279
228	278	279
229	230	280
229	279	280
230	231	281
230	280	281
231	232	282
231	281	282
232	233	283
232	282	283
233	234	284
233	283	284
234	235	285
234	284	285
235	236	286
235	285	286
236	237	287
236	286	287
237	238	288
237	287	288
238	239	289
238	288	289
239	240	290
239	289	290
240	241	291
240	290	291
241	242	292
241	291	292
242	243	293
242	292	293
243	244	294
243	293	294
244	245	295
244	294	295
245	246	296
245	295	296
246	247	297
246	296	297
247	248	298
247	297	298
248	249	299
248	298	299
249	250	300
249	299	300
250	251	301
250	300	301
251	252	302
251	301	302
252	253	303
252	302	303
253	254	304
253	303	304
254	304	305
255	256	306
256	257	307
256	306	307
257	258	308
257	307	308
258	259	309
258	308	309
259	260	310
259	309	310
260	261	311
260	310	311
261	262	312
261	311	312
262	263	313
262	312	313
263	264	314
263	313	314
264	265	315
264	314	315
265	266	316
265	315	316
266	267	317
266	316	317
267	268	318
267	317	318
268	269	319
268	318	319
269	270	320
269	319	320
270	271	321
270	320	321
271	272	322
271	321	322
272	273	323
272	322	323
273	274	324
273	323	324
274	275	325
274	324	325
275	276	326
275	325	326
276	277	327
276	326	327
277	278	328
277	327	328
278	279	329
278	328	329
279	280	330
279	329	330
280	281	331
280	330	331
281	282	332
281	331	332
282	283	333
282	332	333
283	284	334
283	333	334
284	285	335
284	334	335
285	286	336
285	335	336
286	287	337
286	336	337
287	288	338
287	337	338
288	289	339
288	338	339
289	290	340
289	339	340
290	291	341
290	340	341
291	292	342
291	341	342
292	293	343
292	342	343
293	294	344
293	343	344
294	295	345
294	344	345
295	296	346
295	345	346
296	297	347
296	346	347
297	298	348
297	347	348
298	299	349
298	348	349
299	300	350
299	349	350
300	301	351
300	350	351
301	302	352
301	351	352
302	303	353
302	352	353
303	304	354
303	353	354
304	305	355
304	354	355
305	355	356
306	307	357
307	308	358
307	357	358
308	309	359
308	358	359
309	310	360
309	359	360
310	311	361
310	360	361
311	312	362
311	361	362
312	313	363
312	362	363
313	314	364
313	363	364
314	315	365
314	364	365
315	316	366
315	365	366
316	317	367
316	366	367
317	318	368
317	367	368
318	319	369
318	368	369
319	320	370
319	369	370
320	321	371
320	370	371
321	322	372
321	371	372
322	323	373
322	372	373
323	324	374
323	373	374
324	325	375
324	374	375
325	326	376
325	375	376
326	327	377
326	376	377
327	328	378
327	377	378
328	329	379
328	378	379
329	330	380
329	379	380
330	331	381
330	380	381
331	332	382
331	381	382
332	333	383
332	382	383
333	334	384
333	383	384
334	335	385
334	384	385
335	336	386
335	385	386
336	337	387
336	386	387
337	338	388
337	387	388
338	339	389
338	388	389
339	340	390
339	389	390
340	341	391
340	390	391
341	342	392
341	391	392
342	343	393
342	392	393
343	344	394
343	393	394
344	345	395
344	394	395
345	346	396
345	395	396
346	347	397
346	396	397
347	348	398
347	397	398
348	349	399
348	398	399
349	350	400
349	399	400
350	351	401
350	400	401
351	352	402
351	401	402
352	353	403
352	402	403
353	354	404
353	403	404
354	355	405
354	404	405
355	356	406
355	405	406
356	406	407
357	358	408
358	359	409
358	408	409
359	360	410
359	409	410
360	361	411
360	410	411
361	362	412
361	411	412
362	363	413
362	412	413
363	364	414
363	413	414
364	365	415
364	414	415
365	366	416
365	415	416
366	367	417
366	416	417
367	368	418
367	417	418
368	369	419
368	418	419
369	370	420
369	419	420
370	371	421
370	420	421
371	372	422
371	421	422
372	373	423
372	422	423
373	374	424
373	423	424
374	375	425
374	424	425
375	376	426
375	425	426
376	377	427
376	426	427
377	378	428
377	427	428
378	379	429
378	428	429
379	380	430
379	429	430
380	381	431
380	430	431
381	382	432
381	431	432
382	383	433
382	432	433
383	384	434
383	433	434
384	385	435
384	434	435
385	386	436
385	435	436
386	387	437
386	436	437
387	388	438
387	437	438
388	389	439
388	438	439
389	390	440
389	439	440
390	391	441
390	440	441
391	392	442
391	441	442
392	393	443
392	442	443
393	394	444
393	443	444
394	395	445
394	444	445
395	396	446
395	445	446
396	397	447
396	446	447
397	398	448
397	447	448
398	399	449
398	448	449
399	400	450
399	449	450
400	401	451
400	450	451
401	402	452
401	451	452
402	403	453
402	452	453
403	404	454
403	453	454
404	405	455
404	454	455
405	406	456
405	455	456
406	407	457
406	456	457
407	457	458
408	409	459
409	410	460
409	459	460
410	411	461
410	460	461
411	412	462
411	461	462
412	413	463
412	462	463
413	414	464
413	463	464
414	415	465
414	464	465
415	416	466
415	465	466
416	417	467
416	466	467
417	418	468
417	467	468
418	419	469
418	468	469
419	420	470
419	469	470
420	421	471
420	470	471
421	422	472
421	471	472
422	423	473
422	472	473
423	424	474
423	473	474
424	425	475
424	474	475
425	426	476
425	475	476
426	427	477
426	476	477
427	428	478
427	477	478
428	429	479
428	478	479
429	430	480
429	479	480
430	431	481
430	480	481
431	432	482
431	481	482
432	433	483
432	482	483
433	434	484
433	483	484
434	435	485
434	484	485
435	436	486
435	485	486
436	437	487
436	486	487
437	438	488
437	487	488
438	439	489
438	488	489
439	440	490
439	489	490
440	441	491
440	490	491
441	442	492
441	491	492
442	443	493
442	492	493
443	444	494
443	493	494
444	445	495
444	494	495
445	446	496
445	495	496
446	447	497
446	496	497
447	448	498
447	497	498
448	449	499
448	498	499
449	450	500
449	499	500
450	451	501
450	500	501
451	452	502
451	501	502
452	453	503
452	502	503
453	454	504
453	503	504
454	455	505
454	504	505
455	456	506
455	505	506
456	457	507
456	506	507
457	458	508
457	507	508
458	508	509
459	460	510
460	461	511
460	510	511
461	462	512
461	511	512
462	463	513
462	512	513
463	464	514
463	513	514
464	465	515
464	514	515
465	466	516
465	515	516
466	467	517
466	516	517
467	468	518
467	517	518
468	469	519
468	518	519
469	470	520
469	519	520
470	471	521
470	520	521
471	472	522
471	521	522
472	473	523
472	522	523
473	474	524
473	523	524
474	475	525
474	524	525
475	476	526
475	525	526
476	477	527
476	526	527
477	478	528
477	527	528
478	479	529
478	528	529
479	480	530
479	529	530
480	481	531
480	530	531
481	482	532
481	531	532
482	483	533
482	532	533
483	484	534
483	533	534
484	485	535
484	534	535
485	486	536
485	535	536
486	487	537
486	536	537
487	488	538
487	537	538
488	489	539
488	538	539
489	490	540
489	539	540
490	491	541
490	540	541
491	492	542
491	541	542
492	493	543
492	542	543
493	494	544
493	543	544
494	495	545
494	544	545
495	496	546
495	545	546
496	497	547
496	546	547
497	498	548
497	547	548
498	499	549
498	548	549
499	500	550
499	549	550
500	501	551
500	550	551
501	502	552
501	551	552
502	503	553
502	552	553
503	504	554
503	553	554
504	505	555
504	554	555
505	506	556
505	555	556
506	507	557
506	556	557
507	508	558
507	557	558
508	509	559
508	558	559
509	559	560
end_triangles

begin_node_model "AtContactNode"
BUILTIN
end_node_model

begin_node_model "ContactNSurfaceNormal_x"
DATAPARENT "SurfaceArea"
end_node_model

begin_node_model "ContactNSurfaceNormal_y"
DATAPARENT "SurfaceArea"
end_node_model

begin_node_model "ContactSurfaceArea"
DATAPARENT "SurfaceArea"
end_node_model

begin_node_model "CylindricalNodeVolume"
DATAPARENT "ElementCylindricalNodeVolume@en0"
end_node_model

begin_node_model "CylindricalSurfaceArea"
COMMAND cylindrical_surface_area -device "MoS2_GAA" -region "TunnelOxide"
end_node_model

begin_node_model "NSurfaceNormal_x"
DATAPARENT "SurfaceArea"
end_node_model

begin_node_model "NSurfaceNormal_y"
DATAPARENT "SurfaceArea"
end_node_model

begin_node_model "NodeVolume"
BUILTIN
end_node_model

begin_node_model "Potential"
DATA
1.338221068955663e-01
1.831406869335770e-01
1.333309590530390e-01
1.729184765115225e-01
1.302029387982414e-01
1.271466336641641e-01
9.999173159868571e-02
9.846917798228449e-02
8.055294287474497e-02
7.963393988033099e-02
6.688025758024349e-02
6.627049302054540e-02
5.661098124997120e-02
5.618249437378968e-02
4.853023624826503e-02
4.821667023308611e-02
4.196497107389308e-02
4.172816215399197e-02
3.651515914057515e-02
3.633163127941637e-02
3.192660376842246e-02
3.178120175362055e-02
2.802754492258950e-02
2.791011411417241e-02
2.469555933759762e-02
2.459908690082926e-02
2.183948050836376e-02
2.175899725445573e-02
1.938906349998270e-02
1.932096668069916e-02
1.728879893003448e-02
1.723041984597507e-02
1.549403852502717e-02
1.544335849052778e-02
1.396846214786536e-02
1.392392147733752e-02
1.268235699020150e-02
1.264272394680967e-02
1.161141012938503e-02
1.157568937688288e-02
1.073583983118664e-02
1.070320733880301e-02
1.003976004675681e-02
1.000951590431459e-02
9.510712312760865e-03
9.482245733045076e-03
9.139323022942172e-03
9.112085608807014e-03
8.919058829211853e-03
8.892543344090651e-03
8.846062575780833e-03
8.819785200209011e-03
8.919058829211837e-03
8.892543344090637e-03
9.139323022942141e-03
9.112085608806983e-03
9.510712312760818e-03
9.482245733045029e-03
1.003976004675674e-02
1.000951590431452e-02
1.073583983118656e-02
1.070320733880292e-02
1.161141012938493e-02
1.157568937688278e-02
1.268235699020138e-02
1.264272394680955e-02
1.396846214786521e-02
1.392392147733738e-02
1.549403852502700e-02
1.544335849052760e-02
1.728879893003427e-02
1.723041984597487e-02
1.938906349998246e-02
1.932096668069893e-02
2.183948050836348e-02
2.175899725445546e-02
2.469555933759731e-02
2.459908690082895e-02
2.802754492258915e-02
2.791011411417205e-02
3.192660376842205e-02
3.178120175362014e-02
3.651515914057468e-02
3.633163127941590e-02
4.196497107389253e-02
4.172816215399143e-02
4.853023624826439e-02
4.821667023308546e-02
5.661098124997043e-02
5.618249437378892e-02
6.688025758024256e-02
6.627049302054447e-02
8.055294287474382e-02
7.963393988032987e-02
9.999173159868419e-02
9.846917798228300e-02
1.302029387982393e-01
1.271466336641621e-01
1.831406869335737e-01
1.729184765115195e-01
1.338221068955631e-01
1.333309590530359e-01
1.318584719887655e-01
1.626714003135038e-01
1.235813162071767e-01
9.667743994321364e-02
7.855797790538123e-02
6.556076484411479e-02
5.568587500466007e-02
4.785413579801948e-02
4.145465074257555e-02
3.611966102198377e-02
3.161315990117186e-02
2.777426449868239e-02
2.448735543131908e-02
2.166567599964605e-02
1.924192169729438e-02
1.716258916726386e-02
1.538442434721340e-02
1.387209087607423e-02
1.259657861868631e-02
1.153408117563989e-02
1.066518394558058e-02
9.974266987616486e-03
9.449062996900891e-03
9.080332245019198e-03
8.861629740509096e-03
8.789148609447224e-03
8.861629740509082e-03
9.080332245019168e-03
9.449062996900844e-03
9.974266987616420e-03
1.066518394558050e-02
1.153408117563979e-02
1.259657861868618e-02
1.387209087607408e-02
1.538442434721323e-02
1.716258916726366e-02
1.924192169729415e-02
2.166567599964578e-02
2.448735543131877e-02
2.777426449868204e-02
3.161315990117145e-02
3.611966102198329e-02
4.145465074257501e-02
4.785413579801884e-02
5.568587500465932e-02
6.556076484411387e-02
7.855797790538011e-02
9.667743994321218e-02
1.235813162071747e-01
1.626714003135011e-01
1.318584719887625e-01
1.293314248735455e-01
1.524429828656141e-01
1.194839495606862e-01
9.457907972034596e-02
7.730014089389523e-02
6.473485050789957e-02
5.511004584071637e-02
4.743465194181066e-02
4.113841114317312e-02
3.587452482691589e-02
3.141866588145623e-02
2.761684914717467e-02
2.435772109900019e-02
2.155726381299445e-02
1.914998565579314e-02
1.708361356278265e-02
1.531574559673843e-02
1.381164550164498e-02
1.254273145124384e-02
1.148550583655717e-02
1.062077804176481e-02
9.933090663453242e-03
9.410293309418479e-03
9.043228237365192e-03
8.825504625630060e-03
8.753346452396527e-03
8.825504625630044e-03
9.043228237365161e-03
9.410293309418430e-03
9.933090663453178e-03
1.062077804176473e-02
1.148550583655707e-02
1.254273145124371e-02
1.381164550164484e-02
1.531574559673825e-02
1.708361356278245e-02
1.914998565579290e-02
2.155726381299418e-02
2.435772109899987e-02
2.761684914717432e-02
3.141866588145583e-02
3.587452482691542e-02
4.113841114317258e-02
4.743465194181003e-02
5.511004584071563e-02
6.473485050789866e-02
7.730014089389413e-02
9.457907972034453e-02
1.194839495606843e-01
1.524429828656116e-01
1.293314248735426e-01
1.257053370662274e-01
1.422614530173401e-01
1.148412293584241e-01
9.213670412240121e-02
7.583345588132252e-02
6.377466094331850e-02
5.444246138861842e-02
4.694908293317546e-02
4.077248744642593e-02
3.559073154898135e-02
3.119326157799614e-02
2.743416979151559e-02
2.420706405961889e-02
2.143109309218469e-02
1.904285166410053e-02
1.699147792888799e-02
1.523554529711622e-02
1.374100362176638e-02
1.247976061314994e-02
1.142867169945142e-02
1.056880253043844e-02
9.884881846286837e-03
9.364893291358343e-03
8.999773215411554e-03
8.783193020243172e-03
8.711412145809791e-03
8.783193020243158e-03
8.999773215411525e-03
9.364893291358296e-03
9.884881846286773e-03
1.056880253043836e-02
1.142867169945131e-02
1.247976061314982e-02
1.374100362176624e-02
1.523554529711605e-02
1.699147792888779e-02
1.904285166410030e-02
2.143109309218442e-02
2.420706405961858e-02
2.743416979151524e-02
3.119326157799574e-02
3.559073154898089e-02
4.077248744642540e-02
4.694908293317483e-02
5.444246138861768e-02
6.377466094331762e-02
7.583345588132145e-02
9.213670412239983e-02
1.148412293584224e-01
1.422614530173378e-01
1.257053370662246e-01
1.209692481038196e-01
1.321359509664782e-01
1.096502394683794e-01
8.931507582982709e-02
7.412974787829554e-02
6.266050751020653e-02
5.366914927855188e-02
4.638709195275117e-02
4.034891406206785e-02
3.526193284217067e-02
3.093175342930236e-02
2.722189150487528e-02
2.403170924394009e-02
2.128400896295809e-02
1.891778271910861e-02
1.688378533652085e-02
1.514170550026149e-02
1.365827691601753e-02
1.240596652377823e-02
1.136203325811554e-02
1.050783594257794e-02
9.828316519360178e-03
9.311612345101479e-03
8.948767801457596e-03
8.733525803487950e-03
8.662186576587303e-03
8.733525803487935e-03
8.948767801457565e-03
9.311612345101432e-03
9.828316519360114e-03
1.050783594257786e-02
1.136203325811544e-02
1.240596652377811e-02
1.365827691601739e-02
1.514170550026132e-02
1.688378533652065e-02
1.891778271910837e-02
2.128400896295782e-02
2.403170924393978e-02
2.722189150487493e-02
3.093175342930196e-02
3.526193284217020e-02
4.034891406206732e-02
4.638709195275054e-02
5.366914927855115e-02
6.266050751020566e-02
7.412974787829449e-02
8.931507582982576e-02
1.096502394683777e-01
1.321359509664762e-01
1.209692481038171e-01
1.151480802873285e-01
1.220536539532784e-01
1.039181308259447e-01
8.608375058942459e-02
7.216105394152968e-02
6.137167918619931e-02
5.277490496954330e-02
4.573716699601899e-02
3.985866749924005e-02
3.488084391292574e-02
3.062812241535751e-02
2.697495161439819e-02
2.382733878131767e-02
2.111228723662864e-02
1.877153590088837e-02
1.675768747369036e-02
1.503170359296950e-02
1.356121218146202e-02
1.231931830253830e-02
1.128374169843322e-02
1.043617640341795e-02
9.761808477241101e-03
9.248951535384001e-03
8.888774006102057e-03
8.675101012038278e-03
8.604279701258542e-03
8.675101012038262e-03
8.888774006102027e-03
9.248951535383956e-03
9.761808477241039e-03
1.043617640341787e-02
1.128374169843312e-02
1.231931830253818e-02
1.356121218146188e-02
1.503170359296933e-02
1.675768747369017e-02
1.877153590088814e-02
2.111228723662838e-02
2.382733878131736e-02
2.697495161439785e-02
3.062812241535711e-02
3.488084391292529e-02
3.985866749923953e-02
4.573716699601837e-02
5.277490496954259e-02
6.137167918619846e-02
7.216105394152866e-02
8.608375058942333e-02
1.039181308259431e-01
1.220536539532766e-01
1.151480802873262e-01
1.083022540178388e-01
1.119776005615218e-01
9.766077032048075e-02
8.242021891287873e-02
6.990175207110903e-02
5.988746005503585e-02
5.174371825504747e-02
4.498676286571279e-02
3.929167349102396e-02
3.443918777561365e-02
3.027544073144078e-02
2.668746642548233e-02
2.358889764554975e-02
2.091154335900329e-02
1.860027663920676e-02
1.660980496852031e-02
1.490253871898500e-02
1.344712351580695e-02
1.221739117102269e-02
1.119158687283465e-02
1.035178748419099e-02
9.683458342490698e-03
9.175115057222351e-03
8.818068439391893e-03
8.606238093559896e-03
8.536025146219321e-03
8.606238093559881e-03
8.818068439391862e-03
9.175115057222306e-03
9.683458342490637e-03
1.035178748419091e-02
1.119158687283455e-02
1.221739117102257e-02
1.344712351580681e-02
1.490253871898483e-02
1.660980496852011e-02
1.860027663920653e-02
2.091154335900303e-02
2.358889764554945e-02
2.668746642548199e-02
3.027544073144039e-02
3.443918777561320e-02
3.929167349102345e-02
4.498676286571219e-02
5.174371825504678e-02
5.988746005503502e-02
6.990175207110806e-02
8.242021891287754e-02
9.766077032047929e-02
1.119776005615201e-01
1.083022540178368e-01
1.005252591546221e-01
1.018440328686926e-01
9.090058117834138e-02
7.831359191665589e-02
6.733157390407303e-02
5.818873956094628e-02
5.055952951435658e-02
4.412261654069882e-02
3.863690218944053e-02
3.392768161224019e-02
2.986580565173572e-02
2.635264156043480e-02
2.331049555880088e-02
2.067663373799362e-02
1.839948345186664e-02
1.643613740228674e-02
1.475064774438872e-02
1.331281424254388e-02
1.209729396636881e-02
1.108292981889368e-02
1.025223502873185e-02
9.590993945010321e-03
9.087953386416020e-03
8.734587441429215e-03
8.524924224737633e-03
8.455426921371384e-03
8.524924224737617e-03
8.734587441429185e-03
9.087953386415975e-03
9.590993945010258e-03
1.025223502873178e-02
1.108292981889358e-02
1.209729396636869e-02
1.331281424254374e-02
1.475064774438856e-02
1.643613740228655e-02
1.839948345186641e-02
2.067663373799336e-02
2.331049555880058e-02
2.635264156043447e-02
2.986580565173534e-02
3.392768161223975e-02
3.863690218944003e-02
4.412261654069824e-02
5.055952951435590e-02
5.818873956094547e-02
6.733157390407209e-02
7.831359191665477e-02
9.090058117834003e-02
1.018440328686911e-01
1.005252591546204e-01
9.194198999721458e-02
9.155621516731692e-02
8.366427533795158e-02
7.376909659834037e-02
6.443969377619217e-02
5.626037809620491e-02
4.920742654519568e-02
4.313130453891104e-02
3.788259256889254e-02
3.333608970909834e-02
2.939030511097534e-02
2.596269447864355e-02
2.298531010570828e-02
2.040155218306805e-02
1.816384451351714e-02
1.623196351624641e-02
1.457181073977417e-02
1.315448822596041e-02
1.195558621784085e-02
1.095462516003964e-02
1.013461422981874e-02
9.481701306622757e-03
8.984897340525886e-03
8.635863354900587e-03
8.428751914937799e-03
8.360097468059458e-03
8.428751914937785e-03
8.635863354900559e-03
8.984897340525842e-03
9.481701306622698e-03
1.013461422981866e-02
1.095462516003955e-02
1.195558621784073e-02
1.315448822596027e-02
1.457181073977401e-02
1.623196351624622e-02
1.816384451351692e-02
2.040155218306780e-02
2.298531010570799e-02
2.596269447864322e-02
2.939030511097496e-02
3.333608970909790e-02
3.788259256889204e-02
4.313130453891047e-02
4.920742654519502e-02
5.626037809620414e-02
6.443969377619128e-02
7.376909659833933e-02
8.366427533795037e-02
9.155621516731562e-02
9.194198999721316e-02
9.118060898048477e-02
9.066338698196522e-02
8.302643761064757e-02
7.336305153824985e-02
6.417893635103258e-02
5.608542101898239e-02
4.908419096194851e-02
4.304061886613508e-02
3.781337001224074e-02
3.328164961547033e-02
2.934644202576526e-02
2.592664747552402e-02
2.295519516740917e-02
2.037603805102291e-02
1.814196052927027e-02
1.621298148979726e-02
1.455516980648582e-02
1.313974552949729e-02
1.194238360597206e-02
1.094266608999219e-02
1.012364733656374e-02
9.471508397623771e-03
8.975284363704391e-03
8.626653366583555e-03
8.419779373607153e-03
8.351203366168449e-03
8.419779373607139e-03
8.626653366583527e-03
8.975284363704346e-03
9.471508397623712e-03
1.012364733656367e-02
1.094266608999210e-02
1.194238360597194e-02
1.313974552949716e-02
1.455516980648566e-02
1.621298148979707e-02
1.814196052927005e-02
2.037603805102266e-02
2.295519516740888e-02
2.592664747552369e-02
2.934644202576489e-02
3.328164961546990e-02
3.781337001224024e-02
4.304061886613451e-02
4.908419096194785e-02
5.608542101898162e-02
6.417893635103170e-02
7.336305153824881e-02
8.302643761064638e-02
9.066338698196393e-02
9.118060898048339e-02
end_node_model

begin_node_model "Potential_prev"
DATA
0.000000000000000e+00
0.000000000000000e+00
0.000000000000000e+00
0.000000000000000e+00
0.000000000000000e+00
0.000000000000000e+00
0.000000000000000e+00
0.000000000000000e+00
0.000000000000000e+00
0.000000000000000e+00
0.000000000000000e+00
0.000000000000000e+00
0.000000000000000e+00
0.000000000000000e+00
0.000000000000000e+00
0.000000000000000e+00
0.000000000000000e+00
0.000000000000000e+00
0.000000000000000e+00
0.000000000000000e+00
0.000000000000000e+00
0.000000000000000e+00
0.000000000000000e+00
0.000000000000000e+00
0.000000000000000e+00
0.000000000000000e+00
0.000000000000000e+00
0.000000000000000e+00
0.000000000000000e+00
0.000000000000000e+00
0.000000000000000e+00
0.000000000000000e+00
0.000000000000000e+00
0.000000000000000e+00
0.000000000000000e+00
0.000000000000000e+00
0.000000000000000e+00
0.000000000000000e+00
0.000000000000000e+00
0.000000000000000e+00
0.000000000000000e+00
0.000000000000000e+00
0.000000000000000e+00
0.000000000000000e+00
0.000000000000000e+00
0.000000000000000e+00
0.000000000000000e+00
0.000000000000000e+00
0.000000000000000e+00
0.000000000000000e+00
0.000000000000000e+00
0.000000000000000e+00
0.000000000000000e+00
0.000000000000000e+00
0.000000000000000e+00
0.000000000000000e+00
0.000000000000000e+00
0.000000000000000e+00
0.000000000000000e+00
0.000000000000000e+00
0.000000000000000e+00
0.000000000000000e+00
0.000000000000000e+00
0.000000000000000e+00
0.000000000000000e+00
0.000000000000000e+00
0.000000000000000e+00
0.000000000000000e+00
0.000000000000000e+00
0.000000000000000e+00
0.000000000000000e+00
0.000000000000000e+00
0.000000000000000e+00
0.000000000000000e+00
0.000000000000000e+00
0.000000000000000e+00
0.000000000000000e+00
0.000000000000000e+00
0.000000000000000e+00
0.000000000000000e+00
0.000000000000000e+00
0.000000000000000e+00
0.000000000000000e+00
0.000000000000000e+00
0.000000000000000e+00
0.000000000000000e+00
0.000000000000000e+00
0.000000000000000e+00
0.000000000000000e+00
0.000000000000000e+00
0.000000000000000e+00
0.000000000000000e+00
0.000000000000000e+00
0.000000000000000e+00
0.000000000000000e+00
0.000000000000000e+00
0.000000000000000e+00
0.000000000000000e+00
0.000000000000000e+00
0.000000000000000e+00
0.000000000000000e+00
0.000000000000000e+00
0.000000000000000e+00
0.000000000000000e+00
0.000000000000000e+00
0.000000000000000e+00
0.000000000000000e+00
0.000000000000000e+00
0.000000000000000e+00
0.000000000000000e+00
0.000000000000000e+00
0.000000000000000e+00
0.000000000000000e+00
0.000000000000000e+00
0.000000000000000e+00
0.000000000000000e+00
0.000000000000000e+00
0.000000000000000e+00
0.000000000000000e+00
0.000000000000000e+00
0.000000000000000e+00
0.000000000000000e+00
0.000000000000000e+00
0.000000000000000e+00
0.000000000000000e+00
0.000000000000000e+00
0.000000000000000e+00
0.000000000000000e+00
0.000000000000000e+00
0.000000000000000e+00
0.000000000000000e+00
0.000000000000000e+00
0.000000000000000e+00
0.000000000000000e+00
0.000000000000000e+00
0.000000000000000e+00
0.000000000000000e+00
0.000000000000000e+00
0.000000000000000e+00
0.000000000000000e+00
0.000000000000000e+00
0.000000000000000e+00
0.000000000000000e+00
0.000000000000000e+00
0.000000000000000e+00
0.000000000000000e+00
0.000000000000000e+00
0.000000000000000e+00
0.000000000000000e+00
0.000000000000000e+00
0.000000000000000e+00
0.000000000000000e+00
0.000000000000000e+00
0.000000000000000e+00
0.000000000000000e+00
0.000000000000000e+00
0.000000000000000e+00
0.000000000000000e+00
0.000000000000000e+00
0.000000000000000e+00
0.000000000000000e+00
0.000000000000000e+00
0.000000000000000e+00
0.000000000000000e+00
0.000000000000000e+00
0.000000000000000e+00
0.000000000000000e+00
0.000000000000000e+00
0.000000000000000e+00
0.000000000000000e+00
0.000000000000000e+00
0.000000000000000e+00
0.000000000000000e+00
0.000000000000000e+00
0.000000000000000e+00
0.000000000000000e+00
0.000000000000000e+00
0.000000000000000e+00
0.000000000000000e+00
0.000000000000000e+00
0.000000000000000e+00
0.000000000000000e+00
0.000000000000000e+00
0.000000000000000e+00
0.000000000000000e+00
0.000000000000000e+00
0.000000000000000e+00
0.000000000000000e+00
0.000000000000000e+00
0.000000000000000e+00
0.000000000000000e+00
0.000000000000000e+00
0.000000000000000e+00
0.000000000000000e+00
0.000000000000000e+00
0.000000000000000e+00
0.000000000000000e+00
0.000000000000000e+00
0.000000000000000e+00
0.000000000000000e+00
0.000000000000000e+00
0.000000000000000e+00
0.000000000000000e+00
0.000000000000000e+00
0.000000000000000e+00
0.000000000000000e+00
0.000000000000000e+00
0.000000000000000e+00
0.000000000000000e+00
0.000000000000000e+00
0.000000000000000e+00
0.000000000000000e+00
0.000000000000000e+00
0.000000000000000e+00
0.000000000000000e+00
0.000000000000000e+00
0.000000000000000e+00
0.000000000000000e+00
0.000000000000000e+00
0.000000000000000e+00
0.000000000000000e+00
0.000000000000000e+00
0.000000000000000e+00
0.000000000000000e+00
0.000000000000000e+00
0.000000000000000e+00
0.000000000000000e+00
0.000000000000000e+00
0.000000000000000e+00
0.000000000000000e+00
0.000000000000000e+00
0.000000000000000e+00
0.000000000000000e+00
0.000000000000000e+00
0.000000000000000e+00
0.000000000000000e+00
0.000000000000000e+00
0.000000000000000e+00
0.000000000000000e+00
0.000000000000000e+00
0.000000000000000e+00
0.000000000000000e+00
0.000000000000000e+00
0.000000000000000e+00
0.000000000000000e+00
0.000000000000000e+00
0.000000000000000e+00
0.000000000000000e+00
0.000000000000000e+00
0.000000000000000e+00
0.000000000000000e+00
0.000000000000000e+00
0.000000000000000e+00
0.000000000000000e+00
0.000000000000000e+00
0.000000000000000e+00
0.000000000000000e+00
0.000000000000000e+00
0.000000000000000e+00
0.000000000000000e+00
0.000000000000000e+00
0.000000000000000e+00
0.000000000000000e+00
0.000000000000000e+00
0.000000000000000e+00
0.000000000000000e+00
0.000000000000000e+00
0.000000000000000e+00
0.000000000000000e+00
0.000000000000000e+00
0.000000000000000e+00
0.000000000000000e+00
0.000000000000000e+00
0.000000000000000e+00
0.000000000000000e+00
0.000000000000000e+00
0.000000000000000e+00
0.000000000000000e+00
0.000000000000000e+00
0.000000000000000e+00
0.000000000000000e+00
0.000000000000000e+00
0.000000000000000e+00
0.000000000000000e+00
0.000000000000000e+00
0.000000000000000e+00
0.000000000000000e+00
0.000000000000000e+00
0.000000000000000e+00
0.000000000000000e+00
0.000000000000000e+00
0.000000000000000e+00
0.000000000000000e+00
0.000000000000000e+00
0.000000000000000e+00
0.000000000000000e+00
0.000000000000000e+00
0.000000000000000e+00
0.000000000000000e+00
0.000000000000000e+00
0.000000000000000e+00
0.000000000000000e+00
0.000000000000000e+00
0.000000000000000e+00
0.000000000000000e+00
0.000000000000000e+00
0.000000000000000e+00
0.000000000000000e+00
0.000000000000000e+00
0.000000000000000e+00
0.000000000000000e+00
0.000000000000000e+00
0.000000000000000e+00
0.000000000000000e+00
0.000000000000000e+00
0.000000000000000e+00
0.000000000000000e+00
0.000000000000000e+00
0.000000000000000e+00
0.000000000000000e+00
0.000000000000000e+00
0.000000000000000e+00
0.000000000000000e+00
0.000000000000000e+00
0.000000000000000e+00
0.000000000000000e+00
0.000000000000000e+00
0.000000000000000e+00
0.000000000000000e+00
0.000000000000000e+00
0.000000000000000e+00
0.000000000000000e+00
0.000000000000000e+00
0.000000000000000e+00
0.000000000000000e+00
0.000000000000000e+00
0.000000000000000e+00
0.000000000000000e+00
0.000000000000000e+00
0.000000000000000e+00
0.000000000000000e+00
0.000000000000000e+00
0.000000000000000e+00
0.000000000000000e+00
0.000000000000000e+00
0.000000000000000e+00
0.000000000000000e+00
0.000000000000000e+00
0.000000000000000e+00
0.000000000000000e+00
0.000000000000000e+00
0.000000000000000e+00
0.000000000000000e+00
0.000000000000000e+00
0.000000000000000e+00
0.000000000000000e+00
0.000000000000000e+00
0.000000000000000e+00
0.000000000000000e+00
0.000000000000000e+00
0.000000000000000e+00
0.000000000000000e+00
0.000000000000000e+00
0.000000000000000e+00
0.000000000000000e+00
0.000000000000000e+00
0.000000000000000e+00
0.000000000000000e+00
0.000000000000000e+00
0.000000000000000e+00
0.000000000000000e+00
0.000000000000000e+00
0.000000000000000e+00
0.000000000000000e+00
0.000000000000000e+00
0.000000000000000e+00
0.000000000000000e+00
0.000000000000000e+00
0.000000000000000e+00
0.000000000000000e+00
0.000000000000000e+00
0.000000000000000e+00
0.000000000000000e+00
0.000000000000000e+00
0.000000000000000e+00
0.000000000000000e+00
0.000000000000000e+00
0.000000000000000e+00
0.000000000000000e+00
0.000000000000000e+00
0.000000000000000e+00
0.000000000000000e+00
0.000000000000000e+00
0.000000000000000e+00
0.000000000000000e+00
0.000000000000000e+00
0.000000000000000e+00
0.000000000000000e+00
0.000000000000000e+00
0.000000000000000e+00
0.000000000000000e+00
0.000000000000000e+00
0.000000000000000e+00
0.000000000000000e+00
0.000000000000000e+00
0.000000000000000e+00
0.000000000000000e+00
0.000000000000000e+00
0.000000000000000e+00
0.000000000000000e+00
0.000000000000000e+00
0.000000000000000e+00
0.000000000000000e+00
0.000000000000000e+00
0.000000000000000e+00
0.000000000000000e+00
0.000000000000000e+00
0.000000000000000e+00
0.000000000000000e+00
0.000000000000000e+00
0.000000000000000e+00
0.000000000000000e+00
0.000000000000000e+00
0.000000000000000e+00
0.000000000000000e+00
0.000000000000000e+00
0.000000000000000e+00
0.000000000000000e+00
0.000000000000000e+00
0.000000000000000e+00
0.000000000000000e+00
0.000000000000000e+00
0.000000000000000e+00
0.000000000000000e+00
0.000000000000000e+00
0.000000000000000e+00
0.000000000000000e+00
0.000000000000000e+00
0.000000000000000e+00
0.000000000000000e+00
0.000000000000000e+00
0.000000000000000e+00
0.000000000000000e+00
0.000000000000000e+00
0.000000000000000e+00
0.000000000000000e+00
0.000000000000000e+00
0.000000000000000e+00
0.000000000000000e+00
0.000000000000000e+00
0.000000000000000e+00
0.000000000000000e+00
0.000000000000000e+00
0.000000000000000e+00
0.000000000000000e+00
0.000000000000000e+00
0.000000000000000e+00
0.000000000000000e+00
0.000000000000000e+00
0.000000000000000e+00
0.000000000000000e+00
0.000000000000000e+00
0.000000000000000e+00
0.000000000000000e+00
0.000000000000000e+00
0.000000000000000e+00
0.000000000000000e+00
0.000000000000000e+00
0.000000000000000e+00
0.000000000000000e+00
0.000000000000000e+00
0.000000000000000e+00
0.000000000000000e+00
0.000000000000000e+00
0.000000000000000e+00
0.000000000000000e+00
0.000000000000000e+00
0.000000000000000e+00
0.000000000000000e+00
0.000000000000000e+00
0.000000000000000e+00
0.000000000000000e+00
0.000000000000000e+00
0.000000000000000e+00
0.000000000000000e+00
0.000000000000000e+00
0.000000000000000e+00
0.000000000000000e+00
0.000000000000000e+00
0.000000000000000e+00
0.000000000000000e+00
0.000000000000000e+00
0.000000000000000e+00
0.000000000000000e+00
0.000000000000000e+00
0.000000000000000e+00
0.000000000000000e+00
0.000000000000000e+00
0.000000000000000e+00
0.000000000000000e+00
0.000000000000000e+00
0.000000000000000e+00
0.000000000000000e+00
0.000000000000000e+00
0.000000000000000e+00
0.000000000000000e+00
0.000000000000000e+00
0.000000000000000e+00
0.000000000000000e+00
0.000000000000000e+00
0.000000000000000e+00
0.000000000000000e+00
0.000000000000000e+00
0.000000000000000e+00
0.000000000000000e+00
0.000000000000000e+00
0.000000000000000e+00
0.000000000000000e+00
0.000000000000000e+00
0.000000000000000e+00
0.000000000000000e+00
0.000000000000000e+00
0.000000000000000e+00
0.000000000000000e+00
0.000000000000000e+00
0.000000000000000e+00
0.000000000000000e+00
0.000000000000000e+00
0.000000000000000e+00
0.000000000000000e+00
0.000000000000000e+00
0.000000000000000e+00
0.000000000000000e+00
0.000000000000000e+00
0.000000000000000e+00
0.000000000000000e+00
0.000000000000000e+00
0.000000000000000e+00
0.000000000000000e+00
0.000000000000000e+00
0.000000000000000e+00
0.000000000000000e+00
0.000000000000000e+00
0.000000000000000e+00
0.000000000000000e+00
0.000000000000000e+00
0.000000000000000e+00
0.000000000000000e+00
0.000000000000000e+00
0.000000000000000e+00
0.000000000000000e+00
0.000000000000000e+00
0.000000000000000e+00
0.000000000000000e+00
0.000000000000000e+00
0.000000000000000e+00
0.000000000000000e+00
0.000000000000000e+00
0.000000000000000e+00
0.000000000000000e+00
0.000000000000000e+00
end_node_model

begin_node_model "SurfaceArea"
BUILTIN
end_node_model

begin_node_model "coordinate_index"
DATAPARENT "x"
end_node_model

begin_node_model "node_index"
DATAPARENT "x"
end_node_model

begin_node_model "x"
BUILTIN
end_node_model

begin_node_model "y"
DATAPARENT "x"
end_node_model

begin_node_model "z"
DATAPARENT "x"
end_node_model

begin_edge_model "CylindricalEdgeCouple"
DATAPARENT "ElementCylindricalEdgeCouple"
end_edge_model

begin_edge_model "CylindricalEdgeNodeVolume@n0"
DATAPARENT "ElementCylindricalNodeVolume@en0"
end_edge_model

begin_edge_model "CylindricalEdgeNodeVolume@n1"
DATAPARENT "CylindricalEdgeNodeVolume@n0"
end_edge_model

begin_edge_model "EdgeCouple"
BUILTIN
end_edge_model

begin_edge_model "EdgeInverseLength"
BUILTIN
end_edge_model

begin_edge_model "EdgeLength"
BUILTIN
end_edge_model

begin_edge_model "EdgeNodeVolume"
BUILTIN
end_edge_model

begin_edge_model "ElectricField"
COMMAND edge_model -device "MoS2_GAA" -region "TunnelOxide" -name "ElectricField" -equation "((Potential@n0 - Potential@n1) * EdgeInverseLength);" -display_type "scalar"
end_edge_model

begin_edge_model "ElectricField:Potential@n0"
COMMAND edge_model -device "MoS2_GAA" -region "TunnelOxide" -name "ElectricField:Potential@n0" -equation "EdgeInverseLength;" -display_type "scalar"
end_edge_model

begin_edge_model "ElectricField:Potential@n1"
COMMAND edge_model -device "MoS2_GAA" -region "TunnelOxide" -name "ElectricField:Potential@n1" -equation "(-EdgeInverseLength);" -display_type "scalar"
end_edge_model

begin_edge_model "Potential@n0"
COMMAND edge_from_node_model -device "MoS2_GAA" -region "TunnelOxide" -node_model "Potential"
end_edge_model

begin_edge_model "Potential@n1"
DATAPARENT "Potential@n0"
end_edge_model

begin_edge_model "PotentialEdgeFlux"
COMMAND edge_model -device "MoS2_GAA" -region "TunnelOxide" -name "PotentialEdgeFlux" -equation "(Permittivity * ElectricField);" -display_type "scalar"
end_edge_model

begin_edge_model "PotentialEdgeFlux:Potential@n0"
COMMAND edge_model -device "MoS2_GAA" -region "TunnelOxide" -name "PotentialEdgeFlux:Potential@n0" -equation "(Permittivity * EdgeInverseLength);" -display_type "scalar"
end_edge_model

begin_edge_model "PotentialEdgeFlux:Potential@n1"
COMMAND edge_model -device "MoS2_GAA" -region "TunnelOxide" -name "PotentialEdgeFlux:Potential@n1" -equation "(-Permittivity * EdgeInverseLength);" -display_type "scalar"
end_edge_model

begin_edge_model "edge_index"
BUILTIN
end_edge_model

begin_edge_model "unitx"
BUILTIN
end_edge_model

begin_edge_model "unity"
DATAPARENT "unitx"
end_edge_model

begin_triangle_edge_model "ElectricFieldMagnitude"
COMMAND element_model -device "MoS2_GAA" -region "TunnelOxide" -name "ElectricFieldMagnitude" -equation "pow((pow(ElectricField_x,2) + pow(ElectricField_y,2)),5.000000000000000e-01);"
end_triangle_edge_model

begin_triangle_edge_model "ElectricField_x"
COMMAND element_from_edge_model -device "MoS2_GAA" -region "TunnelOxide" -edge_model "ElectricField"
end_triangle_edge_model

begin_triangle_edge_model "ElectricField_y"
DATAPARENT "ElectricField_x"
end_triangle_edge_model

begin_triangle_edge_model "ElementCylindricalEdgeCouple"
COMMAND element_cylindrical_edge_couple -device "MoS2_GAA" -region "TunnelOxide"
end_triangle_edge_model

begin_triangle_edge_model "ElementCylindricalNodeVolume@en0"
COMMAND element_cylindrical_node_volume -device "MoS2_GAA" -region "TunnelOxide"
end_triangle_edge_model

begin_triangle_edge_model "ElementCylindricalNodeVolume@en1"
DATAPARENT "ElementCylindricalNodeVolume@en0"
end_triangle_edge_model

begin_triangle_edge_model "ElementEdgeCouple"
BUILTIN
end_triangle_edge_model

begin_triangle_edge_model "ElementNodeVolume"
BUILTIN
end_triangle_edge_model

begin_equation "PotentialEquation"
COMMAND equation -device "MoS2_GAA" -region "TunnelOxide" -name "PotentialEquation" -variable_name "Potential" -variable_update "log_damp" -node_model "" -edge_model "PotentialEdgeFlux" -edge_volume_model "" -element_model "" -volume_node0_model "" -volume_node1_model "" -time_node_model ""
end_equation

end_region

begin_contact "drain" "MoS2" "Metal"
begin_equation "ElectronContinuityEquation"
COMMAND contact_equation -device "MoS2_GAA" -contact "drain" -name "ElectronContinuityEquation" -edge_charge_model "" -edge_current_model "ElectronCurrent" -edge_model "" -edge_volume_model "" -element_charge_model "" -element_current_model "" -element_model "" -volume_node0_model "" -volume_node1_model "" -node_charge_model "" -node_current_model "" -node_model "drain_electron_bc" -circuit_node ""
end_equation

begin_equation "PotentialEquation"
COMMAND contact_equation -device "MoS2_GAA" -contact "drain" -name "PotentialEquation" -edge_charge_model "PotentialEdgeFlux" -edge_current_model "" -edge_model "" -edge_volume_model "" -element_charge_model "" -element_current_model "" -element_model "" -volume_node0_model "" -volume_node1_model "" -node_charge_model "" -node_current_model "" -node_model "drain_potential_bc" -circuit_node ""
end_equation

end_contact

begin_contact "gate" "BlockingOxide" "Metal"
begin_edges
1632	1633
1633	1634
1634	1635
1635	1636
1636	1637
1637	1638
1638	1639
1639	1640
1640	1641
1641	1642
1642	1643
1643	1644
1644	1645
1645	1646
1646	1647
1647	1648
1648	1649
1649	1650
1650	1651
1651	1652
1652	1653
1653	1654
1654	1655
1655	1656
1656	1657
1657	1658
1658	1659
1659	1660
1660	1661
1661	1662
1662	1663
1663	1664
1664	1665
1665	1666
1666	1667
1667	1668
1668	1669
1669	1670
1670	1671
1671	1672
1672	1673
1673	1674
1674	1675
1675	1676
1676	1677
1677	1678
1678	1679
1679	1680
1680	1681
1681	1682
end_edges

begin_equation "PotentialEquation"
COMMAND contact_equation -device "MoS2_GAA" -contact "gate" -name "PotentialEquation" -edge_charge_model "PotentialEdgeFlux" -edge_current_model "" -edge_model "" -edge_volume_model "" -element_charge_model "" -element_current_model "" -element_model "" -volume_node0_model "" -volume_node1_model "" -node_charge_model "" -node_current_model "" -node_model "gate_potential_bc" -circuit_node ""
end_equation

end_contact

begin_contact "source" "MoS2" "Metal"
begin_equation "ElectronContinuityEquation"
COMMAND contact_equation -device "MoS2_GAA" -contact "source" -name "ElectronContinuityEquation" -edge_charge_model "" -edge_current_model "ElectronCurrent" -edge_model "" -edge_volume_model "" -element_charge_model "" -element_current_model "" -element_model "" -volume_node0_model "" -volume_node1_model "" -node_charge_model "" -node_current_model "" -node_model "source_electron_bc" -circuit_node ""
end_equation

begin_equation "PotentialEquation"
COMMAND contact_equation -device "MoS2_GAA" -contact "source" -name "PotentialEquation" -edge_charge_model "PotentialEdgeFlux" -edge_current_model "" -edge_model "" -edge_volume_model "" -element_charge_model "" -element_current_model "" -element_model "" -volume_node0_model "" -volume_node1_model "" -node_charge_model "" -node_current_model "" -node_model "source_potential_bc" -circuit_node ""
end_equation

end_contact

begin_interface "ChargeTrap_BlockingOxide" "ChargeTrap" "BlockingOxide"
begin_edges
510	511	0	1
511	512	1	4
512	513	4	6
513	514	6	8
514	515	8	10
515	516	10	12
516	517	12	14
517	518	14	16
518	519	16	18
519	520	18	20
520	521	20	22
521	522	22	24
522	523	24	26
523	524	26	28
524	525	28	30
525	526	30	32
526	527	32	34
527	528	34	36
528	529	36	38
529	530	38	40
530	531	40	42
531	532	42	44
532	533	44	46
533	534	46	48
534	535	48	50
535	536	50	52
536	537	52	54
537	538	54	56
538	539	56	58
539	540	58	60
540	541	60	62
541	542	62	64
542	543	64	66
543	544	66	68
544	545	68	70
545	546	70	72
546	547	72	74
547	548	74	76
548	549	76	78
549	550	78	80
550	551	80	82
551	552	82	84
552	553	84	86
553	554	86	88
554	555	88	90
555	556	90	92
556	557	92	94
557	558	94	96
558	559	96	98
559	560	98	100
end_edges

begin_interface_node_model "ChargeTrap_BlockingOxide_potential_continuity"
COMMAND interface_model -device "MoS2_GAA" -interface "ChargeTrap_BlockingOxide" -name "ChargeTrap_BlockingOxide_potential_continuity" -equation "(Potential@r0 - Potential@r1);"
end_interface_node_model

begin_interface_node_model "ChargeTrap_BlockingOxide_potential_continuity:Potential@r0"
COMMAND interface_model -device "MoS2_GAA" -interface "ChargeTrap_BlockingOxide" -name "ChargeTrap_BlockingOxide_potential_continuity:Potential@r0" -equation "1;"
end_interface_node_model

begin_interface_node_model "ChargeTrap_BlockingOxide_potential_continuity:Potential@r1"
COMMAND interface_model -device "MoS2_GAA" -interface "ChargeTrap_BlockingOxide" -name "ChargeTrap_BlockingOxide_potential_continuity:Potential@r1" -equation "(-1);"
end_interface_node_model

begin_equation "PotentialEquation"
COMMAND interface_equation -device "MoS2_GAA" -interface "ChargeTrap_BlockingOxide" -name "PotentialEquation" -name0 "PotentialEquation" -name1 "PotentialEquation" -interface_model "ChargeTrap_BlockingOxide_potential_continuity" -type "continuous"
end_equation

end_interface

begin_interface "CoreOxide_MoS2" "CoreOxide" "MoS2"
begin_edges
715	716	1	4
716	717	4	6
717	718	6	8
718	719	8	10
719	720	10	12
720	721	12	14
721	722	14	16
722	723	16	18
723	724	18	20
724	725	20	22
725	726	22	24
726	727	24	26
727	728	26	28
728	729	28	30
729	730	30	32
730	731	32	34
731	732	34	36
732	733	36	38
733	734	38	40
734	735	40	42
735	736	42	44
736	737	44	46
737	738	46	48
738	739	48	50
739	740	50	52
740	741	52	54
741	742	54	56
742	743	56	58
743	744	58	60
744	745	60	62
745	746	62	64
746	747	64	66
747	748	66	68
748	749	68	70
749	750	70	72
750	751	72	74
751	752	74	76
752	753	76	78
753	754	78	80
754	755	80	82
755	756	82	84
756	757	84	86
757	758	86	88
758	759	88	90
759	760	90	92
760	761	92	94
761	762	94	96
762	763	96	98
end_edges

begin_interface_node_model "CoreOxide_MoS2_potential_continuity"
COMMAND interface_model -device "MoS2_GAA" -interface "CoreOxide_MoS2" -name "CoreOxide_MoS2_potential_continuity" -equation "(Potential@r0 - Potential@r1);"
end_interface_node_model

begin_interface_node_model "CoreOxide_MoS2_potential_continuity:Potential@r0"
COMMAND interface_model -device "MoS2_GAA" -interface "CoreOxide_MoS2" -name "CoreOxide_MoS2_potential_continuity:Potential@r0" -equation "1;"
end_interface_node_model

begin_interface_node_model "CoreOxide_MoS2_potential_continuity:Potential@r1"
COMMAND interface_model -device "MoS2_GAA" -interface "CoreOxide_MoS2" -name "CoreOxide_MoS2_potential_continuity:Potential@r1" -equation "(-1);"
end_interface_node_model

begin_equation "PotentialEquation"
COMMAND interface_equation -device "MoS2_GAA" -interface "CoreOxide_MoS2" -name "PotentialEquation" -name0 "PotentialEquation" -name1 "PotentialEquation" -interface_model "CoreOxide_MoS2_potential_continuity" -type "continuous"
end_equation

end_interface

begin_interface "MoS2_TunnelOxide" "MoS2" "TunnelOxide"
begin_edges
358	359	1	4
359	360	4	6
360	361	6	8
361	362	8	10
362	363	10	12
363	364	12	14
364	365	14	16
365	366	16	18
366	367	18	20
367	368	20	22
368	369	22	24
369	370	24	26
370	371	26	28
371	372	28	30
372	373	30	32
373	374	32	34
374	375	34	36
375	376	36	38
376	377	38	40
377	378	40	42
378	379	42	44
379	380	44	46
380	381	46	48
381	382	48	50
382	383	50	52
383	384	52	54
384	385	54	56
385	386	56	58
386	387	58	60
387	388	60	62
388	389	62	64
389	390	64	66
390	391	66	68
391	392	68	70
392	393	70	72
393	394	72	74
394	395	74	76
395	396	76	78
396	397	78	80
397	398	80	82
398	399	82	84
399	400	84	86
400	401	86	88
401	402	88	90
402	403	90	92
403	404	92	94
404	405	94	96
405	406	96	98
end_edges

begin_interface_node_model "MoS2_TunnelOxide_potential_continuity"
COMMAND interface_model -device "MoS2_GAA" -interface "MoS2_TunnelOxide" -name "MoS2_TunnelOxide_potential_continuity" -equation "(Potential@r0 - Potential@r1);"
end_interface_node_model

begin_interface_node_model "MoS2_TunnelOxide_potential_continuity:Potential@r0"
COMMAND interface_model -device "MoS2_GAA" -interface "MoS2_TunnelOxide" -name "MoS2_TunnelOxide_potential_continuity:Potential@r0" -equation "1;"
end_interface_node_model

begin_interface_node_model "MoS2_TunnelOxide_potential_continuity:Potential@r1"
COMMAND interface_model -device "MoS2_GAA" -interface "MoS2_TunnelOxide" -name "MoS2_TunnelOxide_potential_continuity:Potential@r1" -equation "(-1);"
end_interface_node_model

begin_equation "PotentialEquation"
COMMAND interface_equation -device "MoS2_GAA" -interface "MoS2_TunnelOxide" -name "PotentialEquation" -name0 "PotentialEquation" -name1 "PotentialEquation" -interface_model "MoS2_TunnelOxide_potential_continuity" -type "continuous"
end_equation

end_interface

begin_interface "TunnelOxide_ChargeTrap" "TunnelOxide" "ChargeTrap"
begin_edges
510	511	0	1
511	512	1	4
512	513	4	6
513	514	6	8
514	515	8	10
515	516	10	12
516	517	12	14
517	518	14	16
518	519	16	18
519	520	18	20
520	521	20	22
521	522	22	24
522	523	24	26
523	524	26	28
524	525	28	30
525	526	30	32
526	527	32	34
527	528	34	36
528	529	36	38
529	530	38	40
530	531	40	42
531	532	42	44
532	533	44	46
533	534	46	48
534	535	48	50
535	536	50	52
536	537	52	54
537	538	54	56
538	539	56	58
539	540	58	60
540	541	60	62
541	542	62	64
542	543	64	66
543	544	66	68
544	545	68	70
545	546	70	72
546	547	72	74
547	548	74	76
548	549	76	78
549	550	78	80
550	551	80	82
551	552	82	84
552	553	84	86
553	554	86	88
554	555	88	90
555	556	90	92
556	557	92	94
557	558	94	96
558	559	96	98
559	560	98	100
end_edges

begin_interface_node_model "TunnelOxide_ChargeTrap_potential_continuity"
COMMAND interface_model -device "MoS2_GAA" -interface "TunnelOxide_ChargeTrap" -name "TunnelOxide_ChargeTrap_potential_continuity" -equation "(Potential@r0 - Potential@r1);"
end_interface_node_model

begin_interface_node_model "TunnelOxide_ChargeTrap_potential_continuity:Potential@r0"
COMMAND interface_model -device "MoS2_GAA" -interface "TunnelOxide_ChargeTrap" -name "TunnelOxide_ChargeTrap_potential_continuity:Potential@r0" -equation "1;"
end_interface_node_model

begin_interface_node_model "TunnelOxide_ChargeTrap_potential_continuity:Potential@r1"
COMMAND interface_model -device "MoS2_GAA" -interface "TunnelOxide_ChargeTrap" -name "TunnelOxide_ChargeTrap_potential_continuity:Potential@r1" -equation "(-1);"
end_interface_node_model

begin_equation "PotentialEquation"
COMMAND interface_equation -device "MoS2_GAA" -interface "TunnelOxide_ChargeTrap" -name "PotentialEquation" -name0 "PotentialEquation" -name1 "PotentialEquation" -interface_model "TunnelOxide_ChargeTrap_potential_continuity" -type "continuous"
end_equation

end_interface

end_device
